PERMNO,date,prc
57665,20010102,54.125
57665,20010103,55.9375
57665,20010104,57.375
57665,20010105,54.875
57665,20010108,57.625
57665,20010109,59.4375
57665,20010110,58.125
57665,20010111,57.75
57665,20010112,56.4375
57665,20010116,55.6875
57665,20010117,55.8125
57665,20010118,56.0625
57665,20010119,52.4375
57665,20010122,52.9375
57665,20010123,53.125
57665,20010124,52.375
57665,20010125,54.1875
57665,20010126,53
57665,20010129,52.67
57665,20010130,53.02
57665,20010131,55.02
57665,20010201,54.75
57665,20010202,54.95
57665,20010205,55.3
57665,20010206,56.85
57665,20010207,56.68
57665,20010208,55.18
57665,20010209,54.7
57665,20010212,54.48
57665,20010213,56.14
57665,20010214,55.2
57665,20010215,52.42
57665,20010216,51.82
57665,20010220,47.81
57665,20010221,47.1
57665,20010222,48.05
57665,20010223,49
57665,20010226,49.17
57665,20010227,39.6
57665,20010228,39.05
57665,20010301,38.2
57665,20010302,37.91
57665,20010305,37.99
57665,20010306,39.23
57665,20010307,40.4
57665,20010308,40.5
57665,20010309,40.11
57665,20010312,39.17
57665,20010313,37.83
57665,20010314,36.81
57665,20010315,36.54
57665,20010316,36.5
57665,20010319,36.3
57665,20010320,38.01
57665,20010321,40.2
57665,20010322,39.81
57665,20010323,40.47
57665,20010326,39.59
57665,20010327,39.95
57665,20010328,39.73
57665,20010329,40.23
57665,20010330,40.55
57665,20010402,41.19
57665,20010403,39.41
57665,20010404,39.98
57665,20010405,39.6
57665,20010406,39.37
57665,20010409,39.5
57665,20010410,39.42
57665,20010411,38.05
57665,20010412,37.46
57665,20010416,36.95
57665,20010417,37.2
57665,20010418,38.24
57665,20010419,39.6
57665,20010420,39.74
57665,20010423,39.8
57665,20010424,38.25
57665,20010425,38.98
57665,20010426,39.83
57665,20010427,41.62
57665,20010430,41.81
57665,20010501,40.58
57665,20010502,41.56
57665,20010503,40.94
57665,20010504,40.62
57665,20010507,40.52
57665,20010508,40.96
57665,20010509,40.02
57665,20010510,39.38
57665,20010511,38.39
57665,20010514,38.86
57665,20010515,39.6
57665,20010516,42.01
57665,20010517,42.3
57665,20010518,42.4
57665,20010521,43.68
57665,20010522,45.09
57665,20010523,43.7
57665,20010524,43.75
57665,20010525,43.48
57665,20010529,42.46
57665,20010530,41
57665,20010531,41.1
57665,20010601,41.31
57665,20010604,41.16
57665,20010605,41.42
57665,20010606,41.4
57665,20010607,42.34
57665,20010608,41.62
57665,20010611,41.19
57665,20010612,41.87
57665,20010613,41.35
57665,20010614,41.45
57665,20010615,40.91
57665,20010618,40.81
57665,20010619,42.61
57665,20010620,42
57665,20010621,43.53
57665,20010622,44.55
57665,20010625,44
57665,20010626,42.75
57665,20010627,42.66
57665,20010628,41.98
57665,20010629,41.99
57665,20010702,42.15
57665,20010703,42.52
57665,20010705,42.09
57665,20010706,41.8
57665,20010709,41.5
57665,20010710,41.13
57665,20010711,42.36
57665,20010712,45
57665,20010713,45.13
57665,20010716,46.4
57665,20010717,46.95
57665,20010718,45.99
57665,20010719,47.74
57665,20010720,47.36
57665,20010723,46.22
57665,20010724,46.05
57665,20010725,46.78
57665,20010726,47.84
57665,20010727,46.8
57665,20010730,46.1
57665,20010731,47.55
57665,20010801,47.81
57665,20010802,49.79
57665,20010803,50.15
57665,20010806,47.53
57665,20010807,47.77
57665,20010808,48
57665,20010809,48.65
57665,20010810,49.44
57665,20010813,49.68
57665,20010814,49.5
57665,20010815,48.75
57665,20010816,49.01
57665,20010817,48.73
57665,20010820,48.21
57665,20010821,48.64
57665,20010822,48.9
57665,20010823,49.23
57665,20010824,51.28
57665,20010827,50.5
57665,20010828,50.5
57665,20010829,50.25
57665,20010830,49.51
57665,20010831,50
57665,20010904,50.75
57665,20010905,50.5
57665,20010906,50.13
57665,20010907,48.51
57665,20010910,48.65
57665,20010917,44.05
57665,20010918,43.04
57665,20010919,42.75
57665,20010920,42.26
57665,20010921,43.68
57665,20010924,46.41
57665,20010925,45.65
57665,20010926,45.45
57665,20010927,45.55
57665,20010928,46.81
57665,20011001,46.89
57665,20011002,48.06
57665,20011003,48.95
57665,20011004,47.62
57665,20011005,47.8
57665,20011008,47.4
57665,20011009,46.76
57665,20011010,48.25
57665,20011011,47.91
57665,20011012,48.08
57665,20011015,47.65
57665,20011016,47.53
57665,20011017,47.43
57665,20011018,47.62
57665,20011019,48.13
57665,20011022,49.32
57665,20011023,49.13
57665,20011024,48.78
57665,20011025,48.99
57665,20011026,49.64
57665,20011029,48.85
57665,20011030,48.06
57665,20011031,49.36
57665,20011101,48.98
57665,20011102,49.18
57665,20011105,49.48
57665,20011106,49.97
57665,20011107,49.74
57665,20011108,49.84
57665,20011109,49.55
57665,20011112,49.37
57665,20011113,49.98
57665,20011114,51.56
57665,20011115,52.44
57665,20011116,52.95
57665,20011119,53.24
57665,20011120,53.54
57665,20011121,53.55
57665,20011123,53.4
57665,20011126,52.29
57665,20011127,52.26
57665,20011128,51.76
57665,20011129,51.4
57665,20011130,52.99
57665,20011203,52.89
57665,20011204,52.97
57665,20011205,54.77
57665,20011206,56.34
57665,20011207,55.04
57665,20011210,54.42
57665,20011211,55
57665,20011212,54.5
57665,20011213,54.83
57665,20011214,53.85
57665,20011217,52.31
57665,20011218,52.78
57665,20011219,54.61
57665,20011220,53.79
57665,20011221,56.3
57665,20011224,57.05
57665,20011226,57.1
57665,20011227,56.75
57665,20011228,56.48
57665,20011231,56.24
57665,20020102,56.92
57665,20020103,56.5
57665,20020104,57
57665,20020107,57.19
57665,20020108,57.35
57665,20020109,56.54
57665,20020110,57.03
57665,20020111,55.43
57665,20020114,54.7
57665,20020115,57.3
57665,20020116,56.2
57665,20020117,57.38
57665,20020118,57.55
57665,20020122,58
57665,20020123,58.16
57665,20020124,58.74
57665,20020125,58.61
57665,20020128,58.23
57665,20020129,57.8
57665,20020130,61
57665,20020131,59.91
57665,20020201,60.02
57665,20020204,59.46
57665,20020205,59.99
57665,20020206,60.1
57665,20020207,60.05
57665,20020208,59.1
57665,20020211,60.44
57665,20020212,60.16
57665,20020213,60.4
57665,20020214,60.48
57665,20020215,59.51
57665,20020219,58.34
57665,20020220,58.53
57665,20020221,57.5
57665,20020222,59.4
57665,20020225,59.74
57665,20020226,59.43
57665,20020227,58.52
57665,20020228,58.86
57665,20020301,58.85
57665,20020304,59.24
57665,20020305,58.02
57665,20020306,58.6
57665,20020307,58.8
57665,20020308,58.2
57665,20020311,58.49
57665,20020312,58.49
57665,20020313,60.7
57665,20020314,62.76
57665,20020315,62.75
57665,20020318,63.5
57665,20020319,63.4
57665,20020320,63.99
57665,20020321,63.2
57665,20020322,59.5
57665,20020325,60.07
57665,20020326,60.5
57665,20020327,61
57665,20020328,60.01
57665,20020401,58.74
57665,20020402,57.66
57665,20020403,58.2
57665,20020404,58.03
57665,20020405,58.87
57665,20020408,58.55
57665,20020409,58.67
57665,20020410,58.51
57665,20020411,57.55
57665,20020412,57.86
57665,20020415,57.04
57665,20020416,58.74
57665,20020417,57.4
57665,20020418,55.4
57665,20020419,56.82
57665,20020422,57
57665,20020423,57.42
57665,20020424,56
57665,20020425,55.49
57665,20020426,54.75
57665,20020429,53.9
57665,20020430,53.33
57665,20020501,54.68
57665,20020502,55.23
57665,20020503,55.34
57665,20020506,54
57665,20020507,55.14
57665,20020508,56.05
57665,20020509,54.9
57665,20020510,52.9
57665,20020513,53.7
57665,20020514,55.16
57665,20020515,54.46
57665,20020516,55.85
57665,20020517,55.84
57665,20020520,54.4
57665,20020521,53.76
57665,20020522,52.75
57665,20020523,54.75
57665,20020524,54
57665,20020528,53.7
57665,20020529,53.57
57665,20020530,53.54
57665,20020531,53.75
57665,20020603,52.06
57665,20020604,50.39
57665,20020605,50.8
57665,20020606,50.35
57665,20020607,50.14
57665,20020610,50.28
57665,20020611,50.4
57665,20020612,50.35
57665,20020613,50
57665,20020614,49.75
57665,20020617,52.36
57665,20020618,53
57665,20020619,53
57665,20020620,52
57665,20020621,50.75
57665,20020624,50.9
57665,20020625,49.6
57665,20020626,49.08
57665,20020627,51.42
57665,20020628,53.65
57665,20020701,54.6
57665,20020702,54.7
57665,20020703,55.05
57665,20020705,56.28
57665,20020708,56.76
57665,20020709,56
57665,20020710,55.67
57665,20020711,52.65
57665,20020712,53.18
57665,20020715,52.4
57665,20020716,54.04
57665,20020717,53.5
57665,20020718,51.06
57665,20020719,48.98
57665,20020722,47.54
57665,20020723,46.35
57665,20020724,48.4
57665,20020725,48.59
57665,20020726,48.71
57665,20020729,50.85
57665,20020730,50.3
57665,20020731,49.29
57665,20020801,47
57665,20020802,45.48
57665,20020805,43.91
57665,20020806,44.6
57665,20020807,44.56
57665,20020808,44.99
57665,20020809,43.92
57665,20020812,42.77
57665,20020813,43
57665,20020814,44.25
57665,20020815,45.3
57665,20020816,44.05
57665,20020819,43.58
57665,20020820,44.8
57665,20020821,45.49
57665,20020822,46.15
57665,20020823,45.8
57665,20020826,45.9
57665,20020827,45.31
57665,20020828,44.53
57665,20020829,42.98
57665,20020830,43.18
57665,20020903,42.18
57665,20020904,42.17
57665,20020905,41.87
57665,20020906,41.88
57665,20020909,40.95
57665,20020910,42.13
57665,20020911,43
57665,20020912,41.78
57665,20020913,41.73
57665,20020916,42.21
57665,20020917,41.7
57665,20020918,43.05
57665,20020919,44.01
57665,20020920,44.1
57665,20020923,42.3
57665,20020924,42.21
57665,20020925,44.37
57665,20020926,45.61
57665,20020927,43.86
57665,20020930,43.18
57665,20021001,43.48
57665,20021002,43.1
57665,20021003,42.04
57665,20021004,41.94
57665,20021007,39.96
57665,20021008,40.01
57665,20021009,39.32
57665,20021010,39.83
57665,20021011,41.86
57665,20021014,42.58
57665,20021015,44.95
57665,20021016,43.08
57665,20021017,44.5
57665,20021018,43.45
57665,20021021,45.54
57665,20021022,45.3
57665,20021023,45.24
57665,20021024,45.6
57665,20021025,46.99
57665,20021028,46.71
57665,20021029,46.27
57665,20021030,47.1
57665,20021031,47.19
57665,20021101,47.45
57665,20021104,47.35
57665,20021105,46.12
57665,20021106,45.22
57665,20021107,44.54
57665,20021108,44.01
57665,20021111,42.84
57665,20021112,43.85
57665,20021113,43.62
57665,20021114,45.23
57665,20021115,45.56
57665,20021118,45.29
57665,20021119,44.55
57665,20021120,45.72
57665,20021121,45.07
57665,20021122,43.75
57665,20021125,44.57
57665,20021126,43.94
57665,20021127,45.09
57665,20021129,44.78
57665,20021202,46.55
57665,20021203,46.5
57665,20021204,46.1
57665,20021205,45.35
57665,20021206,45.12
57665,20021209,43.56
57665,20021210,43.29
57665,20021211,43.16
57665,20021212,43.8
57665,20021213,42.53
57665,20021216,44.23
57665,20021217,42.7
57665,20021218,41.93
57665,20021219,41.53
57665,20021220,45.1
57665,20021223,44.3
57665,20021224,44.05
57665,20021226,44.14
57665,20021227,43.53
57665,20021230,44.52
57665,20021231,44.47
57665,20030102,46.1
57665,20030103,45.15
57665,20030106,45.78
57665,20030107,45.66
57665,20030108,46.02
57665,20030109,47.2
57665,20030110,47.53
57665,20030113,47.1
57665,20030114,46.68
57665,20030115,45.95
57665,20030116,45.52
57665,20030117,45.05
57665,20030121,43.84
57665,20030122,43.42
57665,20030123,44.64
57665,20030124,43.4
57665,20030127,43.56
57665,20030128,44.61
57665,20030129,45.67
57665,20030130,44.93
57665,20030131,44.54
57665,20030203,44.17
57665,20030204,43.68
57665,20030205,43.29
57665,20030206,43.18
57665,20030207,42.4
57665,20030210,43.34
57665,20030211,43.85
57665,20030212,43.67
57665,20030213,43.98
57665,20030214,45.14
57665,20030218,45.56
57665,20030219,45.47
57665,20030220,45.68
57665,20030221,46.36
57665,20030224,45.27
57665,20030225,45.41
57665,20030226,45.07
57665,20030227,46.23
57665,20030228,46.37
57665,20030303,46.68
57665,20030304,45.66
57665,20030305,46.58
57665,20030306,46.61
57665,20030307,49.1
57665,20030310,47.27
57665,20030311,47.55
57665,20030312,48.15
57665,20030313,49
57665,20030314,49.75
57665,20030317,51.57
57665,20030318,48.99
57665,20030319,50.08
57665,20030320,52.85
57665,20030321,53.3
57665,20030324,52.11
57665,20030325,52.89
57665,20030326,52.06
57665,20030327,52.21
57665,20030328,53.04
57665,20030331,51.42
57665,20030401,50.8
57665,20030402,52.3
57665,20030403,52.17
57665,20030404,51.5
57665,20030407,51.42
57665,20030408,51.87
57665,20030409,51.78
57665,20030410,52.67
57665,20030411,52.59
57665,20030414,53.25
57665,20030415,53.77
57665,20030416,52.35
57665,20030417,52.3
57665,20030421,51.86
57665,20030422,53.15
57665,20030423,53.75
57665,20030424,53.06
57665,20030425,52.22
57665,20030428,53.97
57665,20030429,54.27
57665,20030430,53.53
57665,20030501,52.71
57665,20030502,53.64
57665,20030505,52.75
57665,20030506,54.23
57665,20030507,54.12
57665,20030508,53.37
57665,20030509,54.05
57665,20030512,54.47
57665,20030513,54.75
57665,20030514,53.95
57665,20030515,53.88
57665,20030516,52.86
57665,20030519,52.27
57665,20030520,52.54
57665,20030521,51.85
57665,20030522,52.24
57665,20030523,51.84
57665,20030527,53.9
57665,20030528,54.62
57665,20030529,54.74
57665,20030530,55.99
57665,20030602,55.97
57665,20030603,54.75
57665,20030604,55.88
57665,20030605,55.74
57665,20030606,55.45
57665,20030609,55.28
57665,20030610,55.91
57665,20030611,55.3
57665,20030612,55.2
57665,20030613,54.55
57665,20030616,55
57665,20030617,55.67
57665,20030618,56.13
57665,20030619,56.32
57665,20030620,56.02
57665,20030623,55.37
57665,20030624,56.63
57665,20030625,56.9
57665,20030626,56.93
57665,20030627,53.08
57665,20030630,53.49
57665,20030701,53.88
57665,20030702,53.85
57665,20030703,53.51
57665,20030707,53.88
57665,20030708,53.71
57665,20030709,53
57665,20030710,53.66
57665,20030711,53.63
57665,20030714,53.7
57665,20030715,53.09
57665,20030716,53.06
57665,20030717,52.24
57665,20030718,52
57665,20030721,51.1
57665,20030722,51.45
57665,20030723,51.97
57665,20030724,52.5
57665,20030725,52.68
57665,20030728,51.98
57665,20030729,51.79
57665,20030730,51.26
57665,20030731,51.74
57665,20030801,50.7
57665,20030804,50.62
57665,20030805,49.79
57665,20030806,49.7
57665,20030807,50.6
57665,20030808,52.81
57665,20030811,52.78
57665,20030812,53.73
57665,20030813,54.38
57665,20030814,54.8
57665,20030815,55.25
57665,20030818,55.08
57665,20030819,54.65
57665,20030820,54.33
57665,20030821,55.19
57665,20030822,54.7
57665,20030825,55.25
57665,20030826,55.42
57665,20030827,55.67
57665,20030828,56.12
57665,20030829,56.98
57665,20030902,57.48
57665,20030903,57.24
57665,20030904,56.8
57665,20030905,56.29
57665,20030908,56.85
57665,20030909,56.28
57665,20030910,55.39
57665,20030911,55.79
57665,20030912,55.68
57665,20030915,56.35
57665,20030916,56.56
57665,20030917,57.12
57665,20030918,57.25
57665,20030919,61.5
57665,20030922,61.28
57665,20030923,61.12
57665,20030924,60.85
57665,20030925,60.4
57665,20030926,60.85
57665,20030929,60.98
57665,20030930,60.82
57665,20031001,61.87
57665,20031002,62.39
57665,20031003,63.1
57665,20031006,62.81
57665,20031007,63.56
57665,20031008,63.98
57665,20031009,63.92
57665,20031010,63.26
57665,20031013,64.34
57665,20031014,64.45
57665,20031015,64.54
57665,20031016,64.65
57665,20031017,63.87
57665,20031020,63.85
57665,20031021,63.57
57665,20031022,62.62
57665,20031023,62.8
57665,20031024,62.03
57665,20031027,62.25
57665,20031028,63.8
57665,20031029,63.27
57665,20031030,63.11
57665,20031031,63.9
57665,20031103,63.91
57665,20031104,63.55
57665,20031105,63.26
57665,20031106,62.68
57665,20031107,63
57665,20031110,62.05
57665,20031111,61.92
57665,20031112,61.96
57665,20031113,61.84
57665,20031114,61.8
57665,20031117,61.8
57665,20031118,61.83
57665,20031119,61.19
57665,20031120,62.6
57665,20031121,63.31
57665,20031124,64.67
57665,20031125,67.17
57665,20031126,67.35
57665,20031128,67.25
57665,20031201,67.85
57665,20031202,67.2
57665,20031203,66
57665,20031204,65.26
57665,20031205,65.54
57665,20031208,65.58
57665,20031209,64.89
57665,20031210,64.06
57665,20031211,64.69
57665,20031212,64.42
57665,20031215,64.22
57665,20031216,65.11
57665,20031217,66.01
57665,20031218,66.8
57665,20031219,66.93
57665,20031222,67.3
57665,20031223,67.65
57665,20031224,67.53
57665,20031226,67.85
57665,20031229,67.84
57665,20031230,68.06
57665,20031231,68.46
57665,20040102,67.61
57665,20040105,67.55
57665,20040106,67.49
57665,20040107,67.72
57665,20040108,68.4
57665,20040109,67.87
57665,20040112,68.85
57665,20040113,69.1
57665,20040114,69.18
57665,20040115,69.05
57665,20040116,69.36
57665,20040120,69.86
57665,20040121,70.47
57665,20040122,69.67
57665,20040123,69.58
57665,20040126,69.9
57665,20040127,69.61
57665,20040128,68.63
57665,20040129,68.53
57665,20040130,69.66
57665,20040202,70.25
57665,20040203,70.05
57665,20040204,70.69
57665,20040205,70.73
57665,20040206,71.06
57665,20040209,71.67
57665,20040210,72.24
57665,20040211,73.2
57665,20040212,72.36
57665,20040213,72.32
57665,20040217,73
57665,20040218,72.44
57665,20040219,72.4
57665,20040220,71.66
57665,20040223,72.6
57665,20040224,74.26
57665,20040225,74.37
57665,20040226,73.9
57665,20040227,73.25
57665,20040301,73.53
57665,20040302,73.86
57665,20040303,73.83
57665,20040304,74.72
57665,20040305,74.83
57665,20040308,74.49
57665,20040309,76.66
57665,20040310,76.65
57665,20040311,74.68
57665,20040312,74.8
57665,20040315,74.4
57665,20040316,75.11
57665,20040317,76.15
57665,20040318,76.82
57665,20040319,76.87
57665,20040322,76.58
57665,20040323,76.3
57665,20040324,76.6
57665,20040325,76.48
57665,20040326,76.25
57665,20040329,76.6
57665,20040330,76.82
57665,20040331,77.87
57665,20040401,76.39
57665,20040402,76.64
57665,20040405,78.08
57665,20040406,77.39
57665,20040407,76.75
57665,20040408,76.77
57665,20040412,77.24
57665,20040413,76.38
57665,20040414,75.81
57665,20040415,75.59
57665,20040416,75.91
57665,20040419,76.32
57665,20040420,75.75
57665,20040421,75.45
57665,20040422,75.67
57665,20040423,75.17
57665,20040426,73.54
57665,20040427,74.45
57665,20040428,73.61
57665,20040429,72.14
57665,20040430,71.95
57665,20040503,71.08
57665,20040504,70.45
57665,20040505,70.75
57665,20040506,68.35
57665,20040507,66.57
57665,20040510,66.4
57665,20040511,67.54
57665,20040512,68
57665,20040513,68.15
57665,20040514,67.69
57665,20040517,66.05
57665,20040518,66.5
57665,20040519,66.54
57665,20040520,66.43
57665,20040521,67.48
57665,20040524,68.95
57665,20040525,70.65
57665,20040526,70.89
57665,20040527,70.94
57665,20040528,71.15
57665,20040601,71.03
57665,20040602,70.64
57665,20040603,70.2
57665,20040604,69.28
57665,20040607,70.31
57665,20040608,70.48
57665,20040609,70.5
57665,20040610,71.25
57665,20040614,71.23
57665,20040615,71.68
57665,20040616,71.92
57665,20040617,71.8
57665,20040618,71.62
57665,20040621,71.19
57665,20040622,71.7
57665,20040623,72.29
57665,20040624,72.4
57665,20040625,75.31
57665,20040628,75.9
57665,20040629,75.38
57665,20040630,75.75
57665,20040701,75.29
57665,20040702,75.31
57665,20040706,74.97
57665,20040707,75.16
57665,20040708,73.86
57665,20040709,74.49
57665,20040712,74.11
57665,20040713,73.9
57665,20040714,72.75
57665,20040715,73.21
57665,20040716,73.5
57665,20040719,72.49
57665,20040720,72.6
57665,20040721,71.67
57665,20040722,71.44
57665,20040723,70.27
57665,20040726,69.96
57665,20040727,70.75
57665,20040728,70.8
57665,20040729,72.9
57665,20040730,72.71
57665,20040802,73.64
57665,20040803,72.7
57665,20040804,73.1
57665,20040805,71.06
57665,20040806,69.31
57665,20040809,69.97
57665,20040810,70.86
57665,20040811,70.32
57665,20040812,69.57
57665,20040813,69.69
57665,20040816,71.8
57665,20040817,71.6
57665,20040818,72.98
57665,20040819,73.65
57665,20040820,74.26
57665,20040823,73.94
57665,20040824,74.47
57665,20040825,75.05
57665,20040826,75.96
57665,20040827,75.95
57665,20040830,74.73
57665,20040831,75.31
57665,20040901,76.08
57665,20040902,76.68
57665,20040903,76.81
57665,20040907,77.2
57665,20040908,77.35
57665,20040909,74.93
57665,20040910,75.65
57665,20040913,75.53
57665,20040914,75.68
57665,20040915,76.3
57665,20040916,77
57665,20040917,76.56
57665,20040920,78
57665,20040921,79.35
57665,20040922,78.96
57665,20040923,79.09
57665,20040924,79.7
57665,20040927,79.3
57665,20040928,79.7
57665,20040929,78.53
57665,20040930,78.8
57665,20041001,79.88
57665,20041004,79.78
57665,20041005,79.69
57665,20041006,80.07
57665,20041007,79.61
57665,20041008,79.09
57665,20041011,79.07
57665,20041012,78.03
57665,20041013,77.58
57665,20041014,77.37
57665,20041015,78.1
57665,20041018,79.9
57665,20041019,80.27
57665,20041020,79.65
57665,20041021,80.79
57665,20041022,79.11
57665,20041025,79.92
57665,20041026,80.78
57665,20041027,81.5
57665,20041028,81.11
57665,20041029,81.31
57665,20041101,81.6
57665,20041102,82.24
57665,20041103,83.07
57665,20041104,85.37
57665,20041105,86.12
57665,20041108,84.62
57665,20041109,84.81
57665,20041110,84.3
57665,20041111,84.99
57665,20041112,86.4
57665,20041115,86.43
57665,20041116,85.48
57665,20041117,85.99
57665,20041118,85
57665,20041119,82.5
57665,20041122,83.74
57665,20041123,84.84
57665,20041124,85.43
57665,20041126,85.09
57665,20041129,85.74
57665,20041130,84.66
57665,20041201,86.55
57665,20041202,86.7
57665,20041203,86.72
57665,20041206,86.66
57665,20041207,85.82
57665,20041208,86.7
57665,20041209,87.52
57665,20041210,87
57665,20041213,87.05
57665,20041214,86.53
57665,20041215,85.85
57665,20041216,85.9
57665,20041217,91.7
57665,20041220,91.5
57665,20041221,91.41
57665,20041222,91.08
57665,20041223,91.63
57665,20041227,90.85
57665,20041228,91.49
57665,20041229,90.57
57665,20041230,90.98
57665,20041231,90.69
57665,20050103,90.69
57665,20050104,89.4
57665,20050105,88.33
57665,20050106,88.22
57665,20050107,87.7
57665,20050110,88.57
57665,20050111,88.15
57665,20050112,88.59
57665,20050113,88.02
57665,20050114,88.95
57665,20050118,88.7
57665,20050119,88.55
57665,20050120,86.8
57665,20050121,86.3
57665,20050124,86.31
57665,20050125,85.89
57665,20050126,85.15
57665,20050127,86.45
57665,20050128,86.49
57665,20050131,86.63
57665,20050201,87.07
57665,20050202,86.7
57665,20050203,86.6
57665,20050204,87.04
57665,20050207,86.2
57665,20050208,83.95
57665,20050209,83.26
57665,20050210,83.96
57665,20050211,84.65
57665,20050214,85.21
57665,20050215,85.29
57665,20050216,85.43
57665,20050217,85.2
57665,20050218,85.51
57665,20050222,83.9
57665,20050223,84.9
57665,20050224,86.5
57665,20050225,87.25
57665,20050228,86.95
57665,20050301,87.8
57665,20050302,87.31
57665,20050303,87.25
57665,20050304,87.6
57665,20050307,87.18
57665,20050308,86.5
57665,20050309,86.27
57665,20050310,86.69
57665,20050311,86.6
57665,20050314,85.76
57665,20050315,87.15
57665,20050316,86.44
57665,20050317,86.83
57665,20050318,85.4
57665,20050321,83.9
57665,20050322,82.54
57665,20050323,81.44
57665,20050324,83.62
57665,20050328,83.22
57665,20050329,81.67
57665,20050330,82.35
57665,20050331,83.31
57665,20050401,83
57665,20050404,82.1
57665,20050405,83.09
57665,20050406,82.69
57665,20050407,82.56
57665,20050408,82.31
57665,20050411,82.24
57665,20050412,82.36
57665,20050413,79.75
57665,20050414,78.01
57665,20050415,75.86
57665,20050418,75.93
57665,20050419,77.43
57665,20050420,76.44
57665,20050421,78.56
57665,20050422,77.82
57665,20050425,78.33
57665,20050426,77.61
57665,20050427,78.07
57665,20050428,76.93
57665,20050429,76.81
57665,20050502,77.12
57665,20050503,77.75
57665,20050504,77.65
57665,20050505,77.74
57665,20050506,77.78
57665,20050509,78.73
57665,20050510,77.6
57665,20050511,77.84
57665,20050512,76.84
57665,20050513,76.45
57665,20050516,77.01
57665,20050517,78.77
57665,20050518,81.92
57665,20050519,83.19
57665,20050520,82.09
57665,20050523,82.48
57665,20050524,82.72
57665,20050525,81.61
57665,20050526,81.94
57665,20050527,82.43
57665,20050531,82.2
57665,20050601,83.14
57665,20050602,83.82
57665,20050603,83.75
57665,20050606,84.33
57665,20050607,84.8
57665,20050608,84.92
57665,20050609,85.65
57665,20050610,85.96
57665,20050613,87.14
57665,20050614,86.55
57665,20050615,87.64
57665,20050616,88.15
57665,20050617,88.38
57665,20050620,88.38
57665,20050621,88.85
57665,20050622,89.39
57665,20050623,90.1
57665,20050624,89.35
57665,20050627,85.77
57665,20050628,88
57665,20050629,87.32
57665,20050630,86.6
57665,20050701,86.01
57665,20050705,86.71
57665,20050706,85.58
57665,20050707,85.3
57665,20050708,86.24
57665,20050711,87.09
57665,20050712,87.03
57665,20050713,87.08
57665,20050714,87.59
57665,20050715,88.5
57665,20050718,87.91
57665,20050719,87.88
57665,20050720,88.44
57665,20050721,86.77
57665,20050722,86.63
57665,20050725,85.23
57665,20050726,84.4
57665,20050727,84
57665,20050728,84.5
57665,20050729,83.8
57665,20050801,82.86
57665,20050802,85.83
57665,20050803,86.92
57665,20050804,85.2
57665,20050805,85.03
57665,20050808,84.31
57665,20050809,83.7
57665,20050810,82.7
57665,20050811,81.96
57665,20050812,81.58
57665,20050815,82.17
57665,20050816,80.8
57665,20050817,79.96
57665,20050818,80.74
57665,20050819,80.34
57665,20050822,79.27
57665,20050823,79.06
57665,20050824,79.7
57665,20050825,79.87
57665,20050826,79.72
57665,20050829,79.44
57665,20050830,78.3
57665,20050831,78.91
57665,20050901,78.25
57665,20050902,77.02
57665,20050906,77.93
57665,20050907,77.07
57665,20050908,78.51
57665,20050909,78.52
57665,20050912,80
57665,20050913,79.28
57665,20050914,78.49
57665,20050915,78.94
57665,20050916,78.46
57665,20050919,83.45
57665,20050920,80
57665,20050921,79.4
57665,20050922,80.95
57665,20050923,81.27
57665,20050926,81.35
57665,20050927,81.6
57665,20050928,81.3
57665,20050929,81.1
57665,20050930,81.68
57665,20051003,82.3
57665,20051004,82.65
57665,20051005,81.49
57665,20051006,82.1
57665,20051007,82.77
57665,20051010,82.58
57665,20051011,82.98
57665,20051012,81.92
57665,20051013,80.76
57665,20051014,81.7
57665,20051017,82.17
57665,20051018,81.45
57665,20051019,82.45
57665,20051020,83.2
57665,20051021,83.48
57665,20051024,84.1
57665,20051025,83.52
57665,20051026,83.83
57665,20051027,82.4
57665,20051028,82.8
57665,20051031,84.05
57665,20051101,84.01
57665,20051102,85.55
57665,20051103,87.1
57665,20051104,87.8
57665,20051107,88
57665,20051108,86.82
57665,20051109,86.61
57665,20051110,87.32
57665,20051111,86.92
57665,20051114,86.51
57665,20051115,85.59
57665,20051116,85.97
57665,20051117,86.88
57665,20051118,87.7
57665,20051121,86.44
57665,20051122,87
57665,20051123,87.68
57665,20051125,88.21
57665,20051128,86.45
57665,20051129,85.9
57665,20051130,85.3
57665,20051201,85.57
57665,20051202,87.6
57665,20051205,87.33
57665,20051206,87.13
57665,20051207,86.7
57665,20051208,85.9
57665,20051209,85.9
57665,20051212,87.41
57665,20051213,87.92
57665,20051214,91.44
57665,20051215,89.75
57665,20051216,88.5
57665,20051219,87.26
57665,20051220,88.48
57665,20051221,85.75
57665,20051222,86.24
57665,20051223,87
57665,20051227,87.09
57665,20051228,87.6
57665,20051229,87.4
57665,20051230,86.79
57665,20060103,85.95
57665,20060104,85.55
57665,20060105,86.07
57665,20060106,85.8
57665,20060109,87
57665,20060110,87.18
57665,20060111,87.3
57665,20060112,86.31
57665,20060113,86.2
57665,20060117,85.2
57665,20060118,84.64
57665,20060119,84.7
57665,20060120,84.2
57665,20060123,83.45
57665,20060124,84.02
57665,20060125,84.26
57665,20060126,83.98
57665,20060127,83.15
57665,20060130,81.8
57665,20060131,80.95
57665,20060201,83.13
57665,20060202,83.35
57665,20060203,83.69
57665,20060206,84.15
57665,20060207,83.46
57665,20060208,84.39
57665,20060209,83.89
57665,20060210,84.47
57665,20060213,84.28
57665,20060214,84
57665,20060215,84.27
57665,20060216,84.76
57665,20060217,84.9
57665,20060221,85.08
57665,20060222,85.94
57665,20060223,86.57
57665,20060224,87.2
57665,20060227,87.3
57665,20060228,86.78
57665,20060301,86.31
57665,20060302,86.05
57665,20060303,86.3
57665,20060306,86.92
57665,20060307,84.9
57665,20060308,85
57665,20060309,85.35
57665,20060310,84.99
57665,20060313,84.45
57665,20060314,84.62
57665,20060315,85.02
57665,20060316,86.02
57665,20060317,85.42
57665,20060320,85.51
57665,20060321,84.95
57665,20060322,86.82
57665,20060323,86.01
57665,20060324,85.96
57665,20060327,85.45
57665,20060328,85.2
57665,20060329,85.54
57665,20060330,85
57665,20060331,85.1
57665,20060403,84.91
57665,20060404,85.04
57665,20060405,84.57
57665,20060406,84.86
57665,20060407,83.63
57665,20060410,83.09
57665,20060411,82.49
57665,20060412,82.55
57665,20060413,83.3
57665,20060417,81.81
57665,20060418,81.75
57665,20060419,82.12
57665,20060420,82.83
57665,20060421,83.02
57665,20060424,82.7
57665,20060425,82.02
57665,20060426,81.26
57665,20060427,81.84
57665,20060428,81.84
57665,20060501,81.7
57665,20060502,81.57
57665,20060503,81.13
57665,20060504,80.96
57665,20060505,81.55
57665,20060508,82.25
57665,20060509,82.2
57665,20060510,82.33
57665,20060511,81.31
57665,20060512,81.5
57665,20060515,81.64
57665,20060516,80.67
57665,20060517,80.3
57665,20060518,79.75
57665,20060519,78.7
57665,20060522,77.98
57665,20060523,78.99
57665,20060524,79.26
57665,20060525,79.65
57665,20060526,81.01
57665,20060530,80
57665,20060531,80.31
57665,20060601,81.42
57665,20060602,81.79
57665,20060605,80.25
57665,20060606,80.2
57665,20060607,80.74
57665,20060608,80.65
57665,20060609,81.13
57665,20060612,81.13
57665,20060613,81.37
57665,20060614,82.08
57665,20060615,83.55
57665,20060616,83.15
57665,20060619,83.07
57665,20060620,82.18
57665,20060621,82.75
57665,20060622,83.87
57665,20060623,84.36
57665,20060626,84.25
57665,20060627,83.63
57665,20060628,79.72
57665,20060629,80.98
57665,20060630,81
57665,20060703,81.33
57665,20060705,80.05
57665,20060706,79.79
57665,20060707,79.08
57665,20060710,78.98
57665,20060711,78.59
57665,20060712,78.61
57665,20060713,78.76
57665,20060714,78.58
57665,20060717,78.89
57665,20060718,78.5
57665,20060719,78.8
57665,20060720,79.6
57665,20060721,80.06
57665,20060724,80.64
57665,20060725,80.36
57665,20060726,80
57665,20060727,78.96
57665,20060728,79.9
57665,20060731,79
57665,20060801,78.69
57665,20060802,78.13
57665,20060803,78.15
57665,20060804,78.67
57665,20060807,77.92
57665,20060808,77.11
57665,20060809,76.88
57665,20060810,76.2
57665,20060811,76.51
57665,20060814,77.18
57665,20060815,77.67
57665,20060816,77.75
57665,20060817,76.96
57665,20060818,76.71
57665,20060821,76.77
57665,20060822,76.85
57665,20060823,76.85
57665,20060824,76.84
57665,20060825,76.77
57665,20060828,77.85
57665,20060829,79.97
57665,20060830,79.76
57665,20060831,80.76
57665,20060901,81.14
57665,20060905,81.41
57665,20060906,80.97
57665,20060907,80.59
57665,20060908,82.05
57665,20060911,82.42
57665,20060912,83.45
57665,20060913,83.1
57665,20060914,82.77
57665,20060915,82.97
57665,20060918,82.32
57665,20060919,82.03
57665,20060920,82.6
57665,20060921,82.46
57665,20060922,86.36
57665,20060925,86.51
57665,20060926,88.39
57665,20060927,88.11
57665,20060928,88.3
57665,20060929,87.62
57665,20061002,87.48
57665,20061003,87.86
57665,20061004,89.3
57665,20061005,89.01
57665,20061006,88.15
57665,20061009,88.46
57665,20061010,88.58
57665,20061011,88.44
57665,20061012,89.81
57665,20061013,89.6
57665,20061016,90.53
57665,20061017,89.75
57665,20061018,89.01
57665,20061019,89.4
57665,20061020,88.6
57665,20061023,90.34
57665,20061024,91.13
57665,20061025,93.35
57665,20061026,93.67
57665,20061027,91.86
57665,20061030,92.01
57665,20061031,91.88
57665,20061101,91.39
57665,20061102,92.8
57665,20061103,92.57
57665,20061106,92.83
57665,20061107,92.47
57665,20061108,92.98
57665,20061109,92.76
57665,20061110,94.07
57665,20061113,94.12
57665,20061114,94.7
57665,20061115,95.49
57665,20061116,95.23
57665,20061117,95.58
57665,20061120,96.34
57665,20061121,96.58
57665,20061122,97.03
57665,20061124,96.73
57665,20061127,95.88
57665,20061128,96
57665,20061129,96.87
57665,20061130,98.95
57665,20061201,97.6
57665,20061204,98.14
57665,20061205,98.51
57665,20061206,98.2
57665,20061207,97.94
57665,20061208,97.04
57665,20061211,97.45
57665,20061212,96.57
57665,20061213,95.85
57665,20061214,97
57665,20061215,96.05
57665,20061218,96.18
57665,20061219,96.19
57665,20061220,99.78
57665,20061221,100.29
57665,20061222,99.94
57665,20061226,100.1
57665,20061227,99.52
57665,20061228,99.2
57665,20061229,99.03
57665,20070103,97.67
57665,20070104,98.67
57665,20070105,98.83
57665,20070108,98.53
57665,20070109,99.76
57665,20070110,99.76
57665,20070111,99.98
57665,20070112,99.76
57665,20070116,99.97
57665,20070117,99.82
57665,20070118,99.67
57665,20070119,99.94
57665,20070122,97.7
57665,20070123,96.76
57665,20070124,96.84
57665,20070125,95.84
57665,20070126,95.2
57665,20070129,96.32
57665,20070130,97.75
57665,20070131,98.81
57665,20070201,100.68
57665,20070202,100.2
57665,20070205,99.42
57665,20070206,101.17
57665,20070207,102.9
57665,20070208,103.39
57665,20070209,103.6
57665,20070212,104.37
57665,20070213,105.2
57665,20070214,105.38
57665,20070215,105.51
57665,20070216,106.3
57665,20070220,106.81
57665,20070221,107.11
57665,20070222,108.23
57665,20070223,108.04
57665,20070226,107.83
57665,20070227,103.97
57665,20070228,104.47
57665,20070301,105.29
57665,20070302,103.86
57665,20070305,102.46
57665,20070306,105.1
57665,20070307,104.59
57665,20070308,104.6
57665,20070309,105.85
57665,20070312,105.6
57665,20070313,104.6
57665,20070314,104.82
57665,20070315,105.66
57665,20070316,107.47
57665,20070319,108.32
57665,20070320,109.25
57665,20070321,108.85
57665,20070322,108.6
57665,20070323,109.05
57665,20070326,108.79
57665,20070327,106.57
57665,20070328,105.13
57665,20070329,104.97
57665,20070330,106.26
57665,20070402,106.43
57665,20070403,53.2
57665,20070404,53.59
57665,20070405,53.48
57665,20070409,53.9
57665,20070410,54.01
57665,20070411,53.99
57665,20070412,54.23
57665,20070413,53.65
57665,20070416,54.37
57665,20070417,54.15
57665,20070418,53.89
57665,20070419,53.48
57665,20070420,53.53
57665,20070423,53.56
57665,20070424,53.51
57665,20070425,53.62
57665,20070426,53.84
57665,20070427,54.12
57665,20070430,53.86
57665,20070501,52.99
57665,20070502,53.48
57665,20070503,53.28
57665,20070504,53.29
57665,20070507,53.87
57665,20070508,53.75
57665,20070509,53.92
57665,20070510,53.31
57665,20070511,53.03
57665,20070514,52.87
57665,20070515,52.58
57665,20070516,52.99
57665,20070517,52.95
57665,20070518,53.25
57665,20070521,54.68
57665,20070522,55.13
57665,20070523,54.82
57665,20070524,54.47
57665,20070525,54.28
57665,20070529,54.72
57665,20070530,55.73
57665,20070531,56.75
57665,20070601,56.69
57665,20070604,57.23
57665,20070605,56.89
57665,20070606,55.71
57665,20070607,54.1
57665,20070608,52.96
57665,20070611,53.4
57665,20070612,53.19
57665,20070613,53.48
57665,20070614,53.68
57665,20070615,53.42
57665,20070618,53.63
57665,20070619,54.5
57665,20070620,53.63
57665,20070621,53.58
57665,20070622,52.95
57665,20070625,53.81
57665,20070626,53.82
57665,20070627,58.29
57665,20070628,58.29
57665,20070629,58.29
57665,20070702,58.4
57665,20070703,58.98
57665,20070705,59.35
57665,20070706,59.67
57665,20070709,59.08
57665,20070710,58.45
57665,20070711,58.45
57665,20070712,59.46
57665,20070713,59.01
57665,20070716,58.78
57665,20070717,59.45
57665,20070718,59.68
57665,20070719,59.83
57665,20070720,58.52
57665,20070723,59.4
57665,20070724,58.35
57665,20070725,57.83
57665,20070726,56.9
57665,20070727,55.44
57665,20070730,56.84
57665,20070731,56.45
57665,20070801,56.9
57665,20070802,56.95
57665,20070803,56.5
57665,20070806,57.47
57665,20070807,58.06
57665,20070808,56.61
57665,20070809,53.9
57665,20070810,55.78
57665,20070813,56.15
57665,20070814,54.66
57665,20070815,53.57
57665,20070816,53.19
57665,20070817,54.47
57665,20070820,54.38
57665,20070821,54.12
57665,20070822,54.19
57665,20070823,54.03
57665,20070824,54.12
57665,20070827,53.88
57665,20070828,53.53
57665,20070829,55.46
57665,20070830,55.76
57665,20070831,56.34
57665,20070904,56.42
57665,20070905,55.47
57665,20070906,55.8
57665,20070907,54.7
57665,20070910,55.15
57665,20070911,55.53
57665,20070912,56.08
57665,20070913,56.88
57665,20070914,57.23
57665,20070917,56.31
57665,20070918,58.79
57665,20070919,58.56
57665,20070920,58.32
57665,20070921,57.26
57665,20070924,57.81
57665,20070925,58.45
57665,20070926,58.39
57665,20070927,58.17
57665,20070928,58.66
57665,20071001,59.39
57665,20071002,59.16
57665,20071003,59.22
57665,20071004,59.36
57665,20071005,60.35
57665,20071008,60.01
57665,20071009,61.77
57665,20071010,61.86
57665,20071011,61.01
57665,20071012,63.15
57665,20071015,63.92
57665,20071016,63.91
57665,20071017,63.16
57665,20071018,63.26
57665,20071019,63.33
57665,20071022,63.17
57665,20071023,64.12
57665,20071024,63.46
57665,20071025,63.84
57665,20071026,64.61
57665,20071029,65.22
57665,20071030,64.93
57665,20071031,66.26
57665,20071101,63.82
57665,20071102,63.87
57665,20071105,63.38
57665,20071106,63.99
57665,20071107,62.78
57665,20071108,63.3
57665,20071109,62.21
57665,20071112,62.6
57665,20071113,63.99
57665,20071114,63.22
57665,20071115,63.05
57665,20071116,62.64
57665,20071119,62
57665,20071120,62.28
57665,20071121,62.88
57665,20071123,63.75
57665,20071126,62.18
57665,20071127,63.4
57665,20071128,65.21
57665,20071129,64.71
57665,20071130,65.65
57665,20071203,67
57665,20071204,65.8
57665,20071205,65.94
57665,20071206,65.41
57665,20071207,65.4
57665,20071210,65.86
57665,20071211,64.2
57665,20071212,64.45
57665,20071213,64.96
57665,20071214,64.32
57665,20071217,63.05
57665,20071218,63.75
57665,20071219,63.8
57665,20071220,66.01
57665,20071221,66.27
57665,20071224,66.88
57665,20071226,66.08
57665,20071227,65
57665,20071228,64.31
57665,20071231,64.24
57665,20080102,63.28
57665,20080103,62.71
57665,20080104,61.74
57665,20080107,62.11
57665,20080108,61.83
57665,20080109,61.97
57665,20080110,62.54
57665,20080111,60.7
57665,20080114,60.73
57665,20080115,57.06
57665,20080116,57.67
57665,20080117,55.98
57665,20080118,56.5
57665,20080122,57.29
57665,20080123,57.52
57665,20080124,57.41
57665,20080125,56
57665,20080128,57.29
57665,20080129,57.35
57665,20080130,59.4
57665,20080131,61.33
57665,20080201,62.51
57665,20080204,60.74
57665,20080205,59.8
57665,20080206,60.03
57665,20080207,60.76
57665,20080208,60.64
57665,20080211,60.66
57665,20080212,61.37
57665,20080213,62.55
57665,20080214,62.3
57665,20080215,62.29
57665,20080219,61.12
57665,20080220,61.2
57665,20080221,60.32
57665,20080222,60.59
57665,20080225,61.59
57665,20080226,62.61
57665,20080227,62.38
57665,20080228,62.04
57665,20080229,60.2
57665,20080303,60.09
57665,20080304,60.43
57665,20080305,60.81
57665,20080306,59.58
57665,20080307,58.24
57665,20080310,56.97
57665,20080311,57.92
57665,20080312,59.76
57665,20080313,61.03
57665,20080314,59.96
57665,20080317,59.26
57665,20080318,61.67
57665,20080319,61.83
57665,20080320,67.27
57665,20080324,69.08
57665,20080325,68.37
57665,20080326,66.27
57665,20080327,65.98
57665,20080328,65.86
57665,20080331,68
57665,20080401,69.57
57665,20080402,67.97
57665,20080403,68.9
57665,20080404,68.51
57665,20080407,66.83
57665,20080408,66.53
57665,20080409,66.44
57665,20080410,67.37
57665,20080411,66.69
57665,20080414,66.06
57665,20080415,65.82
57665,20080416,66.07
57665,20080417,67.55
57665,20080418,67.89
57665,20080421,68.62
57665,20080422,68.03
57665,20080423,67.58
57665,20080424,68.06
57665,20080425,68.74
57665,20080428,67.82
57665,20080429,68.23
57665,20080430,66.8
57665,20080501,67.81
57665,20080502,67.66
57665,20080505,66.98
57665,20080506,67.58
57665,20080507,66.75
57665,20080508,64.8
57665,20080509,64.87
57665,20080512,65.34
57665,20080513,65.66
57665,20080514,67.44
57665,20080515,68.02
57665,20080516,67.53
57665,20080519,67.78
57665,20080520,67.04
57665,20080521,65.13
57665,20080522,65.01
57665,20080523,64.77
57665,20080527,66.02
57665,20080528,67.38
57665,20080529,68.39
57665,20080530,68.37
57665,20080602,67.14
57665,20080603,66.97
57665,20080604,67.94
57665,20080605,70.07
57665,20080606,67.93
57665,20080609,68.58
57665,20080610,68.48
57665,20080611,67.44
57665,20080612,66.78
57665,20080613,68.99
57665,20080616,68.38
57665,20080617,68
57665,20080618,67.88
57665,20080619,67.84
57665,20080620,66.73
57665,20080623,66.9
57665,20080624,65.97
57665,20080625,65.97
57665,20080626,59.5
57665,20080627,60.34
57665,20080630,59.61
57665,20080701,58.99
57665,20080702,58.09
57665,20080703,58.52
57665,20080707,56.46
57665,20080708,58.32
57665,20080709,56.95
57665,20080710,55.67
57665,20080711,56.26
57665,20080714,55.81
57665,20080715,57.64
57665,20080716,58.16
57665,20080717,58.56
57665,20080718,58.2
57665,20080721,57.51
57665,20080722,58.67
57665,20080723,59.2
57665,20080724,58.13
57665,20080725,58.17
57665,20080728,57.24
57665,20080729,59.06
57665,20080730,59.68
57665,20080731,58.68
57665,20080801,59.4
57665,20080804,59.78
57665,20080805,61.58
57665,20080806,62.19
57665,20080807,60.85
57665,20080808,62.95
57665,20080811,63.27
57665,20080812,62.1
57665,20080813,61.97
57665,20080814,62
57665,20080815,62.29
57665,20080818,61.65
57665,20080819,61.03
57665,20080820,60.66
57665,20080821,60.59
57665,20080822,61.11
57665,20080825,59.71
57665,20080826,58.92
57665,20080827,59.67
57665,20080828,61.22
57665,20080829,60.61
57665,20080902,61.18
57665,20080903,61.91
57665,20080904,59.74
57665,20080905,58.82
57665,20080908,60.33
57665,20080909,60.28
57665,20080910,59.87
57665,20080911,60.97
57665,20080912,61.92
57665,20080915,60.5
57665,20080916,61.19
57665,20080917,59.56
57665,20080918,64.64
57665,20080919,63.7
57665,20080922,63.15
57665,20080923,60.83
57665,20080924,59.27
57665,20080925,65.01
57665,20080926,67.79
57665,20080929,65.05
57665,20080930,66.9
57665,20081001,66.16
57665,20081002,63.75
57665,20081003,63.25
57665,20081006,61.14
57665,20081007,57.98
57665,20081008,55.7
57665,20081009,53.08
57665,20081010,54.53
57665,20081013,55.85
57665,20081014,57.12
57665,20081015,50.36
57665,20081016,55.97
57665,20081017,57.48
57665,20081020,59.75
57665,20081021,57.12
57665,20081022,52.5
57665,20081023,50.73
57665,20081024,47.79
57665,20081027,46.55
57665,20081028,52.42
57665,20081029,52.48
57665,20081030,55.81
57665,20081031,57.63
57665,20081103,55.84
57665,20081104,56.22
57665,20081105,52.78
57665,20081106,50.64
57665,20081107,49.41
57665,20081110,47.97
57665,20081111,45.67
57665,20081112,44.37
57665,20081113,48.86
57665,20081114,46.53
57665,20081117,46.31
57665,20081118,46.64
57665,20081119,43.84
57665,20081120,43.61
57665,20081121,47.88
57665,20081124,50.32
57665,20081125,49.29
57665,20081126,53.25
57665,20081128,53.25
57665,20081201,48.02
57665,20081202,50.01
57665,20081203,52.01
57665,20081204,51.96
57665,20081205,53.34
57665,20081208,56.17
57665,20081209,52.94
57665,20081210,50.5
57665,20081211,48.73
57665,20081212,49.37
57665,20081215,48.19
57665,20081216,49.64
57665,20081217,50.64
57665,20081218,52.69
57665,20081219,51.26
57665,20081222,49.1
57665,20081223,47.96
57665,20081224,49.13
57665,20081226,49.76
57665,20081229,48.94
57665,20081230,49.69
57665,20081231,51
57665,20090102,53.06
57665,20090105,53.44
57665,20090106,52.36
57665,20090107,50.46
57665,20090108,51.39
57665,20090109,49.61
57665,20090112,50.12
57665,20090113,49.5
57665,20090114,46.65
57665,20090115,46.96
57665,20090116,46.8
57665,20090120,44.14
57665,20090121,45.66
57665,20090122,45.63
57665,20090123,45.68
57665,20090126,45.67
57665,20090127,45.51
57665,20090128,47.6
57665,20090129,45.99
57665,20090130,45.25
57665,20090202,44.43
57665,20090203,46.3
57665,20090204,45.78
57665,20090205,47.2
57665,20090206,48.68
57665,20090209,47.77
57665,20090210,45.05
57665,20090211,44.31
57665,20090212,44.46
57665,20090213,43.43
57665,20090217,41.94
57665,20090218,43.52
57665,20090219,42.81
57665,20090220,42.93
57665,20090223,41.61
57665,20090224,42.94
57665,20090225,42.15
57665,20090226,41.03
57665,20090227,41.53
57665,20090302,39.76
57665,20090303,40.05
57665,20090304,42.55
57665,20090305,39.94
57665,20090306,39.94
57665,20090309,38.57
57665,20090310,41.61
57665,20090311,43.43
57665,20090312,44.59
57665,20090313,44.67
57665,20090316,43.91
57665,20090317,45.41
57665,20090318,45.92
57665,20090319,46.5
57665,20090320,45.02
57665,20090323,47.62
57665,20090324,45.6
57665,20090325,46.37
57665,20090326,47.6
57665,20090327,46.84
57665,20090330,46.26
57665,20090331,46.89
57665,20090401,47
57665,20090402,50.49
57665,20090403,51.87
57665,20090406,51.27
57665,20090407,49.86
57665,20090408,50.24
57665,20090409,53.27
57665,20090413,53.12
57665,20090414,51.4
57665,20090415,52.11
57665,20090416,53.77
57665,20090417,54.61
57665,20090420,52.36
57665,20090421,53.27
57665,20090422,55
57665,20090423,54.39
57665,20090424,54.73
57665,20090427,54.13
57665,20090428,55.59
57665,20090429,52.96
57665,20090430,52.47
57665,20090501,52.92
57665,20090504,55.27
57665,20090505,55
57665,20090506,54.61
57665,20090507,53.08
57665,20090508,54.42
57665,20090511,53.14
57665,20090512,50.98
57665,20090513,49.52
57665,20090514,50.95
57665,20090515,49.75
57665,20090518,51.2
57665,20090519,52.04
57665,20090520,50.69
57665,20090521,51.35
57665,20090522,52.41
57665,20090526,54.17
57665,20090527,54.41
57665,20090528,55.11
57665,20090529,57.05
57665,20090601,59.26
57665,20090602,57.83
57665,20090603,58.17
57665,20090604,57.54
57665,20090605,58.29
57665,20090608,58
57665,20090609,58.66
57665,20090610,57.05
57665,20090611,56.62
57665,20090612,56.61
57665,20090615,55.94
57665,20090616,55.33
57665,20090617,54.63
57665,20090618,56.3
57665,20090619,56.7
57665,20090622,55.26
57665,20090623,53.54
57665,20090624,53.02
57665,20090625,51.28
57665,20090626,50.84
57665,20090629,51.75
57665,20090630,51.78
57665,20090701,52.42
57665,20090702,51.06
57665,20090706,51.91
57665,20090707,51.21
57665,20090708,51.51
57665,20090709,51.06
57665,20090710,51.3
57665,20090713,51.54
57665,20090714,51.9
57665,20090715,52.93
57665,20090716,53.19
57665,20090717,52.44
57665,20090720,52.83
57665,20090721,52.07
57665,20090722,51.53
57665,20090723,51.14
57665,20090724,52.17
57665,20090727,52.37
57665,20090728,52.91
57665,20090729,54.37
57665,20090730,56.09
57665,20090731,56.64
57665,20090803,56.62
57665,20090804,57.54
57665,20090805,57.02
57665,20090806,57.62
57665,20090807,58.07
57665,20090810,57.14
57665,20090811,56.79
57665,20090812,57.52
57665,20090813,57.81
57665,20090814,56.86
57665,20090817,55.44
57665,20090818,55.61
57665,20090819,56.77
57665,20090820,57
57665,20090821,55.65
57665,20090824,56
57665,20090825,55.16
57665,20090826,55.45
57665,20090827,56.83
57665,20090828,56.18
57665,20090831,55.39
57665,20090901,54.36
57665,20090902,53.31
57665,20090903,53.73
57665,20090904,54.23
57665,20090908,55.24
57665,20090909,55.35
57665,20090910,55.42
57665,20090911,54.99
57665,20090914,54.91
57665,20090915,54.69
57665,20090916,57.18
57665,20090917,58.09
57665,20090918,58.59
57665,20090921,58.55
57665,20090922,58.57
57665,20090923,58.3
57665,20090924,58.17
57665,20090925,58.64
57665,20090928,59
57665,20090929,60.09
57665,20090930,64.7
57665,20091001,62.5
57665,20091002,62.02
57665,20091005,62.78
57665,20091006,63.09
57665,20091007,63.42
57665,20091008,64.02
57665,20091009,63.59
57665,20091012,63.25
57665,20091013,63.68
57665,20091014,64.9
57665,20091015,64.96
57665,20091016,65.1
57665,20091019,66.09
57665,20091020,65.09
57665,20091021,64.75
57665,20091022,65.19
57665,20091023,64.17
57665,20091026,63.75
57665,20091027,64.09
57665,20091028,62.57
57665,20091029,63.71
57665,20091030,62.18
57665,20091102,62.5
57665,20091103,62.66
57665,20091104,62.73
57665,20091105,64.76
57665,20091106,64.56
57665,20091109,65.32
57665,20091110,64.47
57665,20091111,64.93
57665,20091112,64.09
57665,20091113,64.42
57665,20091116,66.1
57665,20091117,64.96
57665,20091118,64.42
57665,20091119,63.56
57665,20091120,63.92
57665,20091123,64.49
57665,20091124,64.52
57665,20091125,65.7
57665,20091127,65.05
57665,20091130,64.89
57665,20091201,65.4
57665,20091202,65.35
57665,20091203,64.67
57665,20091204,64.3
57665,20091207,64.54
57665,20091208,63.53
57665,20091209,61.95
57665,20091210,62.7
57665,20091211,63.86
57665,20091214,64.16
57665,20091215,64.35
57665,20091216,64.05
57665,20091217,63.25
57665,20091218,64.42
57665,20091221,64.88
57665,20091222,65.1
57665,20091223,65.44
57665,20091224,65.25
57665,20091228,65.5
57665,20091229,66.21
57665,20091230,66.14
57665,20091231,66.07
57665,20100104,65.35
57665,20100105,65.61
57665,20100106,65.21
57665,20100107,65.85
57665,20100108,65.72
57665,20100111,64.91
57665,20100112,64.82
57665,20100113,65.4
57665,20100114,64.99
57665,20100115,64.39
57665,20100119,64.71
57665,20100120,64.18
57665,20100121,63.64
57665,20100122,62.98
57665,20100125,63.67
57665,20100126,63.74
57665,20100127,64
57665,20100128,63.52
57665,20100129,63.75
57665,20100201,64.1
57665,20100202,63.93
57665,20100203,64
57665,20100204,62.09
57665,20100205,61.7
57665,20100208,61.3
57665,20100209,62.51
57665,20100210,62.64
57665,20100211,62.95
57665,20100212,62.49
57665,20100216,63.65
57665,20100217,64.48
57665,20100218,64.44
57665,20100219,64.35
57665,20100222,64.31
57665,20100223,64.13
57665,20100224,64.93
57665,20100225,66.16
57665,20100226,67.6
57665,20100301,68.24
57665,20100302,68.03
57665,20100303,67.64
57665,20100304,67.63
57665,20100305,68.32
57665,20100308,68.82
57665,20100309,68.93
57665,20100310,69.12
57665,20100311,69.75
57665,20100312,69.9
57665,20100315,70.39
57665,20100316,70.38
57665,20100317,70.88
57665,20100318,74.66
57665,20100319,73.52
57665,20100322,73.88
57665,20100323,74.49
57665,20100324,73.38
57665,20100325,73.57
57665,20100326,73.89
57665,20100329,73.97
57665,20100330,73.81
57665,20100331,73.5
57665,20100401,74.01
57665,20100405,74.11
57665,20100406,73.91
57665,20100407,73.59
57665,20100408,73.99
57665,20100409,75.18
57665,20100412,75.53
57665,20100413,75.51
57665,20100414,75.8
57665,20100415,75.64
57665,20100416,75.17
57665,20100419,75.58
57665,20100420,76.36
57665,20100421,76.72
57665,20100422,78.23
57665,20100423,77.9
57665,20100426,78.02
57665,20100427,76.74
57665,20100428,76.44
57665,20100429,77.57
57665,20100430,75.91
57665,20100503,77.77
57665,20100504,77.35
57665,20100505,75.21
57665,20100506,72.3
57665,20100507,70.61
57665,20100510,76.65
57665,20100511,76.43
57665,20100512,77.85
57665,20100513,75.55
57665,20100514,73.74
57665,20100517,73.63
57665,20100518,72.93
57665,20100519,72.25
57665,20100520,70.31
57665,20100521,71.39
57665,20100524,71.34
57665,20100525,72.91
57665,20100526,72.52
57665,20100527,73.9
57665,20100528,72.38
57665,20100601,71.18
57665,20100602,73
57665,20100603,73.63
57665,20100604,70.77
57665,20100607,69.59
57665,20100608,70.26
57665,20100609,70.01
57665,20100610,71.75
57665,20100611,72.33
57665,20100614,72.22
57665,20100615,73.98
57665,20100616,73.83
57665,20100617,74.57
57665,20100618,74.94
57665,20100621,74.35
57665,20100622,72.46
57665,20100623,72.52
57665,20100624,69.63
57665,20100625,70.12
57665,20100628,70.5
57665,20100629,68.17
57665,20100630,67.55
57665,20100701,68.07
57665,20100702,67.86
57665,20100706,67.21
57665,20100707,68.56
57665,20100708,70.28
57665,20100709,70.15
57665,20100712,69.81
57665,20100713,70.47
57665,20100714,70.54
57665,20100715,70.65
57665,20100716,68.96
57665,20100719,68.61
57665,20100720,69.84
57665,20100721,69.65
57665,20100722,71.56
57665,20100723,72.74
57665,20100726,73.22
57665,20100727,73.68
57665,20100728,73.11
57665,20100729,73.53
57665,20100730,73.64
57665,20100802,74.32
57665,20100803,73.1
57665,20100804,74
57665,20100805,74.06
57665,20100806,73.96
57665,20100809,74.12
57665,20100810,73.91
57665,20100811,72.08
57665,20100812,71.52
57665,20100813,70.58
57665,20100816,71.06
57665,20100817,71.71
57665,20100818,72.24
57665,20100819,71.34
57665,20100820,71.26
57665,20100823,70.95
57665,20100824,70.05
57665,20100825,70.13
57665,20100826,70.39
57665,20100827,70.94
57665,20100830,70.36
57665,20100831,70
57665,20100901,72.13
57665,20100902,72.96
57665,20100903,74.25
57665,20100907,74.02
57665,20100908,74.14
57665,20100909,73.92
57665,20100910,73.75
57665,20100913,74.68
57665,20100914,75.27
57665,20100915,76.56
57665,20100916,76.64
57665,20100917,77.26
57665,20100920,78.37
57665,20100921,77.69
57665,20100922,77.31
57665,20100923,77.67
57665,20100924,79.57
57665,20100927,79.11
57665,20100928,80.64
57665,20100929,79.93
57665,20100930,80.14
57665,20101001,80.25
57665,20101004,79.88
57665,20101005,81.3
57665,20101006,81.31
57665,20101007,80.99
57665,20101008,82.04
57665,20101011,81.98
57665,20101012,81.89
57665,20101013,82.02
57665,20101014,81.77
57665,20101015,82
57665,20101018,81.66
57665,20101019,80.73
57665,20101020,81.24
57665,20101021,82.11
57665,20101022,81.92
57665,20101025,82.05
57665,20101026,81.82
57665,20101027,81.03
57665,20101028,81.11
57665,20101029,81.44
57665,20101101,81.1
57665,20101102,81.75
57665,20101103,81.83
57665,20101104,83.41
57665,20101105,84.11
57665,20101108,83.61
57665,20101109,83.2
57665,20101110,83.88
57665,20101111,83.67
57665,20101112,82.62
57665,20101115,81.8
57665,20101116,80.51
57665,20101117,81.39
57665,20101118,82.47
57665,20101119,85.81
57665,20101122,85.92
57665,20101123,85.26
57665,20101124,86.53
57665,20101126,85.96
57665,20101129,85.16
57665,20101130,86.13
57665,20101201,87.64
57665,20101202,87.83
57665,20101203,87.53
57665,20101206,87.73
57665,20101207,87.19
57665,20101208,87.32
57665,20101209,87.47
57665,20101210,87.8
57665,20101213,89.23
57665,20101214,89.28
57665,20101215,88.58
57665,20101216,89.23
57665,20101217,90.05
57665,20101220,90.27
57665,20101221,92.3
57665,20101222,86.95
57665,20101223,86.05
57665,20101227,85.83
57665,20101228,86.33
57665,20101229,85.27
57665,20101230,85.76
57665,20101231,85.42
57665,20110103,86.09
57665,20110104,83.97
57665,20110105,84.52
57665,20110106,83.76
57665,20110107,83.53
57665,20110110,84.17
57665,20110111,84.02
57665,20110112,83.73
57665,20110113,82.56
57665,20110114,84.07
57665,20110118,84.06
57665,20110119,83.66
57665,20110120,83.07
57665,20110121,82.3
57665,20110124,82.66
57665,20110125,82.88
57665,20110126,84
57665,20110127,82.77
57665,20110128,81.46
57665,20110131,82.48
57665,20110201,83.55
57665,20110202,83.91
57665,20110203,83.8
57665,20110204,85.74
57665,20110207,86.5
57665,20110208,86.71
57665,20110209,87.25
57665,20110210,86.79
57665,20110211,86.21
57665,20110214,85.77
57665,20110215,85.55
57665,20110216,85.75
57665,20110217,86.04
57665,20110218,88.82
57665,20110222,87.23
57665,20110223,86.19
57665,20110224,86.52
57665,20110225,87.98
57665,20110228,89.03
57665,20110301,87.7
57665,20110302,88.33
57665,20110303,89.84
57665,20110304,89.88
57665,20110307,88.92
57665,20110308,89.19
57665,20110309,88.95
57665,20110310,88.18
57665,20110311,87.17
57665,20110314,86.21
57665,20110315,85.33
57665,20110316,84.82
57665,20110317,85.41
57665,20110318,77.59
57665,20110321,76.84
57665,20110322,75.45
57665,20110323,77.22
57665,20110324,76.73
57665,20110325,76.66
57665,20110328,75.89
57665,20110329,76.36
57665,20110330,76.75
57665,20110331,75.7
57665,20110401,76.53
57665,20110404,77.41
57665,20110405,77.93
57665,20110406,78.67
57665,20110407,78.09
57665,20110408,77.39
57665,20110411,78.13
57665,20110412,78.2
57665,20110413,79.41
57665,20110414,80.08
57665,20110415,78.73
57665,20110418,78.58
57665,20110419,78.73
57665,20110420,80.07
57665,20110421,80.19
57665,20110425,80.11
57665,20110426,79.96
57665,20110427,81.12
57665,20110428,82.57
57665,20110429,82.32
57665,20110502,82.24
57665,20110503,81.66
57665,20110504,82.79
57665,20110505,82.61
57665,20110506,82.02
57665,20110509,82.91
57665,20110510,83.5
57665,20110511,82.66
57665,20110512,84.58
57665,20110513,86.26
57665,20110516,85.27
57665,20110517,84.89
57665,20110518,84.83
57665,20110519,86.11
57665,20110520,85.05
57665,20110523,83.62
57665,20110524,84.33
57665,20110525,83.19
57665,20110526,84.07
57665,20110527,84.62
57665,20110531,84.45
57665,20110601,82.15
57665,20110602,81.15
57665,20110603,80.36
57665,20110606,79.77
57665,20110607,81.9
57665,20110608,80.1
57665,20110609,80.67
57665,20110610,79.66
57665,20110613,80.51
57665,20110614,82.24
57665,20110615,80.39
57665,20110616,80.29
57665,20110617,81.11
57665,20110620,83.23
57665,20110621,84.51
57665,20110622,81.95
57665,20110623,82.19
57665,20110624,81.18
57665,20110627,81.62
57665,20110628,89.9
57665,20110629,89.78
57665,20110630,89.98
57665,20110701,91.82
57665,20110705,91.74
57665,20110706,92.35
57665,20110707,93.66
57665,20110708,93.24
57665,20110711,91.43
57665,20110712,91.23
57665,20110713,92.05
57665,20110714,91.96
57665,20110715,91.7
57665,20110718,90.64
57665,20110719,90.74
57665,20110720,90.6
57665,20110721,91.84
57665,20110722,91.71
57665,20110725,90.93
57665,20110726,90.33
57665,20110727,88.72
57665,20110728,90.48
57665,20110729,90.15
57665,20110801,89.34
57665,20110802,85.11
57665,20110803,87.08
57665,20110804,81.55
57665,20110805,83.87
57665,20110808,79.19
57665,20110809,82.5
57665,20110810,79.33
57665,20110811,83.25
57665,20110812,84.24
57665,20110815,85.13
57665,20110816,83.22
57665,20110817,82.55
57665,20110818,79.92
57665,20110819,78.58
57665,20110822,79.25
57665,20110823,83.59
57665,20110824,85.8
57665,20110825,83.76
57665,20110826,86.29
57665,20110829,88.54
57665,20110830,86.37
57665,20110831,86.65
57665,20110901,86.55
57665,20110902,84.04
57665,20110906,83.76
57665,20110907,86.51
57665,20110908,85.33
57665,20110909,82.5
57665,20110912,84.36
57665,20110913,85.82
57665,20110914,87.49
57665,20110915,88.04
57665,20110916,89.77
57665,20110919,90.2
57665,20110920,89.46
57665,20110921,85.74
57665,20110922,84.18
57665,20110923,88.64
57665,20110926,89.31
57665,20110927,90.58
57665,20110928,88.47
57665,20110929,87.99
57665,20110930,85.51
57665,20111003,83.05
57665,20111004,85.73
57665,20111005,87.8
57665,20111006,89.28
57665,20111007,88.15
57665,20111010,90.72
57665,20111011,89.85
57665,20111012,91.79
57665,20111013,92.21
57665,20111014,92.97
57665,20111017,91.02
57665,20111018,91.48
57665,20111019,91.29
57665,20111020,91.89
57665,20111021,94.35
57665,20111024,95.07
57665,20111025,93.75
57665,20111026,94.21
57665,20111027,95.83
57665,20111028,96.75
57665,20111031,96.35
57665,20111101,93.88
57665,20111102,94.94
57665,20111103,95.68
57665,20111104,94.38
57665,20111107,93.8
57665,20111108,95.42
57665,20111109,92.36
57665,20111110,93.92
57665,20111111,96.15
57665,20111114,95.75
57665,20111115,95.95
57665,20111116,93.7
57665,20111117,91.89
57665,20111118,92.75
57665,20111121,91.06
57665,20111122,91.63
57665,20111123,90.93
57665,20111125,90.28
57665,20111128,94.91
57665,20111129,94.87
57665,20111130,96.18
57665,20111201,95.25
57665,20111202,96.25
57665,20111205,96.6
57665,20111206,96.25
57665,20111207,95.89
57665,20111208,95.18
57665,20111209,97.68
57665,20111212,96.95
57665,20111213,95.05
57665,20111214,94.39
57665,20111215,94.08
57665,20111216,93.67
57665,20111219,93.38
57665,20111220,93.63
57665,20111221,96.35
57665,20111222,94.82
57665,20111223,96.9
57665,20111227,97.77
57665,20111228,96.43
57665,20111229,97.46
57665,20111230,96.37
57665,20120103,96.81
57665,20120104,98.22
57665,20120105,98.16
57665,20120106,97.99
57665,20120109,98.35
57665,20120110,98.47
57665,20120111,98.14
57665,20120112,99.1
57665,20120113,98.3
57665,20120117,99.24
57665,20120118,100.86
57665,20120119,101.58
57665,20120120,101.76
57665,20120123,101.56
57665,20120124,102.21
57665,20120125,103.21
57665,20120126,102.3
57665,20120127,102.11
57665,20120130,103.39
57665,20120131,103.99
57665,20120201,103.75
57665,20120202,102.82
57665,20120203,103.5
57665,20120206,103.46
57665,20120207,104.23
57665,20120208,105.93
57665,20120209,105.76
57665,20120210,105.41
57665,20120213,105.22
57665,20120214,106.63
57665,20120215,106.6
57665,20120216,106.16
57665,20120217,106.68
57665,20120221,104.95
57665,20120222,105.73
57665,20120223,106.14
57665,20120224,106.29
57665,20120227,107.17
57665,20120228,107.43
57665,20120229,107.92
57665,20120301,108.54
57665,20120302,108.74
57665,20120305,109.24
57665,20120306,107.34
57665,20120307,107.58
57665,20120308,107.9
57665,20120309,109.98
57665,20120312,109.45
57665,20120313,110.76
57665,20120314,110.3
57665,20120315,110.73
57665,20120316,111.22
57665,20120319,112.13
57665,20120320,111.74
57665,20120321,110.44
57665,20120322,110.99
57665,20120323,107.42
57665,20120326,108.55
57665,20120327,107.88
57665,20120328,107.23
57665,20120329,107.85
57665,20120330,108.44
57665,20120402,109.02
57665,20120403,109.87
57665,20120404,109.49
57665,20120405,110.39
57665,20120409,110.69
57665,20120410,106.46
57665,20120411,108.25
57665,20120412,108.65
57665,20120413,108.8
57665,20120416,109.4
57665,20120417,109.83
57665,20120418,110.56
57665,20120419,109.61
57665,20120420,110.77
57665,20120423,109.75
57665,20120424,106.75
57665,20120425,109.03
57665,20120426,110.35
57665,20120427,110.64
57665,20120430,111.87
57665,20120501,111.3
57665,20120502,114.28
57665,20120503,114.4
57665,20120504,111.81
57665,20120507,111.42
57665,20120508,108.73
57665,20120509,108.15
57665,20120510,107.56
57665,20120511,108.26
57665,20120514,107.47
57665,20120515,107.22
57665,20120516,107
57665,20120517,104.34
57665,20120518,105.44
57665,20120521,107.23
57665,20120522,108.45
57665,20120523,107.52
57665,20120524,107.48
57665,20120525,108.79
57665,20120529,110.92
57665,20120530,108.61
57665,20120531,108.18
57665,20120601,104.6
57665,20120604,104.7
57665,20120605,105.51
57665,20120606,107.07
57665,20120607,107.36
57665,20120608,108.64
57665,20120611,107.46
57665,20120612,107.6
57665,20120613,102.22
57665,20120614,100.02
57665,20120615,101.75
57665,20120618,101.4
57665,20120619,101.54
57665,20120620,101.2
57665,20120621,98.66
57665,20120622,99.4
57665,20120625,97.46
57665,20120626,98.45
57665,20120627,98.11
57665,20120628,96.89
57665,20120629,87.78
57665,20120702,88.85
57665,20120703,90.48
57665,20120705,92.2
57665,20120706,91.38
57665,20120709,90.28
57665,20120710,91.29
57665,20120711,92.26
57665,20120712,91.82
57665,20120713,93.97
57665,20120716,93.02
57665,20120717,92.76
57665,20120718,94.63
57665,20120719,95.26
57665,20120720,93.08
57665,20120723,92.85
57665,20120724,92.96
57665,20120725,93.51
57665,20120726,96.58
57665,20120727,97.03
57665,20120730,95.85
57665,20120731,93.35
57665,20120801,93
57665,20120802,92.54
57665,20120803,94.57
57665,20120806,95.52
57665,20120807,96.17
57665,20120808,95.9
57665,20120809,95.06
57665,20120810,94.5
57665,20120813,95.85
57665,20120814,94.91
57665,20120815,94.22
57665,20120816,94.78
57665,20120817,96.26
57665,20120820,95.77
57665,20120821,95.85
57665,20120822,95.77
57665,20120823,95.45
57665,20120824,96.86
57665,20120827,96.43
57665,20120828,98.87
57665,20120829,98.69
57665,20120830,97.75
57665,20120831,97.36
57665,20120904,97.26
57665,20120905,97.35
57665,20120906,99.46
57665,20120907,99.29
57665,20120910,100.04
57665,20120911,99.68
57665,20120912,100.84
57665,20120913,99.2
57665,20120914,96.64
57665,20120917,97.97
57665,20120918,97.72
57665,20120919,97.66
57665,20120920,96.72
57665,20120921,96.52
57665,20120924,95.32
57665,20120925,95.08
57665,20120926,95.49
57665,20120927,96
57665,20120928,94.91
57665,20121001,95.55
57665,20121002,94.95
57665,20121003,93.8
57665,20121004,95.89
57665,20121005,95.22
57665,20121008,94.99
57665,20121009,94.48
57665,20121010,94.22
57665,20121011,94.9
57665,20121012,94.42
57665,20121015,95.61
57665,20121016,97.24
57665,20121017,97.57
57665,20121018,97.57
57665,20121019,96.45
57665,20121022,94.48
57665,20121023,92.82
57665,20121024,92.89
57665,20121025,91.31
57665,20121026,91.15
57665,20121031,91.38
57665,20121101,95.35
57665,20121102,94.54
57665,20121105,95.26
57665,20121106,96.13
57665,20121107,94.65
57665,20121108,91.86
57665,20121109,92.31
57665,20121112,92.29
57665,20121113,91.47
57665,20121114,90.6
57665,20121115,90.83
57665,20121116,92.59
57665,20121119,96.32
57665,20121120,95.61
57665,20121121,95.6
57665,20121123,96.75
57665,20121126,97.66
57665,20121127,97.01
57665,20121128,99.13
57665,20121129,98.97
57665,20121130,97.48
57665,20121203,97.56
57665,20121204,97.67
57665,20121205,97.68
57665,20121206,98.42
57665,20121207,98.59
57665,20121210,98.08
57665,20121211,99.41
57665,20121212,99.2
57665,20121213,97.33
57665,20121214,96.91
57665,20121217,97.99
57665,20121218,98.92
57665,20121219,97.78
57665,20121220,99
57665,20121221,105.1
57665,20121224,105.6
57665,20121226,51.33
57665,20121227,51.76
57665,20121228,50.99
57665,20121231,51.6
57665,20130102,51.84
57665,20130103,52.37
57665,20130104,52.88
57665,20130107,52.96
57665,20130108,52.4
57665,20130109,52.45
57665,20130110,52.55
57665,20130111,53.1
57665,20130114,53.19
57665,20130115,53.64
57665,20130116,53.73
57665,20130117,53.48
57665,20130118,53.29
57665,20130122,53.48
57665,20130123,53.09
57665,20130124,53.86
57665,20130125,55.55
57665,20130128,54.5
57665,20130129,53.92
57665,20130130,53.61
57665,20130131,54.05
57665,20130201,53.7
57665,20130204,53.66
57665,20130205,53.89
57665,20130206,54.16
57665,20130207,54.68
57665,20130208,54.59
57665,20130211,55.22
57665,20130212,55.09
57665,20130213,54.56
57665,20130214,54.62
57665,20130215,54.95
57665,20130219,54.47
57665,20130220,54.02
57665,20130221,54.54
57665,20130222,54.47
57665,20130225,54.04
57665,20130226,54.27
57665,20130227,54.34
57665,20130228,54.46
57665,20130301,54.82
57665,20130304,54.73
57665,20130305,54.9
57665,20130306,55.3
57665,20130307,55.22
57665,20130308,54.69
57665,20130311,54.53
57665,20130312,53.49
57665,20130313,54.85
57665,20130314,54.69
57665,20130315,54.78
57665,20130318,54.16
57665,20130319,53.83
57665,20130320,54.83
57665,20130321,53.6
57665,20130322,59.53
57665,20130325,59.56
57665,20130326,59.47
57665,20130327,58.45
57665,20130328,59.01
57665,20130401,58.26
57665,20130402,58.9
57665,20130403,58.91
57665,20130404,59.34
57665,20130405,58.97
57665,20130408,59.95
57665,20130409,59.89
57665,20130410,60.29
57665,20130411,61.2
57665,20130412,60.58
57665,20130415,59.67
57665,20130416,60.5
57665,20130417,60.9
57665,20130418,60.18
57665,20130419,60.92
57665,20130422,61.36
57665,20130423,61.68
57665,20130424,61.53
57665,20130425,62.07
57665,20130426,61.89
57665,20130429,62.63
57665,20130430,63.6
57665,20130501,63.36
57665,20130502,63.32
57665,20130503,64.55
57665,20130506,63.96
57665,20130507,63.91
57665,20130508,63.9
57665,20130509,63.74
57665,20130510,64.76
57665,20130513,64.65
57665,20130514,65.91
57665,20130515,65.83
57665,20130516,64.44
57665,20130517,65.32
57665,20130520,65.33
57665,20130521,65.23
57665,20130522,64.45
57665,20130523,63.33
57665,20130524,62.79
57665,20130528,63.28
57665,20130529,62.93
57665,20130530,62.41
57665,20130531,61.66
57665,20130603,63.03
57665,20130604,62.78
57665,20130605,61.75
57665,20130606,62.16
57665,20130607,62.75
57665,20130610,63.04
57665,20130611,62.15
57665,20130612,61.41
57665,20130613,61.76
57665,20130614,61.89
57665,20130617,61.94
57665,20130618,62.15
57665,20130619,61.75
57665,20130620,60.78
57665,20130621,60.57
57665,20130624,59.95
57665,20130625,60.39
57665,20130626,61.85
57665,20130627,62.32
57665,20130628,63.68
57665,20130701,62.33
57665,20130702,62.62
57665,20130703,62.86
57665,20130705,63.64
57665,20130708,63.72
57665,20130709,63.93
57665,20130710,63.6
57665,20130711,63.72
57665,20130712,63.67
57665,20130715,63.35
57665,20130716,62.7
57665,20130717,63.33
57665,20130718,63.32
57665,20130719,63.35
57665,20130722,63.29
57665,20130723,63.19
57665,20130724,62.63
57665,20130725,62.49
57665,20130726,62.53
57665,20130729,62.71
57665,20130730,62.85
57665,20130731,62.92
57665,20130801,65.97
57665,20130802,66.3
57665,20130805,66.4
57665,20130806,66.54
57665,20130807,65.63
57665,20130808,66.05
57665,20130809,66.31
57665,20130812,66.51
57665,20130813,65.81
57665,20130814,64.35
57665,20130815,63.49
57665,20130816,63.65
57665,20130819,64.71
57665,20130820,64.63
57665,20130821,64.13
57665,20130822,64.86
57665,20130823,64.21
57665,20130826,63.92
57665,20130827,62.81
57665,20130828,63.37
57665,20130829,63.48
57665,20130830,62.82
57665,20130903,64.29
57665,20130904,65.13
57665,20130905,65.38
57665,20130906,64.98
57665,20130909,65.4
57665,20130910,66.82
57665,20130911,67.59
57665,20130912,68.08
57665,20130913,67.91
57665,20130916,68.19
57665,20130917,68.32
57665,20130918,69.48
57665,20130919,69.5
57665,20130920,69.37
57665,20130923,68.98
57665,20130924,69.43
57665,20130925,68.92
57665,20130926,70.34
57665,20130927,73.64
57665,20130930,72.64
57665,20131001,72.42
57665,20131002,71.89
57665,20131003,71.64
57665,20131004,72.14
57665,20131007,71.34
57665,20131008,70.28
57665,20131009,70.89
57665,20131010,73.44
57665,20131011,73.46
57665,20131014,74.06
57665,20131015,73.71
57665,20131016,74.52
57665,20131017,74.54
57665,20131018,75.93
57665,20131021,76.09
57665,20131022,75.96
57665,20131023,75.56
57665,20131024,75.51
57665,20131025,75.7
57665,20131028,75.51
57665,20131029,75.91
57665,20131030,76.13
57665,20131031,75.76
57665,20131101,76.06
57665,20131104,76.37
57665,20131105,77.2
57665,20131106,76.76
57665,20131107,75.7
57665,20131108,77.12
57665,20131111,77.16
57665,20131112,76.87
57665,20131113,77.85
57665,20131114,78.64
57665,20131115,79.22
57665,20131118,78.58
57665,20131119,77.81
57665,20131120,77.84
57665,20131121,78.09
57665,20131122,78.87
57665,20131125,79.13
57665,20131126,79.6
57665,20131127,79.33
57665,20131129,79.14
57665,20131202,79.09
57665,20131203,79.13
57665,20131204,78.82
57665,20131205,78.95
57665,20131206,79.86
57665,20131209,79.78
57665,20131210,79.22
57665,20131211,76.84
57665,20131212,76.23
57665,20131213,76.4
57665,20131216,76.44
57665,20131217,76.76
57665,20131218,78.55
57665,20131219,78.26
57665,20131220,77.34
57665,20131223,77.11
57665,20131224,77.66
57665,20131226,78.19
57665,20131227,78.16
57665,20131230,78.74
57665,20131231,78.64
57665,20140102,78.24
57665,20140103,78.03
57665,20140106,77.43
57665,20140107,77.49
57665,20140108,77.09
57665,20140109,77.09
57665,20140110,76.92
57665,20140113,75.18
57665,20140114,75.17
57665,20140115,75.43
57665,20140116,74.79
57665,20140117,73.39
57665,20140121,73.75
57665,20140122,73.5
57665,20140123,72.73
57665,20140124,71.65
57665,20140127,71.9
57665,20140128,72.71
57665,20140129,71.77
57665,20140130,73.94
57665,20140131,72.85
57665,20140203,70.88
57665,20140204,70.51
57665,20140205,70.6
57665,20140206,71.51
57665,20140207,72.69
57665,20140210,72.67
57665,20140211,73.98
57665,20140212,74.11
57665,20140213,74.87
57665,20140214,75.07
57665,20140218,75.21
57665,20140219,74.82
57665,20140220,75.58
57665,20140221,76.48
57665,20140224,77.84
57665,20140225,78.11
57665,20140226,78.42
57665,20140227,78.02
57665,20140228,78.3
57665,20140303,77.39
57665,20140304,78.62
57665,20140305,77.42
57665,20140306,78.22
57665,20140307,79.46
57665,20140310,78.98
57665,20140311,78.8
57665,20140312,78.97
57665,20140313,78.53
57665,20140314,78.32
57665,20140317,78.98
57665,20140318,79.64
57665,20140319,79.15
57665,20140320,79.27
57665,20140321,75.21
57665,20140324,74.86
57665,20140325,73.65
57665,20140326,73.22
57665,20140327,73.32
57665,20140328,73.54
57665,20140331,73.86
57665,20140401,74.39
57665,20140402,74.54
57665,20140403,73.99
57665,20140404,72.84
57665,20140407,70.83
57665,20140408,72.92
57665,20140409,73.56
57665,20140410,72.45
57665,20140411,71.25
57665,20140414,72.38
57665,20140415,72.28
57665,20140416,73.1
57665,20140417,74.03
57665,20140421,73.9
57665,20140422,74.35
57665,20140423,74.1
57665,20140424,73.39
57665,20140425,72.7
57665,20140428,71.67
57665,20140429,72.48
57665,20140430,72.95
57665,20140501,72.92
57665,20140502,72.99
57665,20140505,73.29
57665,20140506,72.25
57665,20140507,72.18
57665,20140508,73.05
57665,20140509,73.45
57665,20140512,74.63
57665,20140513,74.59
57665,20140514,73.58
57665,20140515,72.94
57665,20140516,73.94
57665,20140519,74.49
57665,20140520,73.26
57665,20140521,74.21
57665,20140522,74.88
57665,20140523,75.85
57665,20140527,76.61
57665,20140528,76.27
57665,20140529,76.38
57665,20140530,76.91
57665,20140602,76.72
57665,20140603,75.55
57665,20140604,76.13
57665,20140605,75.87
57665,20140606,76.23
57665,20140609,76.67
57665,20140610,76.31
57665,20140611,75.14
57665,20140612,74.77
57665,20140613,74.62
57665,20140616,74.55
57665,20140617,75.09
57665,20140618,76.21
57665,20140619,75.64
57665,20140620,75.1
57665,20140623,75.45
57665,20140624,74.98
57665,20140625,76.47
57665,20140626,76.86
57665,20140627,77.68
57665,20140630,77.55
57665,20140701,78
57665,20140702,77.79
57665,20140703,78.45
57665,20140707,78.65
57665,20140708,77.67
57665,20140709,78.69
57665,20140710,77.5
57665,20140711,77.29
57665,20140714,77.95
57665,20140715,78.03
57665,20140716,76.92
57665,20140717,76.53
57665,20140718,77.52
57665,20140721,76.82
57665,20140722,77.04
57665,20140723,77.37
57665,20140724,78.6
57665,20140725,77.72
57665,20140728,78.4
57665,20140729,78.1
57665,20140730,79.61
57665,20140731,77.13
57665,20140801,76.78
57665,20140804,77.16
57665,20140805,76.92
57665,20140806,77.14
57665,20140807,76.35
57665,20140808,77.06
57665,20140811,77.06
57665,20140812,76.73
57665,20140813,77.25
57665,20140814,77.3
57665,20140815,77.13
57665,20140818,78.55
57665,20140819,78.51
57665,20140820,78.91
57665,20140821,78.94
57665,20140822,79.29
57665,20140825,80.01
57665,20140826,79.48
57665,20140827,79.72
57665,20140828,78.82
57665,20140829,78.55
57665,20140902,79.28
57665,20140903,78.82
57665,20140904,79.92
57665,20140905,82.04
57665,20140908,82.4
57665,20140909,81.84
57665,20140910,82.47
57665,20140911,81.82
57665,20140912,81.84
57665,20140915,81.61
57665,20140916,81.2
57665,20140917,81.51
57665,20140918,81.97
57665,20140919,81.81
57665,20140922,80.71
57665,20140923,80.12
57665,20140924,80.84
57665,20140925,79.75
57665,20140926,89.5
57665,20140929,89.12
57665,20140930,89.2
57665,20141001,87.7
57665,20141002,89.3
57665,20141003,90.29
57665,20141006,89.22
57665,20141007,88.07
57665,20141008,88.83
57665,20141009,87.23
57665,20141010,87.19
57665,20141013,85.39
57665,20141014,85.09
57665,20141015,85.18
57665,20141016,87.04
57665,20141017,87.18
57665,20141020,88.9
57665,20141021,90.64
57665,20141022,89.86
57665,20141023,90.37
57665,20141024,90.9
57665,20141027,91.64
57665,20141028,92.45
57665,20141029,91.95
57665,20141030,93
57665,20141031,92.97
57665,20141103,93.45
57665,20141104,93.95
57665,20141105,94.68
57665,20141106,94.6
57665,20141107,93.78
57665,20141110,94.96
57665,20141111,94.88
57665,20141112,95.81
57665,20141113,96.12
57665,20141114,95.5
57665,20141117,96.06
57665,20141118,96.47
57665,20141119,96.95
57665,20141120,97.3
57665,20141121,97.42
57665,20141124,97.95
57665,20141125,97.29
57665,20141126,97.8
57665,20141128,99.29
57665,20141201,97.69
57665,20141202,98.04
57665,20141203,98.5
57665,20141204,99.05
57665,20141205,99.33
57665,20141208,97.72
57665,20141209,97.03
57665,20141210,97.66
57665,20141211,96.93
57665,20141212,96.17
57665,20141215,95.43
57665,20141216,93.21
57665,20141217,94.5
57665,20141218,97.08
57665,20141219,94.84
57665,20141222,95.93
57665,20141223,95.97
57665,20141224,96.29
57665,20141226,96.83
57665,20141229,97.3
57665,20141230,96.88
57665,20141231,96.15