,Ticker,Index,Date,Time,Headline,Source,NumWords,missing
1,NKE,201,20120116,713,=DJ CFA Retail:Insider Review For Week Ended Jan. 13 -2-,Dow Jones Institutional News,672,0
2,NKE,202,20120116,713,=DJ CFA Retail:Insider Review For Week Ended Jan. 13,Dow Jones Institutional News,574,0
3,NKE,203,20120109,712,WSJ: Multinationals Brace For India Ruling On Vodafone,Dow Jones Chinese Financial Wire,510,0
4,NKE,204,20120116,233,Nike Contractor Pays Indonesians in Settlement,WSJ Blogs,649,1
5,NKE,205,20120113,1309,WSJ: Indonesian Factory With Nike Contract Will Pay $1M In Back Wages,Dow Jones International News,590,0
6,NKE,206,20120113,113,=DJ CFA Substantial Insider Sales: Morning Report,Dow Jones Institutional News,507,0
7,NKE,207,20120112,844,=DJ CFA Substantial Insider Sales: Afternoon Report,Dow Jones Institutional News,632,0
8,NKE,208,20120112,1644,Multinationals Brace for India Ruling on Vodafone,The Wall Street Journal Online,531,0
9,NKE,209,20120112,NA,Nike Contractor to Pay Back Wages to Workers,The Wall Street Journal Online,1379,0
10,NKE,210,20120111,1818,Indonesian Factory With Nike Contract Will Pay $1 Million In Back Wages,Dow Jones Business News,1424,0
11,NKE,211,20120112,1759,WSJ(1/11) India Eases Retail Access,Dow Jones Institutional News,242,0
12,NKE,212,20120112,1533,India Eases Retail Access,Dow Jones Top News & Commentary,315,0
13,NKE,213,20120112,1518,"Men's Shoes That Make a Statement; Shoemakers as varied as Jimmy Choo, Florsheim and Brooks Brothers hare creating new takes on classic...",The Wall Street Journal Online,314,0
14,NKE,214,20120110,1908,India Lifts Some Limits on Foreign Retailers,The Wall Street Journal Online,236,0
15,NKE,215,20120110,1908,WSJ BLOG/India Real Time: Top Stories From The Wall Street Journal,Dow Jones International News,219,0
16,NKE,216,20120111,1659,"India opens doors to Nike, Starbucks and Ikea",CNN Wire,60,0
17,NKE,217,20120111,NA,"US Stock Futures Jump, Following Asia and Europe On Data, Earnings",Dow Jones Business News,517,0
18,NKE,218,20120110,2443,DJ US HOT STOCKS TO WATCH: NKE,Dow Jones Chinese Financial Wire,538,0
19,NKE,219,20120110,2443,DJ Nike To Build New China Headquarters,Dow Jones Chinese Financial Wire,547,0
20,NKE,220,20120110,2443,=DJ CFA Retail:Insider Review For Week Ended Jan. 6 -2-,Dow Jones Institutional News,547,0
21,NKE,221,20120110,1736,"NIKE, Inc. Announces Plans For Greater China Headquarters",Dow Jones News Service,380,0
22,NKE,222,20120110,2127,=DJ CFA Substantial Insider Sales: Morning Report,Dow Jones Institutional News,238,0
23,NKE,223,20120111,1212,Nike Inc (NKE) Mkt On Close Buy Imbalance: Shrs 62100,Dow Jones News Service,372,0
24,NKE,224,20120110,858,=DJ CFA Retail:Insider Review For Week Ended Dec. 30,Dow Jones Institutional News,1664,0
25,NKE,225,20120110,843,=DJ CFA Retail:Insider Review For Week Ended Dec. 30 -2-,Dow Jones Institutional News,1664,0
26,NKE,226,20120110,650,=DJ CFA Substantial Insider Sales: Morning Report,Dow Jones Institutional News,36,0
