,Ticker,Index,Date,Time,Headline,Source,NumWords,missing
1,NKE,1,20131231,1628,Productive Late-Season Acquisitions for DJIA -- Market Talk,Dow Jones Institutional News,103,0
2,NKE,2,20131231,1628,Productive Late-Season Acquisitions for DJIA -- Market Talk,Dow Jones Institutional News,1605,0
3,NKE,3,20131224,1103,The $160 'glorified sock' that has helped Nike's net income soar by 40% in the last three months,Mail Online,658,0
4,NKE,4,20131223,1722,US HOT STOCKS TO WATCH: NKE,Dow Jones Newswires Chinese (English),654,0
5,NKE,5,20131220,629,"MARKET PULSE-BlackBerry, Nike, Red Hat, Jazz Pharmaceuticals",Reuters News,55,0
6,NKE,6,20131220,753,BRIEF-NIKE brand president says Q2 comparable store sales rose 10 percent,Reuters News,1126,0
7,NKE,7,20131219,1911,"Better Plays on Nike? Foot Locker, Finish Line -- Market Talk",Dow Jones Institutional News,119,0
8,NKE,8,20131220,1333,"Better Plays on Nike? Foot Locker, Finish Line -- Market Talk",Dow Jones Institutional News,151,0
9,NKE,9,20131220,1333,"Nike's Order Growth Offset by Forex, Spending -- Market Talk",Dow Jones Institutional News,1521,0
10,NKE,10,20131220,824,"Nike's Order Growth Offset by Forex, Spending -- Market Talk",Dow Jones Institutional News,1421,0
11,NKE,11,20131220,824,"Nike Showing Strength In Europe, US, China",Dow Jones Institutional News,113,0
12,NKE,12,20131219,1949,Nike 2Q Cont Ops EPS 59c >NKE,Dow Jones Newswires Chinese (English),344,0
13,NKE,13,20131219,1737,Nike 2Q Cont Ops EPS 59c >NKE,Dow Jones Newswires German,442,0
14,NKE,14,20131219,1639,"Morning Technical Briefing: Coach, Nike, Deckers Outdoor, and Iconix Brand Group",PR Newswire (U.S.),438,0
15,NKE,15,20131219,1615,Nike Inc raises FY 2014 revenue outlook - Conference Call,Reuters Significant Developments,33,0
16,NKE,16,20131219,1615,Nike Profit Up 40% Behind Widespread Sales Growth,Dow Jones Top News & Commentary,123,0
17,NKE,17,20131219,801,UPDATE 1-Nike profit rises and advance orders jump,Reuters News,1220,0
18,NKE,18,20131219,NA,BRIEF-NIKE falls in extended trading after results,Reuters News,53,0
19,NKE,19,20131219,1639,"Nike Tops Estimates, Future Orders Gain -- Market Talk",Dow Jones Institutional News,379,0
20,NKE,20,20131219,1139,"Nike Tops Estimates, Future Orders Gain -- Market Talk",Dow Jones Institutional News,372,0
21,NKE,21,20131219,1653,"New Appointments, Upcoming Earnings Schedules, Quarterly Financial Results, and Divestiture Agreements - Research Report on lululemon, Nike, PVH, Vera Bradley, and Fifth & Pacific",PR Newswire (U.S.),302,0
22,NKE,22,20131219,1643,"Oracle, Nike to Report Earnings, AMC Expected to Make Public Debut",Dow Jones Top North American Equities Stories,302,0
23,NKE,23,20131219,1626,"Adobe Systems, FedEx, Oracle, Nike and General Millsare part of Zacks Earnings Preview:",PR Newswire (U.S.),294,0
24,NKE,24,20131219,1617,In Store | Retro Nike Sneakers Aimed at the Fashion Set,NYT Blogs,38,0
25,NKE,25,20131219,1631,The GRAMMY Foundation(R) Teams Up With Special Partners To Provide Cash Grants To 16 Public High Schools Through The GRAMMY(R) Signature...,PR Newswire (U.S.),1458,0
26,NKE,26,20131219,1631,Nike and Adidas square off for Brazil World Cup in ongoing brand battle,Reuters News,89,0
27,NKE,27,20131217,801,LeBron Can't Let His Old Shoes Go,The Wall Street Journal,1440,0
28,NKE,28,20131129,801,LeBron Can't Let His Old Shoes Go; Basketball Star Keeps Wearing Last Year's Kicks Even as Retailers Move On,The Wall Street Journal Online,1318,0
29,NKE,29,20131216,633,Kanye will not be pleased! Drake finds himself in the firing line of hotheaded West as he signs on to be spokesperson for Nike after Yeezus star severs ties with company,Mail Online,590,0
30,NKE,30,20131215,2238,"Critical Alerts For ExOne, Microsoft, United Technologies, Du Pont, and Nike Released By InvestorsObserver",PR Newswire (U.S.),590,0
31,NKE,31,20131213,1458,Is LeBron James Sold on His New Nike Sneaker?,WSJ Live: News Hub PM,603,1
32,NKE,32,20131213,1443,"Press Release: NIKE, Inc. Announces Second Quarter Fiscal 2014 Earnings and Conference Call",Dow Jones Institutional News,603,0
33,NKE,33,20131216,930,"Press Release: NIKE, Inc. Unveils ColorDry Technology and High-Tech Taiwanese Facility to Eliminate Water and Chemicals in Dyeing",Dow Jones Institutional News,1014,0
34,NKE,34,20131216,NA,British Golfers Select Nike as Most Fashionable Brand,PR Newswire Europe,264,0
35,NKE,35,20131210,1552,'Did you not want the Yeezys?' Kanye West rages about failed collaboration with Nike in bizarre mid-concert rant,Mail Online,1040,0
36,NKE,36,20131208,300,"The Zacks Analyst Blog Highlights: JinkoSolar Holding, Salesforce.com, Gap, Nike and Unilever",PR Newswire (U.S.),1177,0
37,NKE,37,20131206,NA,"Pre-Market Analysis: Coach Inc., Nike Inc., Deckers Outdoor Corp., and Iconix Brand Group Inc.",PR Newswire (U.S.),712,0
38,NKE,38,20131205,1922,Foot Locker 3rd-Quarter Net Down 1.9% on Rise in Costs,Dow Jones Top North American Equities Stories,777,0
39,NKE,39,20131205,1422,"DJ NIKE Inc Class B, Inst Holders, 3Q 2013 (NKE)",Dow Jones Institutional News,766,0
40,NKE,40,20131205,2429,S&P Climbs Past 1800; Stocks Rise on Encouraging Production Data,The Wall Street Journal Online,762,0
41,NKE,41,20131205,2413,"Fed, Profits Push the Dow to 16000 --- Blue-Chip Average Up 22% for Year, Though Earnings Growth Is Slowing",The Wall Street Journal,679,0
42,NKE,42,20131205,1115,"*NIKE, Inc. Announces 14 Percent Increase In Quarterly Dividend >NKE",Dow Jones Institutional News,665,0
43,NKE,43,20131205,1101,Nike Inc Announces 14% Increase In Quarterly Dividend,Reuters Significant Developments,662,0
44,NKE,44,20131205,931,BRIEF-NIKE says 14 pct increase in quarterly dividend,Reuters News,370,0
45,NKE,45,20131205,NA,"Fed, Profits Push the Dow to 16000; Blue-Chip Average Up 22% for Year, Though Earnings Growth Is Slowing",The Wall Street Journal Online,618,0
46,NKE,46,20131205,1629,Boeing Powers Dow to 16000,WSJ Blogs,563,1
47,NKE,47,20131203,556,NYSE New 52-Week Highs And Lows -2-,Dow Jones Newswires Chinese (English),595,0
48,NKE,48,20131129,200,DJIA's Newest Members Help Big in Drive to Highs -- Market Talk,Dow Jones Institutional News,386,0
49,NKE,49,20131128,1130,DJIA's Newest Members Help Big in Drive to Highs -- Market Talk,Dow Jones Institutional News,483,0
50,NKE,50,20131128,1040,United yet to put their shirt on Nike... despite being in talks over £1billion deal for THREE years,Mail Online,471,0
51,NKE,51,20131125,930,UNITED YET TO PUT THEIR SHIRT ON NIKE; SPORTS AGENDA,Daily Mail,1245,0
52,NKE,52,20131122,801,He's not just playing for pride...Ronaldo has £7.5m Nike contract riding on Portugal's place in World Cup 2014,Mail Online,1168,0
53,NKE,53,20131031,1012,NYSE New 52-Week Highs And Lows -2-,Dow Jones Newswires Chinese (English),1150,0
54,NKE,54,20131122,738,NYSE New 52-Week Highs And Lows -2-,Dow Jones Newswires Chinese (English),297,0
55,NKE,55,20131122,753,Andre Agassi Discusses Life and Career Post-Tennis,Wall Street Journal Video,297,1
56,NKE,56,20131122,805,UPDATE: Alibaba 11.11 Shopping Festival Breaks Record,Dow Jones Newswires Chinese (English),300,0
57,NKE,57,20131122,750,*S&P Raises Fifty-Seventh Street Associates LLC Rtg To 'AA-',Dow Jones Institutional News,300,0
58,NKE,58,20131122,724,"Where Is the 'University of Nike,' Anyway?; Someone Seems to Think It's Now in Tuscaloosa",The Wall Street Journal Online,286,0
59,NKE,59,20131122,818,"Earnings, Sales Drop for Adidas",The Wall Street Journal Europe,295,0
60,NKE,60,20131122,316,Indonesia enters 'new equilibrium' as economic growth continues to slow; Southeast Asia,Financial Times,665,0
61,NKE,61,20131122,1330,Indonesia's economy faces headwinds,Financial Times,791,0
62,NKE,62,20131122,NA,A Day in the Life of Nike CEO Mark Parker; The company's top executive combines technical savvy with a sophisticated aesthetic eye,The Wall Street Journal Online,970,0
63,NKE,63,20131121,1615,Adidas Races to Catch Nike With Eye on 2014 World Cup,The Wall Street Journal Online,421,0
64,NKE,64,20131121,NA,Adidas Loses Traction in Western Europe as Nike's Sales Advance -- 2nd Update,Dow Jones Institutional News,93,0
65,NKE,65,20131121,1618,Adidas Loses Traction Against Nike -- Update,Dow Jones Institutional News,67,0
66,NKE,66,20131121,1521,"UPDATE 3-Adidas says soccer, running to help it beat Nike in Europe",Reuters News,934,0
67,NKE,67,20131118,716,Press Release: Nike Names New Vice President of Action Sports,Dow Jones Institutional News,228,0
68,NKE,68,20131118,1121,S&P Raises Nike Ratings on Solid Product-Launch Track Record,Dow Jones Institutional News,703,0
69,NKE,69,20131118,931,Adidas Bets on World Cup for Lift Against Nike,WSJ Live: News Hub PM,154,1
70,NKE,70,20131118,931,Sneakers Something We Just Can't Do Without -- Market Talk,Dow Jones Institutional News,1572,0
71,NKE,71,20131116,822,Sneakers Something We Just Can't Do Without -- Market Talk,Dow Jones Institutional News,698,0
72,NKE,72,20131116,NA,Sneaker Weakness Seen Hurting Shoe Carnival -- Market Talk,Dow Jones Institutional News,677,0
73,NKE,73,20131115,708,Sneaker Weakness Seen Hurting Shoe Carnival -- Market Talk,Dow Jones Institutional News,236,0
74,NKE,74,20131115,1521,Manchester United set to sign world record £300m kit deal with Nike,Mail Online,736,0
75,NKE,75,20131114,1322,Manchester United set to sign world record £300m kit deal with Nike,Mail Online,711,0
76,NKE,76,20131113,NA,"Under Armour Reports Higher Earnings, Outlook; Maker of Athletic Apparel Helped by New Footwear, Gear Aimed at Women",The Wall Street Journal Online,3689,0
77,NKE,77,20131111,2240,Pacific Equity Partners Nears Braiform Sale to Management,WSJ Blogs,713,1
78,NKE,78,20131111,1837,Corporate News: Reebok Chief Quits as Jobs Are Combined At Adidas,The Wall Street Journal,839,0
79,NKE,79,20131111,1040,"Critical Alerts For Stratasys, CBS, Ctrip, Marriott, and Nike Released By InvestorsObserver",PR Newswire (U.S.),811,0
80,NKE,80,20131111,1040,"Adidas Names Head for Adidas, Reebok in North America; Athletic apparel company consolidates management of two of its biggest brands...",The Wall Street Journal Online,831,0
81,NKE,81,20131111,949,Running on PB&J: Peanut butter and jelly sandwiches inspire Nike's latest sneakers,Mail Online,830,0
82,NKE,82,20131111,1134,Running on PB&J: Peanut butter and jelly sandwiches inspire Nike's latest sneakers,Mail Online,1264,0
83,NKE,83,20131106,1423,Nike set to cash in on Brazil-bound England with two new shirts ahead of World Cup,Mail Online,1604,0
84,NKE,84,20131110,1311,Women the weaker sex? Not when it comes to working out! Females around the world burn more calories a day according to Nike,Mail Online,231,0
85,NKE,85,20131108,NA,Press Release: Nike Unveils Nike+ FuelBand SE and Nike+ FuelBand App Designed to Inspire and Motivate Athletes at Every Level,Dow Jones Newswires,513,0
86,NKE,86,20131108,NA,"Insider Trading Picks for Microsoft, PVR Partners, Nike, Bank of America, Yahoo, and Exxon Mobil",PR Newswire (U.S.),517,0
87,NKE,87,20131107,2459,China's Meike to offer subsidy to sportswear distributors,Reuters News,519,0
88,NKE,88,20131107,216,I sacrificed three months to make Nike move - Rory; WORLD OF SPORT,Irish Daily Mail,525,0
89,NKE,89,20131107,NA,"Today's Research: Coach Inc., Nike Inc., Deckers Outdoor Corp., and Iconix Brand Group Inc.",PR Newswire (U.S.),650,0
90,NKE,90,20131106,748,"DJ NIKE, Inc. Unveils FY2017 Target Revenue of $36 Billion",Dow Jones Nachrichten auf Deutsch,658,0
91,NKE,91,20131107,NA,Alibaba Leads $206 Million Investment in Amazon.com Competitor ShopRunner,Dow Jones Top North American Equities Stories,176,0
92,NKE,92,20131107,915,Nike Inc Issues FY 2017 Revenue Guidance Above Analysts' Estimates; Sees FY 2015 Revenue Guidance At Top End Of Prior Range,Reuters Significant Developments,474,0
93,NKE,93,20131106,1934,DJ  Nike Targets $36 Billion in Revenue by 2017,Dow Jones Chinese Newswires English Content,963,0
94,NKE,94,20131107,NA,DJ Nike Expects to Deliver Revenue of $30 Billion by Fiscal Year 2015,Dow Jones Chinese Newswires English Content,954,0
95,NKE,95,20131107,1433,"DJ  NIKE, Inc. Announces Target For FY17 Rev Of $36 Billion",Dow Jones Chinese Newswires English Content,972,0
96,NKE,96,20131106,1423,"Press Release: NIKE, Inc. Announces Target for FY17 Revenues of $36 Billion",Dow Jones Newswires,972,0
97,NKE,97,20131106,1403,"*DJ NIKE, Inc. Announces Target For FY17 Rev Of $36 Billion*",Dow Jones Newswires,981,0
98,NKE,98,20131107,1829,"DJ Dir SMITH Registers 36,000 Of NIKE INC >NKE",Dow Jones Newswires,688,0
99,NKE,99,20131107,802,"NIKE, Inc. Announces Target For FY17 Rev Of $36 Billion*",Dow Jones News Service,607,0
100,NKE,100,20131107,141,DJ Trade Talks Run Long,Dow Jones Newswires,874,0
