,Ticker,Index,Date,Time,Headline,Source,NumWords,missing
1,NKE,101,20110801,713,=DJ CFA Retail:Insider Review For Week Ended July 29,Dow Jones Institutional News,523,0
2,NKE,102,20110718,712,=DJ CFA Retail:Insider Review For Week Ended July 29 -2-,Dow Jones Institutional News,517,0
3,NKE,103,20110801,712,HEARD ON THE STREET: Waiting for India's Retail Surge,Dow Jones Top News & Commentary,602,0
4,NKE,104,20110801,956,Life Rolls On Celebrates 10th Anniversary as the Official Charity of the Nike U.S. Open of Surfing with Special Charity Auction,PR Newswire (U.S.),477,0
5,NKE,105,20110801,1513,Way to Grade Directors: By Shareholder Returns,The Wall Street Journal Asia,640,0
6,NKE,106,20110801,NA,Nike Inc (NKE) Mkt On Close Sell Imbalance: Shrs 135700,Dow Jones News Service,965,0
7,NKE,107,20110725,NA,Nike Inc (NKE) Mkt On Close Sell Imbalance: Shrs 358500,Dow Jones News Service,1185,0
8,NKE,108,20110729,1545,Carlyle Hires Rory Macmillan For EMEA External Affairs,Dow Jones Business News,10,0
9,NKE,109,20110728,1545,Nike Inc (NKE) Mkt On Close Sell Imbalance: Shrs 524600,Dow Jones News Service,10,0
10,NKE,110,20110727,651,=DJ CFA Substantial Insider Sales: Morning Report,Dow Jones Institutional News,162,0
11,NKE,111,20110727,615,Nike CEO Fiscal 2011 Total Compensation Down 16% To $11 Million,Dow Jones Business News,163,0
12,NKE,112,20110727,1545,Macerich Announces the Acquisiton of Fashion Outlets of Niagara Falls,PR Newswire (U.S.),10,0
13,NKE,113,20110726,844,Grading Directors by Stock Price; Shareholder Returns Are One Way to Determine Effectiveness of Independent Board Members; Research Firm...,The Wall Street Journal Online,674,0
14,NKE,114,20110726,1730,NineSigma Partners with LAUNCH to Find Game-Changing Energy Solutions to Support a More Sustainable Future,PR Newswire (U.S.),350,0
15,NKE,115,20110726,1637,Celebrity endorsement,Financial Times,349,0
16,NKE,116,20110726,600,UPDATE: India Panel Backs Opening Up Multi-Brand Retail To FDI,Dow Jones Institutional News,496,0
17,NKE,117,20110725,NA,"USAID Addresses Global Energy Issues Through ""LAUNCH"" Challenge",PR Newswire (U.S.),1294,0
18,NKE,118,20110725,1016,WSJ: Chinese Basketball Great Yao Ming Retires,Dow Jones Chinese Financial Wire,642,0
19,NKE,119,20110723,NA,Adidas Sees Latin America Helping It Meet 2015 Sales Target,Dow Jones International News,138,0
20,NKE,120,20110722,1401,"A Rapper Mixes and Matches; Straight Out of Flatbush, Theophilus London Absorbs Every Corner of the City",The Wall Street Journal Online,862,0
21,NKE,121,20110722,1401,Life & Style --- Geek Chic: Running on Time --- Keep Pace With Nike's GPS Watch,The Wall Street Journal Asia,853,0
22,NKE,122,20110722,1346,Theophilus London: Rap's Marketable New Face,WSJ Blogs,853,1
23,NKE,123,20110722,1118,Nike Inc (NKE) Mkt On Close Sell Imbalance: Shrs 865700,Dow Jones News Service,726,0
24,NKE,124,20110720,2155,"Nike, Inc. Starts Trading on Bovespa's OTC Market-BM&FBovespa",Reuters Significant Developments,485,0
25,NKE,125,20110721,1751,=DJ CFA Retail:Insider Review For Week Ended July 15 -2-,Dow Jones Institutional News,625,0
26,NKE,126,20110720,NA,Large Insider Trade Activity Found in Consumer Cyclical and Internet Sectors,PR Newswire Asia,918,0
27,NKE,127,20110720,NA,WSJ BLOG/Washington Wire: Vick to Endorse Anti-Dogfighting Bill,Dow Jones News Service,887,0
28,NKE,128,20110720,NA,U.S. Women's Soccer Success Gives Men a Tough Goal: Buying a Jersey --- Male Fans Must Shimmy Into Snug Tops Or Make Their Own; the 'Sexy...,The Wall Street Journal,272,0
29,NKE,129,20110716,NA,Nike Inc (NKE) Mkt On Close Buy Imbalance: Shrs 125900,Dow Jones News Service,282,0
30,NKE,130,20110719,1434,Nike Inc (NKE) Mkt On Close Buy Imbalance: Shrs 51500,Dow Jones News Service,847,0
31,NKE,131,20110719,1545,NIKE Inc. & Converse Address Supply Chain Issues,Dow Jones News Service,10,0
32,NKE,132,20110719,NA,"Hagens Berman LLP Announces Investigation Of Nike, Inc.",Reuters Significant Developments,75,0
33,NKE,133,20110718,711,=DJ CFA Substantial Insider Sales: Morning Report,Dow Jones Institutional News,660,0
34,NKE,134,20110718,919,The public image: Nike's 'Copa Barrio' campaign; Ad deconstructed,Financial Times,626,0
35,NKE,135,20110718,900,=DJ CFA Retail:Insider Review For Week Ended July 8 -2-,Dow Jones Institutional News,650,0
36,NKE,136,20110718,1949,=DJ CFA Retail:Insider Review For Week Ended July 8,Dow Jones Institutional News,250,0
37,NKE,137,20110718,1941,Getting to Music's Heart and Rubber Soul; Converse Sneaker Company Looks to Foster Young Bands and Break Into Brooklyn Scene With Free...,The Wall Street Journal Online,252,0
38,NKE,138,20110718,1840,Barron's(7/11) A Slightly Subpar Six-Month Showing,Dow Jones Institutional News,252,0
39,NKE,139,20110716,NA,Arts & Entertainment: Getting to Music's Heart and Rubber Soul --- Converse Sneaker Company Looks to Foster Young Bands and Break Into...,The Wall Street Journal,1015,0
40,NKE,140,20110715,1545,=DJ CFA Substantial Insider Sales: Morning Report,Dow Jones Institutional News,10,0
41,NKE,141,20110714,1545,MARKET TALK: Equinet Still Positive On Adidas Despite Li Ning,Dow Jones International News,10,0
42,NKE,142,20110713,1657,Stoudemire Re-Ups His Deal With Nike,The Wall Street Journal Online,8,0
43,NKE,143,20110713,NA,=DJ CFA Substantial Insider Sales: Morning Report,Dow Jones Institutional News,187,0
44,NKE,144,20110712,844,Nike Inc (NKE) Mkt On Close Sell Imbalance: Shrs 652600,Dow Jones News Service,931,0
45,NKE,145,20110712,NA,Deere & Company Insider Trading Activity at DE Stock Price Around US$85 per Share,PR Newswire (U.S.),212,0
46,NKE,146,20110711,712,Nike Inc (NKE) Mkt On Close Sell Imbalance: Shrs 121000,Dow Jones News Service,768,0
47,NKE,147,20110711,713,Step Into | Aloha Rag for Converse; T Magazine,NYT Blogs,566,0
48,NKE,148,20110709,NA,Corporate News: Corporate Watch,The Wall Street Journal,826,0
49,NKE,149,20110709,1203,NIKE RE-SIGNS VICK,The New York Times Abstracts,1466,0
50,NKE,150,20110709,NA,"So Many Worries, So Many Buying Opportunities",The Wall Street Journal Online,825,0
51,NKE,151,20110708,844,"Casey Anthony Trial Set For Closing Arguments; Prosecutors Admit Problems With Accuser's Statements in DSK Case; Georgia Tries Guest-Worker Programs to Help Farmers; CNN Road Trip: Three Friends, One Vehicle, One Tank of Gas; Password Dos and Don'ts; Gesture Gets Spectator Jail Time; Royal Wedding on French Riviera; Iowa Tour for Bachmann; Nike and Michael Vick Re-Unite",CNN: Saturday Morning,930,0
52,NKE,152,20110707,443,Nike Re-Signs Vick,The New York Times,161,0
53,NKE,153,20110707,NA,Minnesota Government Shuts Down After Budget Talk Breakdown; Duke and Duchess of Cambridge Visit Canada; Michele Bachmann Campaigns in Iowa; Political Analysts Discuss Congress Debt Ceiling Negotiations; Michael Vick Signs Endorsement Deal With Nike; Georgia Experiencing Shortfall in Farm Labor Due to Anti-Illegal Immigration Bill,CNN: CNN Newsroom,319,0
54,NKE,154,20110707,NA,Barron's(7/4) Hot Profits? Keep A Cool Head,Dow Jones Institutional News,325,0
55,NKE,155,20110706,844,Nike and NFL's Vick Team Up,The Wall Street Journal Online,1071,0
56,NKE,156,20110706,1545,Nike Inc (NKE) Mkt On Close Sell Imbalance: Shrs 541800,Dow Jones News Service,10,0
57,NKE,157,20110706,915,Nike Re-Signs Michael Vick To Endorsement Deal -CNBC,Dow Jones News Service,479,0
58,NKE,158,20110705,1545,Michael Vick in Nike endorsement deal,CNN Wire,10,0
59,NKE,159,20110705,NA,Michael Vick in Nike endorsement deal,CNN Wire,154,0
60,NKE,160,20110705,NA,Michael Vick in Nike endorsement deal,CNN Wire,640,0
61,NKE,161,20110702,NA,"Drinking With: Kyle MacLachlan's New Role: Winemaker --- The Actor on Washington Wines, High Alcohol Content and Playing Affable but...",The Wall Street Journal Asia,35,0
