,Ticker,Index,Date,Time,Headline,Source,NumWords,missing
1,NKE,101,20091014,1104,Bailing Out of the Chamber: Are Apple and Nike Smart or Shortsighted?,WSJ Blogs,567,1
2,NKE,102,20091014,1312,US Chamber Of Commerce Kicks Off Campaign Touting Free Enterprise,Dow Jones Business News,531,0
3,NKE,103,20091014,2457,"Apple, Nike and the U.S. Chamber",The Wall Street Journal,531,0
4,NKE,104,20091014,NA,"Apple, Nike and the U.S. Chamber; Putting green politics above the interests of shareholders.",The Wall Street Journal Online,860,0
5,NKE,105,20091014,NA,UPDATE 1-Nike says Spillane to become Converse CEO,Reuters News,843,0
6,NKE,106,20091012,1004,"NIKE, Inc. Announces Michael Spillane As New CEO Of Converse",Dow Jones News Service,96,0
7,NKE,107,20091012,905,Chamber Blasts Apple Over Climate Flap,The Wall Street Journal Online,10,0
8,NKE,108,20091008,1625,US Chamber Of Commerce Head Says Targeted By Environmentalists,Dow Jones News Service,693,0
9,NKE,109,20091008,1142,Nike Names Michaela Stitz As Vice Pres Of Central And Eastern Europe,Dow Jones News Service,370,0
10,NKE,110,20091007,500,Political Alliances Shift in Fight Over Climate Bill,The Wall Street Journal Online,12,0
11,NKE,111,20091006,NA,Climate bill splits alliance --- Companies diverge from powerful lobby over carbon proposals,The Wall Street Journal Europe,747,0
12,NKE,112,20091006,NA,US Chamber Fires Back At Apple In Climate-Policy Dispute,Dow Jones News Service,628,0
13,NKE,113,20091006,NA,Columbia Sportswear Co Names Kathleen McNally Director Of Apparel Design,Dow Jones News Service,601,0
14,NKE,114,20091005,NA,GE Declines 3.8%; Conoco Gains 2.9%,The Wall Street Journal Online,745,0
15,NKE,115,20091006,1800,Large Stock Focus: GE Declines 3.8%; Conoco Gains 2.9%,The Wall Street Journal,288,0
16,NKE,116,20091006,1721,NIKE DENIES SIGNING VICK TO AN ENDORSEME,The New York Times Abstracts,10,0
17,NKE,117,20091003,NA,Nike Denies Signing Vick To an Endorsement Deal,The New York Times,472,0
18,NKE,118,20091003,NA,Nike Inc Files 8K - Operations And Financial Condition,Dow Jones Corporate Filings Alert,470,0
19,NKE,119,20091002,NA,EPA Proposes Tough Greenhouse-Gas Rules for Big Industries,The Wall Street Journal Online,18,0
20,NKE,120,20091002,NA,BofA and Disney Fall; Moody's Gives Up 1.7%,The Wall Street Journal Online,490,0
21,NKE,121,20091002,1146,U.S. stocks' best quarter since '98 ends with a fall,The Wall Street Journal Europe,157,0
22,NKE,122,20091001,NA,"Jon Gosselin`s Move to Shut Down ""Jon & Kate Plus 8""; Rabbi Shmuley Tells All; Is Michael Vick Going to Endorse Nike?; News About Sarah Palin`s Going Rogue; Heidi Montag`s Sex Secret",CNN Headline News: Showbiz Tonight,571,0
23,NKE,123,20091001,NA,Nike Steps Back From Chamber Over Climate-Change Dispute,Clean Technology Insight,596,0
24,NKE,124,20091001,NA,"SportsTicker: Michael Vick Re-signs With Nike, Agent Says",Dow Jones News Service,346,0
25,NKE,125,20091001,NA,Nike denies endorsement deal with NFL player Vick,Reuters News,8776,0
26,NKE,126,20091001,NA,U.S. News: EPA Proposes Tough Greenhouse-Gas Rules for Big Industries,The Wall Street Journal,261,0
27,NKE,127,20091001,830,Large Stock Focus: BofA and Disney Fall; Moody's Gives Up 1.7%,The Wall Street Journal,625,0
