,Ticker,Index,Date,Time,Headline,Source,NumWords,missing
1,NKE,1,20050630,NA,New Nike chief on the starting blocks.,Financial Times,535,0
2,NKE,2,20050629,1100,"Fight Cancer With Lance Armstrong at the LIVESTRONG Ride; Proceeds to Support LAF, Oregon Health & Science University Cancer Institute",PR Newswire (U.S.),727,0
3,NKE,3,20050629,826,"WSJ.COM/Stock Watch: Bulls, Bears Debate Nike",Dow Jones News Service,1270,0
4,NKE,4,20050629,NA,FT.com site : New Nike chief on the starting blocks.,Financial Times (FT.Com),573,0
5,NKE,5,20050629,NA,FT.com site : New Nike CEO makes public debut.,Financial Times (FT.Com),463,0
6,NKE,6,20050628,1302,Nike Apologizes For 'Major Threat' Ad Campaign,Dow Jones International News,322,0
7,NKE,7,20050628,NA,Nike's Net Climbs 15% on Sales,The Wall Street Journal Europe,351,0
8,NKE,8,20050628,1942,Nike CEO sees more sales from non-flagship brands,Reuters News,504,0
9,NKE,9,20050628,NA,"Nike Profit Rises, But Shares Fall On Sales Forecast",The Wall Street Journal,442,0
10,NKE,10,20050628,NA,Nike's outlook fails to impress.,Financial Times,308,0
11,NKE,11,20050628,NA,"Nike's Net Income Increases 15% --- Diversified Business Reaps Gains, but Shares Decline On Conservative Guidance",The Asian Wall Street Journal,677,0
12,NKE,12,20050627,800,"Global Strength of Nike Portfolio Drives Record Financial Performance Nike, Inc. reports double-digit revenue growth for fiscal 2005; EPS up...",PR Newswire (U.S.),2732,0
13,NKE,13,20050627,1631,"2ND UPDATE: Nike Profit Rises 15%, Shares Slide On Revenue Outlook",Dow Jones Business News,436,0
14,NKE,14,20050627,1024,"UPDATE: Nike Profit Rises 15%, Shares Slide On Revenue Outlook",Dow Jones Business News,382,0
15,NKE,15,20050627,1641,US Record Co Accuses Nike Of Stealing Punk-Rock Image,Dow Jones International News,416,0
16,NKE,16,20050627,1120,DJ Nike Sees Fiscal 2006 Revenue Up High-Single Digits >NKE,Dow Jones Chinese Financial Wire,388,0
17,NKE,17,20050627,849,"DJ Nike 4Q Net Up 15%, Driven By Healthy Revenue Growth >NKE",Dow Jones Chinese Financial Wire,246,0
18,NKE,18,20050627,1301,WSJ UPDATE:Nike 4Q Net Climbs 15% Amid Tepid Outlook,Dow Jones News Service,711,0
19,NKE,19,20050627,922,Nike Sees Fiscal 2006 Revenue Up 7% To 9%,Dow Jones News Service,389,0
20,NKE,20,20050627,901,NEWS WRAP: Nike's 4Q Net Up 15% On Strong Demand,Dow Jones News Service,240,0
21,NKE,21,20050627,800,Global Strength Of Nike Portfolio Drives Record Fincl Performance,Dow Jones News Service,479,0
22,NKE,22,20050627,NA,Sporting chance of getting it right - COMPANY PROFILE - NIKE.,Financial Times,731,0
23,NKE,23,20050627,800,Global Strength of Nike Portfolio Drives Record Financial Performance,PR Newswire Europe,2841,0
24,NKE,24,20050627,NA,"Nike, Inc. Comments on Q1, FY 2006 Revenue Guidance-Conference Call",Reuters Significant Developments,86,0
25,NKE,25,20050627,1158,MARKETS-STOCKSNEWS-EUROPE,Reuters News,3857,0
26,NKE,26,20050627,811,"UPDATE 5-Nike profit up, outlook cautious and stock drops",Reuters News,661,0
27,NKE,27,20050627,809,TABLE-Nike Q4 earnings rise,Reuters News,100,0
28,NKE,28,20050627,540,Wall St seen slipping on oil above $60/bbl,Reuters News,400,0
29,NKE,29,20050627,NA,FT.com site : Nike profit up 15 per cent.,Financial Times (FT.Com),277,0
30,NKE,30,20050624,1530,Options Report: Traders Run With Nike Ahead Of Report,Dow Jones News Service,466,0
31,NKE,31,20050623,1617,Finish Line and Nike Break 'MOTIVATION' Commercials For Shox Cog Running Shoes,PR Newswire (U.S.),596,0
32,NKE,32,20050623,1445,Payless Mentions Possibility Of HQ Move In CEO Contract,Dow Jones News Service,364,0
33,NKE,33,20050622,1812,Nike endorses Oregon bill for same-sex civil unions,Reuters News,324,0
34,NKE,34,20050622,1812,Nike endorses Oregon bill for same-sex civil unions,Reuters News,327,0
35,NKE,35,20050622,1724,New Payless CEO agrees to employment deal,Reuters News,120,0
36,NKE,36,20050622,1710,Payless To Pay Incoming CEO Rubel $1M Annual Salary,Dow Jones Corporate Filings Alert,247,0
37,NKE,37,20050621,603,Nike Director Hayes Isn't Standing For Re-election,Dow Jones Corporate Filings Alert,331,0
38,NKE,38,20050620,900,"Nike, Inc. to Webcast Analyst Meeting",PR Newswire Europe,276,0
39,NKE,39,20050620,900,"Nike, Inc. to Webcast Analyst Meeting",PR Newswire (U.S.),253,0
40,NKE,40,20050619,NA,Barron's Insight: Multibrand Strategy Puts Nike a Step Ahead,The Wall Street Journal Sunday,422,0
41,NKE,41,20050615,308,"Taiwan's Pou Chen win's Nike ""Starter"" order",Reuters News,279,0
42,NKE,42,20050614,NA,"Yue Yuen's Net Slipped 3.8% In Half, but Revenue Grew 17%",The Asian Wall Street Journal,425,0
43,NKE,43,20050613,838,Hot Stocks To Watch In Barron's: NKE FON,Dow Jones News Service,150,0
44,NKE,44,20050612,1408,Nike shares could rise above $100 - Barron's,Reuters News,226,0
45,NKE,45,20050609,1415,Reebok Looking For New Takeover Targets - Handelsblatt,Dow Jones International News,133,0
46,NKE,46,20050609,1607,DJ Reebok Looking For New Takeover Targets - Handelsblatt,Dow Jones Chinese Financial Wire,131,0
47,NKE,47,20050606,1610,"NIKE, Inc. to Webcast Earnings and Conference Call",PR Newswire (U.S.),277,0
48,NKE,48,20050606,NA,"Barefoot(ish) in the Park --- Nike's Newest Running Shoe, The Free 5.0, Aims to Impart Benefits of Wearing Nothing",The Asian Wall Street Journal,1148,0
49,NKE,49,20050603,NA,Barefoot(ish) in the Park: Nike Shoe Is Like Not Wearing One,The Wall Street Journal,1336,0
50,NKE,50,20050603,915,Nike Ends Endorsement Deal With NY Yankees Slugger Giambi,Dow Jones International News,154,0
51,NKE,51,20050603,NA,The Zen of Running? Nike Shoe Simulates Going Barefoot,The Wall Street Journal Europe,1261,0
52,NKE,52,20050602,1359,NEWS WRAP:Stride Rite To Buy Shoe Maker Saucony For $170M,Dow Jones News Service,518,0
53,NKE,53,20050531,2104,FEATURE-Nike says just do it yourself,Reuters News,699,0
54,NKE,54,20050530,NA,BRIEFING THE WEEKEND PAPERS.,Financial Times,391,0
55,NKE,55,20050529,637,UK PRESS: Nike May Abandon Manchester United GBP303M Deal,Dow Jones International News,180,0
56,NKE,56,20050526,1615,Payless ShoeSource's Steven Douglass Announces Intention to Leave the Company in July 2005; Matthew Rubel to Become Chief Executive Officer,PR Newswire (U.S.),1058,0
57,NKE,57,20050526,1615,Payless ShoeSource's Steven Douglass Announces Intention To Leave The Co In July 2005;,Dow Jones News Service,263,0
58,NKE,58,20050526,1632,Payless ShoeSource CEO to leave company in July,Reuters News,108,0
59,NKE,59,20050516,NA,Clothes From Nike Go From Work to Workout,The New York Times,1095,0
60,NKE,60,20050516,901,NIKE Declares Dividend,PR Newswire (U.S.),204,0
61,NKE,61,20050505,NA,Nike to stop selling shoes in Sears stores - NEWS DIGEST.,Financial Times,109,0
62,NKE,62,20050505,NA,"Nike, with little explanation, has decided not to do business with Sears. Whose image suffers?",The New York Times,833,0
63,NKE,63,20050505,NA,Nike to Stop Selling Brand at Sears,The Wall Street Journal,442,0
64,NKE,64,20050504,643,Adidas says Salomon cash will help strengthen core.,Reuters News,376,0
65,NKE,65,20050504,1022,Nike To Stop Sales To Sears Hldg In Oct -Chicago Tribune,Dow Jones International News,167,0
66,NKE,66,20050504,1053,DJ Nike To Stop Sales To Sears Hldg In Oct -Chicago Tribune,Dow Jones Chinese Financial Wire,165,0
67,NKE,67,20050503,1939,UPDATE 2-Nike to pull products from Sears stores.,Reuters News,700,0
68,NKE,68,20050503,1919,Sears-Nike battle may be first of many.,Reuters News,528,0
69,NKE,69,20050503,1936,UPDATE 2-Nike to pull products from Sears stores.,Reuters News,720,0
70,NKE,70,20050503,1741,Nike says to pull products from Sears stores.,Reuters News,111,0
71,NKE,71,20050502,148,Adidas increases Q1 net income to 105 mln euros.,Reuters News,173,0
72,NKE,72,20050502,1334,European Markets End Higher as Oil-Sensitive Shares Soar,Dow Jones Business News,851,0
73,NKE,73,20050429,2444,FEATURE-Nike opens up factory books for rights groups.,Reuters News,764,0
74,NKE,74,20050427,NA,"International Investor Brief -- Puma AG: Net Profit Rose in 1st Quarter, But Orders Dropped in Europe",The Wall Street Journal Europe,188,0
75,NKE,75,20050426,NA,Apparel Brief -- Reebok International Ltd.: Net Profit Increases About 5% As Sales Rise on Acquisition,The Asian Wall Street Journal,149,0
76,NKE,76,20050426,NA,Reebok Net Rises 5% As Sales Climb 11%,The Wall Street Journal Europe,167,0
77,NKE,77,20050425,900,"Golf Enthusiasts Nationwide Can Sharpen Skills During PGA Free Lesson Month in May - The PGA of America Partners With Golf Digest, The Golf...",PR Newswire (U.S.),1102,0
78,NKE,78,20050425,2421,UPDATE: Reebok's 1Q Net Up 5%; Acquisition Boosts Sales,Dow Jones News Service,409,0
79,NKE,79,20050420,NA,Legal detachment can be a plus for business.,Financial Times,261,0
80,NKE,80,20050420,NA,Nike ushers in a new age of corporate responsibility MICHAEL SKAPINKER ON MANAGING.,Financial Times,995,0
81,NKE,81,20050419,NA,Ethical business practices come into fashion: CORPORATE SOCIAL RESPONSIBILITY: Clothing companies promoting their virtuous image may be seen...,Financial Times,1268,0
82,NKE,82,20050419,NA,FT.com site : Michael Skapinker: A new age of social responsibility.,Financial Times (FT.Com),982,0
83,NKE,83,20050418,NA,FT.com site : Ethics come into fashion.,Financial Times (FT.Com),1239,0
84,NKE,84,20050415,NA,Are Golfers Too Good? --- Sport's Governing Body Asks Equipment Makers to Limit The Distance a Ball Can Fly,The Asian Wall Street Journal,1231,0
85,NKE,85,20050415,NA,Golf's Ruling Body Looks to Limit Ball Performance,The Wall Street Journal Europe,881,0
86,NKE,86,20050414,NA,"Just Do It: Nike Gets Revelatory --- Maker of Footwear, Apparel Names Global Contractors Amid Workplace Concerns",The Asian Wall Street Journal,1036,0
87,NKE,87,20050414,1625,Former Microsoft CFO John G. Connors Appointed to Nike's Board of Directors,PR Newswire (U.S.),456,0
88,NKE,88,20050414,1641,Nike names ex-Microsoft exec Connors to board.,Reuters News,72,0
89,NKE,89,20050413,NA,Nike to Release A Broad Report On Work Issues,The Wall Street Journal Europe,912,0
90,NKE,90,20050413,NA,The Other Ace At the Masters? Nike's Swoosh,The Wall Street Journal Europe,648,0
91,NKE,91,20050413,1716,"UPDATE:Nike Reveals Names, Locations Of Foreign Factories",Dow Jones International News,594,0
92,NKE,92,20050413,NA,The Other Ace At the Masters? Nike's Swoosh,The Asian Wall Street Journal,649,0
93,NKE,93,20050412,2125,Nike Publishes List of Global Contract Factories in Push for Greater Transparency and Collaboration to Improve Footwear and Apparel Industry...,PR Newswire (U.S.),1167,0
94,NKE,94,20050413,626,Nike publishes list of 700 contract factories.,Reuters News,107,0
95,NKE,95,20050413,NA,"Just Do It: Nike Gets Revelatory --- Report Discloses Manufacturers, Amid Concerns About Workplace",The Wall Street Journal,1035,0
96,NKE,96,20050413,NA,Nike makes the step to transparency - CORPORATE SOCIAL RESPONSIBILITY: The company's three-year silence on social reporting ends today. Its...,Financial Times,776,0
97,NKE,97,20050413,NA,FT.com site : Nike makes the step to transparency.,Financial Times (FT.Com),748,0
98,NKE,98,20050412,NA,Advertising: Nike's Swoosh Records an Ace With Tiger's Will-It-Fall Chip,The Wall Street Journal,657,0
99,NKE,99,20050407,1528,Nike Golf Leads Masters Field in Iron Count First-Time Honor Comes at Prestigious First Major of '05,PR Newswire (U.S.),531,0
100,NKE,100,20050406,1415,"Nike Golf Announces National CPR Mobile Tour New Hybrid Clubs Saving Rounds of Golf, One City at a Time",PR Newswire (U.S.),488,0
