,Ticker,Index,Date,Time,Headline,Source,NumWords,missing
1,NKE,1,20111230,NA,"Nike's Footwork Yields Lines --- Sports-Shoe Maker Limits Supplies of Hot Models, Works With Retailers on Best Timing",The Wall Street Journal Europe,881,0
2,NKE,2,20111230,NA,Nike Inc (NKE) Mkt On Close Sell Imbalance: Shrs 85900,Dow Jones News Service,910,0
3,NKE,3,20111229,1126,Nike's Footwork Yields Long Lines,The Wall Street Journal,898,0
4,NKE,4,20111230,1545,"Nike Jordans Draw Crowds, Retailers Get Late Lift, Start-Up Tries Same-Day Delivery",WSJ Blogs,10,1
5,NKE,5,20111229,NA,TIP SHEET: Off-Price Retailers A Boost For Icon Fund,Dow Jones News Service,831,0
6,NKE,6,20111229,1101,=DJ CFA Substantial Insider Sales: Afternoon Report,Dow Jones Institutional News,125,0
7,NKE,7,20111229,1500,Thumbs Up for Mini Vader: Best and Worst Ads of 2011,The Wall Street Journal Online,676,0
8,NKE,8,20111227,1644,Female Directors: Why So Few? Groups Push Major Companies to Make Changes; 'Guys Don't Want to Give Up Their Board Seats',The Wall Street Journal Online,632,0
9,NKE,9,20111227,NA,A new color of the Nike Zoom Kobe VII shoes are seen worn by Los Angeles Lakers' Kobe Bryant as he plays against the Chicago Bulls during th...,Reuters Pictures,1696,0
10,NKE,10,20111227,NA,U.S. News: U.S. Watch,The Wall Street Journal,1685,0
11,NKE,11,20111227,NA,"MARKET TALK: New Air Jordan Courts Long Lines, Scraps",Dow Jones News Service,994,0
12,NKE,12,20111225,2058,"MARKET TALK: New Air Jordan Courts Long Lines, Scraps",Dow Jones News Service,102,0
13,NKE,13,20111224,NA,MARKET TALK: ECRI Index Growth Weakens,Dow Jones News Service,372,0
14,NKE,14,20111223,1106,"MARKET TALK: WJB Prefers Nike, Foot Locker Over Finish Line",Dow Jones News Service,1306,0
15,NKE,15,20111223,1106,"Nike Posts Strong Orders, Led by 31% Gain in China",The New York Times,157,0
16,NKE,16,20111223,1030,UPDATE 2-Finish Line sprints ahead on running shoes,Reuters News,1265,0
17,NKE,17,20111223,1022,"MARKET PULSE-US stocks to watch: Oracle, RIM, Nike",Reuters News,1298,0
18,NKE,18,20111223,1022,Nike sales beat Wall St forecasts,Financial Times,130,0
19,NKE,19,20111221,NA,UPDATE: Finish Line 3Q Net Up 35% As Same-Store Sales Rise,Dow Jones Business News,351,0
20,NKE,20,20111221,1724,DJ US HOT STOCKS TO WATCH: NKE,Dow Jones Chinese Financial Wire,378,0
21,NKE,21,20111221,746,Nike Inc (NKE) Mkt On Close Sell Imbalance: Shrs 66500,Dow Jones News Service,320,0
22,NKE,22,20111221,NA,MARKET TALK: Chile Central Bank Not Planning New Intervention,Dow Jones News Service,177,0
23,NKE,23,20111220,NA,MARKET TALK: Nike Might Be Underspending On Marketing,Dow Jones News Service,173,0
24,NKE,24,20111221,1821,MARKET TALK: Citi Sees Nike's Demand Strength Continuing,Dow Jones News Service,582,0
25,NKE,25,20111221,1806,WSJ BLOG/MarketBeat: Morning MarketBeat: High Hopes,Dow Jones News Service,582,0
26,NKE,26,20111221,630,US Stock Futures Higher After ECB Funding Operation,Dow Jones News Service,57,0
27,NKE,27,20111220,1705,DJ Nike 2Q Net Up 2.6% On Higher Sales; Margins Weaken,Dow Jones Chinese Financial Wire,55,0
28,NKE,28,20111221,1545,NORDIC MORNING BRIEFING: Sweden's Riksbank In Focus,Dow Jones Energy Service,10,0
29,NKE,29,20111221,1026,UPDATE 3-Brand power helps Nike beat estimates,Reuters News,1238,0
30,NKE,30,20111221,1023,A Chinese Brand Flounders in U.S. --- Even 'Shaq' Isn't Enough to Help Beijing's Li Ning Gain Ground Against Nike,The Wall Street Journal,1275,0
31,NKE,31,20111221,1023,NORDIC MORNING BRIEFING: Sweden's Riksbank In Focus,Dow Jones Emerging Markets Report,123,0
32,NKE,32,20111221,721,NORDIC MORNING BRIEFING: Sweden's Riksbank In Focus,Dow Jones International News,141,0
33,NKE,33,20111221,638,"WSJ BLOG/China Real Time: Top China Stories from WSJ: Li Ning Stumbles, Unease After Kim, Wider Protest?",Dow Jones International News,1066,0
34,NKE,34,20111221,637,"DJ US HOT STOCKS: Oracle, Nike Shares Active In Late Trading",Dow Jones Institutional News,547,0
35,NKE,35,20111220,1922,Nike's Earnings Edge Higher on Strong Sales,The Wall Street Journal Online,331,0
36,NKE,36,20111220,1652,2nd UPDATE: Nike 2Q Net Up 2.6% On Higher Sales; Orders Jump,Dow Jones Business News,325,0
37,NKE,37,20111220,1637,MARKET TALK: Nike Results Top Wall Street Expectations,Dow Jones News Service,325,0
38,NKE,38,20111219,2319,MARKET TALK: Nike Results Top Wall Street Expectations,Dow Jones News Service,1507,0
39,NKE,39,20111220,1622,MARKET TALK: Retailers Can Benefit From Better Mobile Efforts,Dow Jones News Service,463,0
40,NKE,40,20111220,NA,MARKET TALK: Retailers Can Benefit From Better Mobile Efforts,Dow Jones News Service,1050,0
41,NKE,41,20111220,NA,Nike Inc 2Q EPS $1.00,Dow Jones News Service,1054,0
42,NKE,42,20111220,NA,Calendar Of Corporate Conference Calls For December 20,Dow Jones News Service,1123,0
43,NKE,43,20111219,2319,WSJ BLOG/MarketBeat: Morning MarketBeat: Losing Steam,Dow Jones News Service,1507,0
44,NKE,44,20111219,2319,NORDIC MORNING BRIEFING: Sweden's Riksbank In Focus,Dow Jones Global FX & Fixed Income News,1507,0
45,NKE,45,20111219,2126,"Nike, Inc. Issues FY 2012 Revenue Guidance In Line With Analysts' Estimates-Conference Call",Reuters Significant Developments,271,0
46,NKE,46,20111220,1655,"BMR Previews Earnings for Nike, Oracle, Walgreen, Bed Bath & Beyond and CarMax",PR Newswire (U.S.),3008,0
47,NKE,47,20111220,1655,=DJ CFA Retail:Insider Review For Week Ended Dec. 16 -2-,Dow Jones Institutional News,2974,0
48,NKE,48,20111220,1739,=DJ CFA Retail:Insider Review For Week Ended Dec. 16,Dow Jones Institutional News,402,0
49,NKE,49,20111220,1833,STOCKS NEWS EUROPE-Germany's Ifo data eyed on Tuesday,Reuters News,767,0
50,NKE,50,20111220,1732,"Zacks Earnings Preview: Bed Bath & Beyond, ConAgra, Micron Technology, Nike, Walgreens and Boeing",PR Newswire (U.S.),571,0
51,NKE,51,20111220,1726,"US EQUITIES WEEK AHEAD: Oracle Results, Housing Data, Patent Case",Dow Jones Business News,764,0
52,NKE,52,20111220,1717,Nike Inc (NKE) Mkt On Close Buy Imbalance: Shrs 63200,Dow Jones News Service,571,0
53,NKE,53,20111220,1630,"Critical Alerts For AT&T, MGM Resorts, Nike, Fossil, and Forest Oil Released By Seven Summits Research",PR Newswire (U.S.),1370,0
54,NKE,54,20111220,1630,Nike Inc (NKE) Mkt On Close Buy Imbalance: Shrs 54400,Dow Jones News Service,128,0
55,NKE,55,20111220,1331,MARKET TALK: Summer Olympics A Boon For Nike In 2012 -Barclays,Dow Jones News Service,1373,0
56,NKE,56,20111220,1331,Corporate News: Foreign Retailers Regroup in India --- Wal-Mart and Other Big Chains Focus on Partnerships After Government Drops Plan to Open Doors,The Wall Street Journal,134,0
57,NKE,57,20111220,1615,Foreign Retailers Regroup in India,The Wall Street Journal Online,7,0
58,NKE,58,20111220,900,India Retreats on Retail,The Wall Street Journal Online,262,0
59,NKE,59,20111220,658,World News: Asia: India Expected to Delay Key Retail Plan,The Wall Street Journal Asia,1056,0
60,NKE,60,20111219,2319,"UPDATE 1-G-III Apparel Q3 profits beat estimates, shares up",Reuters News,1507,0
61,NKE,61,20111220,NA,UPDATE 1-Citigroup adds Nike to top picks list,Reuters News,65,0
62,NKE,62,20111220,943,WSJ India Parliament Expected to Suspend Key Retail Proposal,Dow Jones Chinese Financial Wire,446,0
63,NKE,63,20111219,712,Nike Cut To Hold From Buy By McAdams Wright Ragen,Dow Jones International News,817,0
64,NKE,64,20111219,712,Hurdles Slow India Retail Plan,The Wall Street Journal Online,560,0
65,NKE,65,20111219,1014,MARKET TALK: Nike's Stride Should Slow After Strong Stock Move,Dow Jones News Service,113,0
66,NKE,66,20111219,930,Reliance in Talks With Foreign Single-Brand Retailers,The Wall Street Journal Online,2321,0
67,NKE,67,20111216,1459,Reliance Retail Talking To Foreign Single-Brand Firms For Local Pacts,Dow Jones Business News,811,0
68,NKE,68,20111216,1444,CEOs need to join the 20 times club now,Financial Times,811,0
69,NKE,69,20111216,1545,Nike Inc (NKE) Mkt On Close Buy Imbalance: Shrs 59100,Dow Jones News Service,10,0
70,NKE,70,20111214,931,WSJ: University Of Oregon President Is Fired,Dow Jones News Service,426,0
71,NKE,71,20111213,1545,UPDATE 1-UBS ups Foot Locker to buy as NBA lockout ends,Reuters News,10,0
72,NKE,72,20111213,1101,WSJ BLOG/Washington Wire: Washington Has Its Own Cyber Monday Tradition,Dow Jones News Service,145,0
73,NKE,73,20111212,NA,India Opens Retail to Foreigners,The Wall Street Journal (Asia Edition),1142,0
74,NKE,74,20111212,NA,Black Friday comes to America,CNN Wire,1209,0
75,NKE,75,20111212,NA,WSJ India Unlocks Door for Global Retailers,Dow Jones Chinese Financial Wire,966,0
76,NKE,76,20111212,NA,WSJ India Unlocks Door for Global Retailers,Dow Jones Chinese Financial Wire,1142,0
77,NKE,77,20111208,NA,FDI in Indian Retail; Foreign Direct Investment in multi-brand retail was set to be discussed by the Indian cabinet Thursday evening. In...,The Wall Street Journal Online,854,0
78,NKE,78,20111207,1027,Nike Inc (NKE) Mkt On Close Sell Imbalance: Shrs 53400,Dow Jones News Service,890,0
79,NKE,79,20111207,NA,Upsets Leave SEC Teams Ruling the B.C.S. Race,The New York Times,740,0
80,NKE,80,20111206,2417,SHOE SHINE,The New York Times Abstracts,724,0
81,NKE,81,20111206,1129,Shoe Shine,The New York Times,741,0
82,NKE,82,20111207,1841,Nike Inc (NKE) Mkt On Close Sell Imbalance: Shrs 64700,Dow Jones News Service,208,0
83,NKE,83,20111207,747,"US HOT STOCKS: Salesforce.com, H-P, Heinz, NYSE Euronext, Exco",Dow Jones News Service,310,0
84,NKE,84,20111207,224,US Stock Futures Higher As ECB Buys Some Bonds,Dow Jones News Service,250,0
85,NKE,85,20111205,740,Foot Locker Shrugs Off NBA Travails,The Wall Street Journal Online,10,0
86,NKE,86,20111205,NA,Foot Locker On Track As NBA Shoe Sales Stay Strong,Dow Jones News Service,823,0
87,NKE,87,20111205,1028,DJ Dividends Reported November 17,Dow Jones Institutional News,128,0
88,NKE,88,20111201,357,Dividends Reported November 17,Dow Jones News Service,253,0
89,NKE,89,20111201,337,"Nike, Inc. Announces 16% Increase In Quarterly Dividend",Reuters Significant Developments,259,0
90,NKE,90,20111201,316,UPDATE 1-Foot Locker Q3 beats Street view,Reuters News,260,0
91,NKE,91,20111201,NA,UPDATE 1-Nike raises qtrly div by 16 pct,Reuters News,754,0
92,NKE,92,20111130,1545,"DJ Nike, ACE, Neenah Paper Unveil Dividend Hikes",Dow Jones Institutional News,10,0
93,NKE,93,20111129,1405,"*DJ NIKE, Inc. Announces 16 Percent Increase In Quarterly Dividend >NKE",Dow Jones Institutional News,506,0
94,NKE,94,20111128,1024,Havas CEO: No Current Plans To Cut Jobs,Dow Jones International News,209,0
95,NKE,95,20111128,1606,WSJ BLOG/Digits: Zappos Founder Launches New Retail Rewards Site,Dow Jones News Service,239,0
96,NKE,96,20111125,NA,MARKET TALK: Goldman Says Dick's Sporting Goods Is A Winner,Dow Jones News Service,1077,0
97,NKE,97,20111125,NA,MARKET TALK: Goldman Says Dick's Sporting Goods Is A Winner,Dow Jones News Service,1138,0
98,NKE,98,20111125,NA,DJ Adage Capital Advisors 3Q 13F: Hldgs As Of Sep 30,Dow Jones Institutional News,939,0
99,NKE,99,20111125,NA,DJ HBK Investments LP 3Q 13F: Hldgs As Of Sep 30,Dow Jones Institutional News,1138,0
100,NKE,100,20111124,2452,DJ D. E. Shaw & Co 3Q 13F: Hldgs As Of Sep 30,Dow Jones Institutional News,1214,0
