,Ticker,Index,Date,Time,Headline,Source,NumWords,missing
1,NKE,1,20120330,NA,Corporate News: Reebok Ordered to Stop Making Tebow Apparel,The Wall Street Journal,465,0
2,NKE,2,20120329,1729,It's Gotta Be the Shoes,NYT Blogs,579,0
3,NKE,3,20120329,1858,Finish Line 4Q Net Rises 22% On Strong Digital Sales; View Weak,Dow Jones News Service,495,0
4,NKE,4,20120330,NA,2nd UPDATE: Finish Line 4Q Net Up 22%; Fiscal Year Outlook Disappoints,Dow Jones Business News,176,0
5,NKE,5,20120330,732,Nike Inc (NKE) Mkt On Close Sell Imbalance: Shrs 123200,Dow Jones News Service,477,0
6,NKE,6,20120330,1350,MARKET TALK: Finish Line Latest To Set Up 'Shop-In-Shops',Dow Jones News Service,821,0
7,NKE,7,20120330,1129,MARKET TALK: Finish Line Latest To Set Up 'Shop-In-Shops',Dow Jones News Service,652,0
8,NKE,8,20120330,1335,"REFILE-UPDATE 3-Higher promotions, spending to hit Finish Line profit",Reuters News,820,0
9,NKE,9,20120330,1114,=DJ CFA Substantial Insider Sales: Morning Report,Dow Jones Institutional News,651,0
10,NKE,10,20120330,1545,=DJ CFA Substantial Insider Purchases: Morning Report,Dow Jones Institutional News,10,0
11,NKE,11,20120330,1301,Nike Sues Reebok Over Tebow Shirts --- Sports Apparel Maker Claims That Its Rival Can't Put Popular Quarterback's Name on Jets Items,The Wall Street Journal,1453,0
12,NKE,12,20120330,1301,Nike sues rival over Tebow Jets shirts,Financial Times,153,0
13,NKE,13,20120330,1520,Marketing Maestro Behind Disney Princesses and Nike CMO from its 'Just Do It' Era Joins shopkick Board Of Directors,PR Newswire (U.S.),547,0
14,NKE,14,20120329,844,WSJ BLOG/Law: Flagged On The Play: Reebok Ordered To Temporarily Stop Selling Tebow Gear,Dow Jones News Service,1321,0
15,NKE,15,20120329,844,WSJ UPDATE: Temporary Restraining Order Granted In Nike-Reebok Dispute Over Tebow Apparel,Dow Jones News Service,211,0
16,NKE,16,20120329,NA,WSJ: Temporary Restraining Order Granted In Nike-Reebok Dispute Over Tebow Apparel,Dow Jones News Service,681,0
17,NKE,17,20120328,1805,Judge orders Reebok to stop selling Tebow gear in Nike suit,CNN Wire,695,0
18,NKE,18,20120328,1755,The New Naturals,The Wall Street Journal Online,689,0
19,NKE,19,20120329,NA,Flagged On The Play: Reebok Ordered To Temporarily Stop Selling Tebow Gear,WSJ Blogs,466,1
20,NKE,20,20120329,NA,UPDATE 1-Tim Tebow apparel sales halted in Nike-Reebok feud,Reuters News,438,0
21,NKE,21,20120328,NA,Nike Sues Reebok Over Tim Tebow NY Jets Apparel -Reuters,Dow Jones Business News,465,0
22,NKE,22,20120329,901,Nike Sues Reebok Over Tebow Apparel,NYT Blogs,952,0
23,NKE,23,20120329,1715,Nike Inc (NKE) Mkt On Close Buy Imbalance: Shrs 148000,Dow Jones News Service,410,0
24,NKE,24,20120329,1139,WSJ BLOG/Law: Nike Sues Reebok Over Tebow Apparel,Dow Jones News Service,357,0
25,NKE,25,20120329,1107,Nike sues Reebok over Tebow apparel,CNN Wire,521,0
26,NKE,26,20120329,937,Tebowmania Reaches Manhattan Courtroom,WSJ Blogs,361,1
27,NKE,27,20120329,1522,Nike Sues Reebok Over Tebow Apparel,WSJ Blogs,594,1
28,NKE,28,20120329,2459,UPDATE 2-'Tebow-Mania' spurs Nike lawsuit against Reebok,Reuters News,106,0
29,NKE,29,20120329,1138,"For CEOs, Pay Lags Behind 2011 Results",The Wall Street Journal Asia,369,0
30,NKE,30,20120329,1141,MARKET TALK: Industry Momentum A Tailwind For Finish Line,Dow Jones News Service,510,0
31,NKE,31,20120328,1125,MARKET TALK: Industry Momentum A Tailwind For Finish Line,Dow Jones News Service,146,0
32,NKE,32,20120328,1052,=DJ CFA Retail:Insider Review For Week Ended March 23,Dow Jones Institutional News,147,0
33,NKE,33,20120328,NA,=DJ CFA Retail:Insider Review For Week Ended March 23 -2-,Dow Jones Institutional News,424,0
34,NKE,34,20120328,1545,"The Zacks Analyst Blog Highlights: Darden Restaurant, KB Home, Nike, Micron Technology and Monster Worldwide",PR Newswire (U.S.),10,0
35,NKE,35,20120328,1137,"MARKET PULSE-Monster Worldwide, Zynga, Nike",Reuters News,352,0
36,NKE,36,20120328,1111,Nike revenues sprint on North America demand,Financial Times,355,0
37,NKE,37,20120328,1332,"Zara Conquers Europe, Nike Inc.'s Earnings Rise, Project Runway Winner's Plans",WSJ Blogs,490,1
38,NKE,38,20120328,1426,MARKET TALK: Adidas Could Benefit From Strong Nike 3Q Results,Dow Jones International News,150,0
39,NKE,39,20120328,1111,DJ US HOT STOCKS TO WATCH: NKE,Dow Jones Chinese Financial Wire,311,0
40,NKE,40,20120328,1035,DJ US HOT STOCKS TO WATCH: ACN,Dow Jones Chinese Financial Wire,497,0
41,NKE,41,20120327,NA,WSJ BLOG/MarketBeat: Now Companies Have to Earn Their Profits,Dow Jones News Service,1030,0
42,NKE,42,20120326,2401,MARKET TALK: Nike's Margin Weakness Weighs On Stock,Dow Jones News Service,1096,0
43,NKE,43,20120326,NA,MARKET TALK: Nike's Margin Weakness Weighs On Stock,Dow Jones News Service,1078,0
44,NKE,44,20120325,1859,US Stock Futures Slightly Mixed Ahead Of Housing Data,Dow Jones News Service,1112,0
45,NKE,45,20120327,2406,WSJ BLOG/MarketBeat: Morning MarketBeat: Stocks Hit Pothole This Week,Dow Jones News Service,1446,0
46,NKE,46,20120327,2406,"UPDATE 3-Nike sees strong demand, better margins in spring",Reuters News,144,0
47,NKE,47,20120326,714,"REFILE-Nike posts higher profit, sees strong demand",Reuters News,581,0
48,NKE,48,20120319,714,"2nd UPDATE: Nike 3Q Profit Rises 7.1%, Although Margins Slide",Dow Jones Business News,599,0
49,NKE,49,20120326,713,"UPDATE: Nike 3Q Profit Rises 7.1%, Although Margins Slide",Dow Jones Business News,1115,0
50,NKE,50,20120326,930,"CORRECT: Nike 3Q Profit Rises 7.1%, Although Margins Slide",Dow Jones Business News,1133,0
51,NKE,51,20120323,824,"Nike, Inc. Comments On Q4 2012 Revenue Guidance; Issues Mixed FY 2012 Guidance-Conference Call",Reuters Significant Developments,305,0
52,NKE,52,20120323,NA,"Nike Profit Rises 7.1%, Despite Slimmer Margins",The Wall Street Journal Online,268,0
53,NKE,53,20120322,NA,MARKET TALK: Nike Moves To Change Apparel Strategy In China,Dow Jones News Service,285,0
54,NKE,54,20120323,1145,MARKET TALK: Nike Moves To Change Apparel Strategy In China,Dow Jones News Service,615,0
55,NKE,55,20120323,309,MARKET TALK: Nike Says Olympic Product Innovations Filter To Consumers,Dow Jones News Service,117,0
56,NKE,56,20120323,812,MARKET TALK: Nike 3Q Tops Street On Strong World-Wide Growth,Dow Jones News Service,63,0
57,NKE,57,20120323,727,MARKET TALK: Nike 3Q Tops Street On Strong World-Wide Growth,Dow Jones News Service,58,0
58,NKE,58,20120323,1501,NKE 3Q Earnings Alert: Thomson Reuters $1.17,Dow Jones News Service,367,0
59,NKE,59,20120323,2437,Nike 3Q Net $560M,Dow Jones News Service,1497,0
60,NKE,60,20120323,2437,=DJ CFA Substantial Insider Sales: Morning Report,Dow Jones Institutional News,137,0
61,NKE,61,20120323,630,"WSJ BLOG/MarketBeat: Tomorrow's Tape: Jobless Claims, FedEx on Tap",Dow Jones News Service,595,0
62,NKE,62,20120323,619,"U.S. RESEARCH ROUND-UP: Amazon, IBM, Walt Disney",Reuters News,847,0
63,NKE,63,20120322,1709,HK's Belle to buy China sport-shoe retailer for $145 mln,Reuters News,549,0
64,NKE,64,20120322,1648,A jogger wearing Nike shoes runs along the Charles River in Cambridge,Reuters Pictures,138,0
65,NKE,65,20120322,1937,Gravel is seen in the sole of a Nike running shoe in Los Angeles,Reuters Pictures,776,0
66,NKE,66,20120322,1922,Nike running shoes are seen in Los Angeles,Reuters Pictures,776,0
67,NKE,67,20120322,1729,People shop at the Nike boutique at the Sony Ericsson Open tennis tournament in Key Biscayne,Reuters Pictures,529,0
68,NKE,68,20120322,1714,A ball girl runs past the Nike boutique at the Sony Ericsson Open tennis tournament in Key Biscayne,Reuters Pictures,529,0
69,NKE,69,20120322,1712,Jeremy Lin Hired to Endorse Volvo,The Wall Street Journal Online,307,0
70,NKE,70,20120322,1805,NYSE New 52-Week Highs And Lows,Dow Jones News Service,269,0
71,NKE,71,20120322,1657,"U.S. RESEARCH ROUND-UP: Adobe, Apple, Nike",Reuters News,307,0
72,NKE,72,20120322,NA,"A Nike running shoe is shown on display and for sale at a store in Encinitas, California",Reuters Pictures,121,0
73,NKE,73,20120322,1700,"Nike running shoes are shown on display and for sale at a store in Encinitas, California",Reuters Pictures,251,0
74,NKE,74,20120322,1736,"Nike running shoes are shown on display and for sale at a store in Encinitas, California",Reuters Pictures,1397,0
75,NKE,75,20120322,1722,"Boxes of Nike shoes are shown on a store shelf in Encintas, California",Reuters Pictures,1407,0
76,NKE,76,20120322,1736,"BMR Previews Earnings for lululemon, Oracle, Research in Motion, Best Buy & Nike",PR Newswire (U.S.),124,0
77,NKE,77,20120322,1722,How to Get Ahead as China Slows to Switch Gears,The Wall Street Journal (Europe Edition),153,0
78,NKE,78,20120322,1625,=DJ CFA Retail:Insider Review For Week Ended March 16 -2-,Dow Jones Institutional News,1502,0
79,NKE,79,20120322,1625,WSJ: Jeremy Lin Hired To Endorse Volvo,Dow Jones News Service,126,0
80,NKE,80,20120322,1615,MARKET TALK: UBS Advises Nike Investors Focus On Long Stride,Dow Jones News Service,52,0
81,NKE,81,20120322,1615,MARKET TALK: UBS Advises Nike Investors Focus On Long Stride,Dow Jones News Service,5,0
82,NKE,82,20120321,844,MARKET TALK: Look Before You Leap Into Nike Pre-Earnings,Dow Jones News Service,1009,0
83,NKE,83,20120321,1744,MARKET TALK: Look Before You Leap Into Nike Pre-Earnings,Dow Jones News Service,180,0
84,NKE,84,20120321,1539,WSJ BLOG/China Real Time: Volvo Gets Ready to Reveal Jeremy Lin Endorsement Deal,Dow Jones International News,1050,0
85,NKE,85,20120320,2112,"Seven Summits Research Releases Comments on Google, Nike, FedEx, Discover and Tiffany",PR Newswire (U.S.),177,0
86,NKE,86,20120320,1744,Nike co-founder and chairman Knight attends the men's quarterfinal match between Rafael Nadal of Spain and David Nalbandian of Argentina at...,Reuters Pictures,63,0
87,NKE,87,20120320,1411,Nike co-founder Knight attends the men's quarter-final match between Nadal of Spain and Nalbandian of Argentina at the Indian Wells ATP...,Reuters Pictures,67,0
88,NKE,88,20120320,1406,Nike co-founder Knight attends the men's quarter-final match between Nadal of Spain and Nalbandian of Argentina at the Indian Wells ATP...,Reuters Pictures,55,0
89,NKE,89,20120320,1942,Nike co-founder and chairman Phil Knight attends the men's quarter-final match in Indian Wells,Reuters Pictures,71,0
90,NKE,90,20120320,1928,WSJ BLOG/MarketBeat: Next Week's Tape: Whole Gamut of Housing Data,Dow Jones News Service,75,0
91,NKE,91,20120320,944,Nike Started At Buy By D.A. Davidson,Dow Jones International News,461,0
92,NKE,92,20120320,NA,"US EQUITIES WEEK AHEAD: Oracle, FedEx Earnings; Housing Reports",Dow Jones News Service,464,0
93,NKE,93,20120320,NA,MARKET TALK: DA Davidson Prefers Nike Over Under Armour,Dow Jones News Service,422,0
94,NKE,94,20120320,1021,MARKET TALK: DA Davidson Prefers Nike Over Under Armour,Dow Jones News Service,234,0
95,NKE,95,20120320,1814,"MARKET TALK: Sterne Agee Raises Views On Finish Line, Nike",Dow Jones News Service,1295,0
96,NKE,96,20120320,1622,"MARKET TALK: Sterne Agee Raises Views On Finish Line, Nike",Dow Jones News Service,55,0
97,NKE,97,20120320,1621,=DJ CFA Substantial Insider Sales: Afternoon Report,Dow Jones Institutional News,53,0
98,NKE,98,20120320,1620,MARKET TALK: Nike Remains An Attractive Holding -Stifel,Dow Jones News Service,50,0
99,NKE,99,20120320,1619,MARKET TALK: Nike Remains An Attractive Holding -Stifel,Dow Jones News Service,44,0
100,NKE,100,20120320,937,ALL THINGS DIGITAL: How Jimmy Fallon Uses The Nike FuelBand,Dow Jones News Service,402,0
