,Ticker,Index,Date,Time,Headline,Source,NumWords,missing
1,NKE,1,20091231,1111,FACTBOX-Corporate sponsors' reaction to Tiger sex scandal,Reuters News,543,0
2,NKE,2,20091215,1406,Nike Inc (NKE) No Mkt On Close Imbalance.,Dow Jones News Service,557,0
3,NKE,3,20091231,1550,Nike Inc (NKE) Mkt On Close Sell Imbalance: Shrs 97600,Dow Jones News Service,8,0
4,NKE,4,20091229,1550,Tiger Woods scandal cost shareholders up to $12 billion,Reuters News,8,0
5,NKE,5,20091218,1551,"SOCCER; Pandev Freed From Box Over Lazio Contract; Club Takes Hard Stance With Macedonian Forward, But Loses in Tribunal",The Wall Street Journal Online,8,0
6,NKE,6,20091231,1540,By Jen Murphy; Road and Track: A Racing Driver Keeps Fit,The Wall Street Journal Online,10,0
7,NKE,7,20091229,1540,StyleFeeder Reveals This Season's Most Coveted Holiday Items and Most Popular Brands Across the U.S. Gigaware Micro Projector Tops the Holiday Item Wishlist; Zhu Zhu Hamster Accessories are this Season's In-Demand Toy; Online Shoppers Nationwide are Going Sporty with Nike,PR Newswire (U.S.),10,0
8,NKE,8,20091218,1540,Nike Inc Files 8K - Operations And Financial Condition,Dow Jones Corporate Filings Alert,10,0
9,NKE,9,20091217,1550,Ten Elite NCAA Football Schools to Donate Proceeds From eBay Auctions of Exclusive Nike Gear Through CAFAmerica 'Donor Advised Fund' for Charities,PR Newswire (U.S.),10,0
10,NKE,10,20091217,1540,"RIMM Gains 10%, Oracle Adds 6.4%",The Wall Street Journal Online,10,0
11,NKE,11,20091229,1511,"US HOT STOCKS: Take-Two, Celgene, Oracle, Palm, LDK",Dow Jones News Service,418,0
12,NKE,12,20091228,646,Nike's Profit Improves After Cutting Costs,The New York Times,1698,0
13,NKE,13,20091222,NA,Nike reaffirms its support for Tiger Woods,Financial Times,1166,0
14,NKE,14,20091222,900,"DJ BEFORE THE BELL: US Futures Higher After RIMM, Oracle Reports",Dow Jones Institutional News,880,0
15,NKE,15,20091222,600,Tag Heuer Dials Back Woods; Swiss Watchmaker Follows Others in Reassessing Use of Ads Featuring Golfer,The Wall Street Journal Online,157,0
16,NKE,16,20091217,1618,"Oracle, RIM Earnings Boost Stock Futures",The Wall Street Journal Online,152,0
17,NKE,17,20091221,1352,Nike Profit Fell 4% as Sales Declined,The Wall Street Journal Online,619,0
18,NKE,18,20091219,NA,Corporate News: Nike Profit Falls 4%; Future Orders Edge Up,The Wall Street Journal,799,0
19,NKE,19,20091218,1414,Nike Raised To Mkt Perform From Mkt Underperform By Avondale,Dow Jones International News,2435,0
20,NKE,20,20091218,NA,"Retail Stocks Flat; Nike Orders, Profit Lift Stock",Dow Jones News Service,337,0
21,NKE,21,20091218,NA,BEFORE THE BELL: US Stock Futures Up After Earnings Reports,Dow Jones News Service,476,0
22,NKE,22,20091218,NA,DJ Hot Stocks to Watch: NKE,Dow Jones Chinese Financial Wire,460,0
23,NKE,23,20091218,758,"Nike, Inc. Comments On Next Few Quarterly Outlook; Reaffirms FY 2010 Revenue Outlook-Conference Call",Reuters Significant Developments,1190,0
24,NKE,24,20091218,758,"US HOT STOCKS: RIMM, Oracle, Palm Active In Late Trading",Dow Jones News Service,1173,0
25,NKE,25,20091218,NA,Retail Stocks Inch Lower As Jobless Claims Rise,Dow Jones News Service,657,0
26,NKE,26,20091218,920,BEFORE THE BELL: US Stock Futures Lower On Post-Fed Hangover,Dow Jones News Service,442,0
27,NKE,27,20091218,NA,BEFORE THE BELL: US Stock Futures Dip Amid Post-Fed hangover,Dow Jones News Service,289,0
28,NKE,28,20091218,NA,N AMERICAN MORNING BRIEFING: Fed Uncertainty To Hit Stocks,Dow Jones News Service,290,0
29,NKE,29,20091217,1822,Sponsor Upper Deck Says It Will Stand by Woods,The Wall Street Journal Online,308,0
30,NKE,30,20091217,1615,SportsTicker: Doctor Involved In Doping Case Charged In Canada,Dow Jones News Service,341,0
31,NKE,31,20091218,2402,MARKET TALK: Just Rethink It,Dow Jones News Service,10,0
32,NKE,32,20091218,1039,Tag to rethink Woods sponsorship,Financial Times,422,0
33,NKE,33,20091218,618,"Accenture boots Tiger off its team --- Global consulting firm becomes first sponsor to cut ties with golfer, saying he is 'no longer ...",The Wall Street Journal Asia,1054,0
34,NKE,34,20091218,659,WSJ: Upper Deck Co Stands By Tiger Woods,Dow Jones News Service,56,0
35,NKE,35,20091217,NA,"NIKE, Inc. Announces Dave McTague As New CEO Of Cole Haan",Dow Jones News Service,83,0
36,NKE,36,20091217,1657,J.P. Morgan Chase Is Active On Treasury's Warrant Sale,The Wall Street Journal,3070,0
37,NKE,37,20091217,1031,Nike puts its best footwear forward,Financial Times,580,0
38,NKE,38,20091217,746,"Seven Summits Research Releases Comments on Best Buy, United Technologies, Discover, Nike and FactSet Research",PR Newswire (U.S.),1317,0
39,NKE,39,20091217,626,Corporate News: Woods helps out backers --- Hiatus lets sponsors distance themselves from scandal-tarred golfer,The Wall Street Journal Asia,477,0
40,NKE,40,20091217,620,Tiger Woods's Break from Golf Lets Sponsors Scale Back Ties,The Wall Street Journal Online,2044,0
41,NKE,41,20091216,NA,FACTBOX-Corporate sponsors' reaction to Tiger sex scandal,Reuters News,462,0
42,NKE,42,20091216,1148,Nike chairman stands by Tiger Woods -- publication,Reuters News,893,0
43,NKE,43,20091216,1029,Nike Chairman Says Woods Scandal 'Minor Blip' In Career-Report,Dow Jones News Service,1080,0
44,NKE,44,20091215,NA,Woods Puts Golf Career on Hold,The Wall Street Journal Online,423,0
45,NKE,45,20091215,NA,WSJ UPDATE: P&G's Gillette To Limit Tiger Woods' Role In Marketing Programs,Dow Jones News Service,714,0
46,NKE,46,20091214,NA,WSJ UPDATE: Tiger Woods To Take 'Indefinite' Leave From Golf,Dow Jones News Service,915,0
47,NKE,47,20091215,1533,"US EQUITIES WEEK AHEAD: Fed Meets; Inflation, Housing Data",Dow Jones Business News,525,0
48,NKE,48,20091215,855,"Corporate News: Tiger Woods sponsors will wait and see --- If Scandal Looks Likely to Create Long-Term Fallout, Allowing Endorsement Deals...",The Wall Street Journal Asia,11,0
49,NKE,49,20091214,NA,"OPTIONS REPORT:Bulls Run The Show In JP Morgan, Nike And Alcoa And",Dow Jones News Service,429,0
50,NKE,50,20091214,NA,"MARKET TALK: Rest Up For Busy Week Of US Data, Earnings",Dow Jones News Service,251,0
51,NKE,51,20091214,931,"For Tiger Woods's Sponsors, It's Wait and See; If Scandal Looks Likely to Create Long-Term Fallout, Deals Could Be Allowed to Lapse",The Wall Street Journal Online,404,0
52,NKE,52,20091214,NA,Nike Combines Boot Technology With Digital Training Program To Create Total Game Improvement Package,Dow Jones News Service,1036,0
53,NKE,53,20091214,NA,Style -- On Style: Getting Kicks by Designing Your Own --- Keds and Other Brands Ask Regular Folk to Create Products -- and Market Them,The Wall Street Journal,1162,0
54,NKE,54,20091212,2007,PepsiCo Drops Tiger Woods Drink,The Wall Street Journal Online,1185,0
55,NKE,55,20091214,NA,"Nike And Kobe Bryant Launch New Zoom Kobe V, Lower & Lighter",Dow Jones News Service,1154,0
56,NKE,56,20091214,1515,"Stockmann Oyj Terminates Franchising Agreement with Nike, Inc. and Closes its Nike Chain of Stores in Russia",Reuters Significant Developments,495,0
57,NKE,57,20091214,1115,Tiger Woods Ads Pulled From Prime-Time TV -Bloomberg,Dow Jones News Service,331,0
58,NKE,58,20091214,934,Nike Inc (NKE) No Mkt On Close Imbalance.,Dow Jones News Service,344,0
59,NKE,59,20091214,1150,Nike Inc (NKE) Mkt On Close Sell Imbalance: Shrs 125300,Dow Jones News Service,137,0
60,NKE,60,20091212,NA,Nike Inc (NKE) Mkt On Close Buy Imbalance: Shrs 59300,Dow Jones News Service,1069,0
61,NKE,61,20091212,2427,"=WSJ UPDATE: Woods Apologizes To Family,Regrets Transgressions",Dow Jones Chinese Financial Wire,646,0
62,NKE,62,20091211,2256,Woods Aims to Stem Damage; Sponsors Say They Will Back Golfer as He Apologizes for Unspecified 'Transgressions',The Wall Street Journal Online,1094,0
63,NKE,63,20091211,2241,"Nike Backs Woods, Family, Says Endorsement Deal's Intact -CNBC",Dow Jones News Service,1026,0
64,NKE,64,20091211,1445,MARKET TALK: Sponsors Voice Support For Tiger,Dow Jones News Service,1116,0
65,NKE,65,20091211,1430,China's Big Brands Tackle Web Sales; Sportswear Maker Li Ning Revisits Its Internet Strategy as Buying Moves Online,The Wall Street Journal Online,1116,0
66,NKE,66,20091211,NA,"Woods Speaks Out on Crash, Blaming Himself",The Wall Street Journal Online,806,0
67,NKE,67,20091210,NA,"Tiger's wins, fame likely to deter sponsor losses",Reuters News,845,0
68,NKE,68,20091211,1530,"Soccer-Drogba, Bono, Nike team up to support AIDS charity",Reuters News,657,0
69,NKE,69,20091211,1515,"Woods, Wife Unavailable For Questioning By Police -Report",Dow Jones Business News,791,0
70,NKE,70,20091210,NA,WSJ UPDATE: Tiger Woods Injured In Car Accident,Dow Jones News Service,1032,0
71,NKE,71,20091210,2424,More Stocks May Not Make a Portfolio Safer,The Wall Street Journal Online,14,0
72,NKE,72,20091210,NA,"DJ Nike Inc (Cl B), Inst Holders, 3Q 2009 (NKE)",Dow Jones Institutional News,930,0
73,NKE,73,20091209,1529,"MARKET TALK: Challenges Seen For Finish Line, Foot Locker",Dow Jones News Service,717,0
74,NKE,74,20091208,2115,New Gold Bugs Taking Gold Mainstream,Dow Jones News Service,12,0
75,NKE,75,20091209,NA,Nike Inc Files 8K - Changes Exec Mgmt,Dow Jones Corporate Filings Alert,99,0
76,NKE,76,20091208,1626,"STACK Media Grows Relationships with Blue Chip Advertisers Nike, Gatorade, and the U.S. Army, with Custom Content and Growing Online A...",PR Newswire (U.S.),142,0
77,NKE,77,20091208,1550,DJ Nike Boosts Quarterly Dividend By 8% To 27 Cents A Share >NKE,Dow Jones Chinese Financial Wire,8,0
78,NKE,78,20091204,1550,DJ Dividends Reported November 19,Dow Jones Institutional News,8,0
79,NKE,79,20091201,1550,Nike Boosts Quarterly Dividend By 8% To 27 Cents A Share,Dow Jones Global News Select,8,0
80,NKE,80,20091130,1550,"PRESS RELEASE: NIKE, Inc. Increases Quarterly Dividend Eight Percent to $0.27 Per Share",Dow Jones Institutional News,8,0
81,NKE,81,20091208,1540,Phyllis M. Wise Joins Nike's Bd Of Directors,Dow Jones News Service,10,0
82,NKE,82,20091130,1540,"Nike, Inc. Increases Quarterly Dividend 8% To $0.27 Per Share",Reuters Significant Developments,10,0
83,NKE,83,20091130,2439,=DJ Lone Pine Capital 3Q 13F: Largest Eliminations,Dow Jones Institutional News,10,0
84,NKE,84,20091204,1540,Streamlined Chucks,The New York Times,10,0
85,NKE,85,20091201,1540,"US Chamber Of Commerce Unconcerned About Nike, Apple Defections",Dow Jones International News,10,0
86,NKE,86,20091117,1550,"Critical Alerts for GE, Amgen, Nike, Green Mountain Coffee Roasters, and Coeur d'Alene Mines Released by Seven Summits Research",PR Newswire (U.S.),10,0
87,NKE,87,20091117,1540,Weakened Venezuela Opposition Targets Red T-Shirts At Race,Dow Jones Business News,10,0
88,NKE,88,20091203,141,Adidas 'Cautiously Optimistic' for 2010,The Wall Street Journal Online,411,0
89,NKE,89,20091202,1350,"The Mossberg Solution: Fitbit Sees How You Run, Walk and Sleep",The Wall Street Journal,531,0
90,NKE,90,20091203,NA,3rd UPDATE: Adidas 3Q Net -30%; Cautiously Optimistic On 2010,Dow Jones Business News,734,0
91,NKE,91,20091202,2419,No Deal: Chamber Chief Battles Obama,The Wall Street Journal Online,147,0
92,NKE,92,20091130,1134,Jive Awards Customers at JiveWorld09; Jive Social Business Software Awards Recognize Six Outstanding Customers,PR Newswire (U.S.),890,0
93,NKE,93,20091130,NA,Nike Inc (NKE) No Mkt On Close Imbalance.,Dow Jones News Service,968,0
94,NKE,94,20091130,NA,Nike Inc (NKE) Mkt On Close Sell Imbalance: Shrs 65600,Dow Jones News Service,678,0
95,NKE,95,20091130,1632,"Design: Camp days all over again --- In Idaho, a Nike designer and his wife build mess-hall memories",The Wall Street Journal Asia,645,0
96,NKE,96,20091130,1332,"Summer Camp Comes Home; In Idaho, a top Nike designer and his wife build mess-hall memories",The Wall Street Journal Online,375,0
97,NKE,97,20091128,1812,One of These Groups is Wrong About Climate Policy,The Wall Street Journal,278,0
98,NKE,98,20091127,2251,Nike Inc (NKE) Mkt On Close Buy Imbalance: Shrs 55700,Dow Jones News Service,929,0
99,NKE,99,20091128,NA,"Apple, Nike and the U.S. Chamber",The Wall Street Journal Europe,777,0
100,NKE,100,20091126,NA,Bailing Out of the Chamber: Are Apple and Nike Smart or Shortsighted?,WSJ Blogs,815,1
