,Ticker,Index,Date,Time,Headline,Source,NumWords,missing
1,NKE,1,20010629,NA,"Business Brief -- Nike Inc.: Profit Climbs 30% on Effort To Cut Expenses, Higher Sales",The Wall Street Journal,177,0
2,NKE,2,20010629,NA,COMPANIES &FINANCE THE AMERICAS - Nike falls back as inventory increases.,Financial Times,359,0
3,NKE,3,20010628,NA,"Nike, Inc. Lowers First Earnings Guidance",Reuters Significant Developments,85,0
4,NKE,4,20010628,1403,"NIKE, Inc. reports fourth quarter earnings per share up 30 percent.",PR Newswire Europe,1895,0
5,NKE,5,20010628,857,UPDATE 1-Nike fourth-quarter earnings rise 29 pct.,Reuters News,379,0
6,NKE,6,20010628,821,Nike reports Q4 revenues up 9 percent.,Reuters News,211,0
7,NKE,7,20010628,820,TABLE-Nike Inc. Q4 May 31 net rises.,Reuters News,451,0
8,NKE,8,20010628,832,"Nike Posts 29% Rise in 4th-Quarter Profit, Isses Weak 1st-Quarter Outlook",Dow Jones Business News,718,0
9,NKE,9,20010628,925,Nike Says Conservative In Ordering Fall Inventory,Dow Jones News Service,469,0
10,NKE,10,20010628,802,Nike 4Q Net 60c/Diluted Shr Vs 46c,Dow Jones News Service,472,0
11,NKE,11,20010628,NA,Nike posts earnings rise but offers glum outlook.,Financial Times (FT.Com),202,0
12,NKE,12,20010626,252,"Eurostocks seen wary pre-Fed, Cap Gemini sinks.",Reuters News,779,0
13,NKE,13,20010625,1450,"Eurostocks end mixed, oils firm, techs ease.",Reuters News,801,0
14,NKE,14,20010625,1153,Eurostocks rise but earnings jitters cap advance.,Reuters News,836,0
15,NKE,15,20010625,712,"Energy props up eurostocks, Shell and BP climb.",Reuters News,674,0
16,NKE,16,20010625,947,"Eurostocks push ahead amid Nasdaq, energy boost.",Reuters News,676,0
17,NKE,17,20010625,529,"Energy boosts eurostocks, U.S. futures gain.",Reuters News,410,0
18,NKE,18,20010625,332,"Chemicals, drugs drag eurostocks, KPN soars.",Reuters News,540,0
19,NKE,19,20010624,1343,"Wall St Week Ahead-All eyes on earnings, FOMC secondary.",Reuters News,874,0
20,NKE,20,20010622,2423,DIARY - U.S. corporate earnings calendar June 25-29.,Reuters News,165,0
21,NKE,21,20010619,105,PRESS DIGEST - New York Times business - June 19.,Reuters News,202,0
22,NKE,22,20010619,NA,NIKE TRYING NEW STRATEGIES FOR WOMEN: COMPANY SEEKS MERGER OF ATHLETICS    AND FASHION,New York Times Abstracts,83,0
23,NKE,23,20010612,1327,INTERVIEW-Man United says to target overseas fans.,Reuters News,634,0
24,NKE,24,20010611,NA,COMPANIES &FINANCE INTERNATIONAL - Adidas decides to play it cool to boost tired image - ...,Financial Times,822,0
25,NKE,25,20010608,NA,Nike Slip-Ons Take Off --- Presto Shoes Became Hit the Old-Fashioned Way: Word of Mouth --- They Were Hot With Children First; Now Adults...,The Asian Wall Street Journal,1063,0
26,NKE,26,20010608,NA,Nike to Open Two Stores For Women in L.A. Area,The Asian Wall Street Journal,158,0
27,NKE,27,20010608,NA,"SanDisk Corporation To Supply Nike, Inc. With MultiMediaCards",Reuters Significant Developments,55,0
28,NKE,28,20010608,NA,"Presto Sneakers Soar on a Shoe String --- Nike's Retailers Thought It Was a Stretch, but New Slip-Ons Are a Hit Despite Minimal Advertising",The Wall Street Journal Europe,957,0
29,NKE,29,20010606,2106,"Facing takeover, Willamette employees blame ex-boss.",Reuters News,943,0
30,NKE,30,20010607,NA,"Word of Mouth Makes Nike Slip-On Sneakers Take Off --- Stretchy, Brightly Colored Shoes Were Hot With Kids First; Now Adults Want Them Too",The Wall Street Journal,1008,0
31,NKE,31,20010607,NA,Nike Inc. Plans to Open Two Stores for Women In the Los Angeles Area,The Wall Street Journal,161,0
32,NKE,32,20010606,1713,Nike to open two LA stores geared to women.,Reuters News,245,0
33,NKE,33,20010606,NA,"Nike, Inc. to Launch Its First Women's Only Stores",Reuters Significant Developments,126,0
34,NKE,34,20010606,1108,Nike To Launch Women's Only Stores,Dow Jones News Service,113,0
35,NKE,35,20010530,609,Thai stocks edge up despite central bank uncertainty.,Reuters News,603,0
36,NKE,36,20010529,1905,Nike Statement Regarding Casey Martin,PR Newswire,652,0
37,NKE,37,20010517,NA,Managers & Managing: Rights Group Says Some Nike Plants Intimidate Workers --- Company Says It Is Striving To Be More Transparent,The Wall Street Journal Europe,426,0
38,NKE,38,20010517,NA,Nike Factories Accused Of Intimidating Workers --- Company Says It Is Striving to Be Transparent,The Asian Wall Street Journal,639,0
39,NKE,39,20010517,1353,Oakley Inc. Files Patent Infringement Suit Vs Nike,Dow Jones News Service,170,0
40,NKE,40,20010516,NA,Rights Group Says Nike Isn't Fulfilling Promises To Reform Sweatshops,The Wall Street Journal,292,0
41,NKE,41,20010516,1940,PRESS DIGEST - Asian Wall Street Journal - May 17.,Reuters News,395,0
42,NKE,42,20010509,801,Nike Announces Regional and Product Management Promotions,PR Newswire,491,0
43,NKE,43,20010504,NA,Net Income Drops 12% at Adidas-Solomon,The New York Times,298,0
44,NKE,44,20010503,516,UPDATE 1-Adidas Q1 profit hit by U.S. weakness.,Reuters News,521,0
45,NKE,45,20010503,1152,UPDATE 1-Manchester United enter golden age with centenary kit.,Reuters News,417,0
46,NKE,46,20010503,1058,UPDATE 1-Man Utd enters golden age with centenary kit.,Reuters News,465,0
47,NKE,47,20010503,701,ClubCorp Announces Brand Merchandising Program for Bear's Best,PR Newswire,593,0
48,NKE,48,20010430,2353,PRESS DIGEST - Financial Times - May 1.,Reuters News,774,0
49,NKE,49,20010430,NA,INSIDE TRACK LAW &BUSINESS - When fortunes become linked - CONTRACTS.,Financial Times,673,0
50,NKE,50,20010430,1005,U.S. footwear seen trampling on Adidas Q1 profit.,Reuters News,618,0
51,NKE,51,20010427,810,Nike Revises Estimate Of Impact Of Accounting Change,Dow Jones News Service,200,0
52,NKE,52,20010426,2046,UPDATE 3-Skechers USA Q1 profits exceed estimates.,Reuters News,562,0
53,NKE,53,20010427,1524,UPDATE 1-Bad news wears on some U.S. shoe makers.,Reuters News,460,0
54,NKE,54,20010427,1333,Bad news treads on some U.S. shoe makers.,Reuters News,361,0
55,NKE,55,20010427,807,Nike Revises Estimate Of Impact Of Accounting Change,Dow Jones Corporate Filings Alert,238,0
56,NKE,56,20010426,1441,UPDATE 2-Reebok sees 2001 profits up 25 percent.,Reuters News,555,0
57,NKE,57,20010426,902,Reebok first-quarter net income up 30 percent.,Reuters News,179,0
58,NKE,58,20010423,NA,GLOBAL INVESTING - UBS Warburg delivers its list of losers.,Financial Times,529,0
59,NKE,59,20010419,NA,NIKE SAYS INCREASING COST OF LEATHER COULD CUT PROFITS,The New York Times,78,0
60,NKE,60,20010419,NA,COMPANY NEWS: NIKE SAYS INCREASING COST OF LEATHER COULD CUT PROFITS,New York Times Abstracts,39,0
61,NKE,61,20010417,908,"Visual Data, Nike In License Pact >VDAT NKE",Dow Jones News Service,139,0
62,NKE,62,20010417,902,Visual Data's Golf Society Subsidiary to Provide Syndicated Content And Interactive Services to Nike Golf,PR Newswire,635,0
63,NKE,63,20010417,NA,Visual Data Corporation's Golf Society Subsidiary to Provide Syndicated Content And Interactive Services to Nike Golf,Reuters Significant Developments,157,0
64,NKE,64,20010416,1637,Nike sees accounting charge in 2002 quarter.,Reuters News,290,0
65,NKE,65,20010416,1400,Nike Sees 1Q Charge Of 10c/Share From Acctg Rule FAS 133,Dow Jones News Service,228,0
66,NKE,66,20010416,1357,Nike Sees Chg Of $0.10/Sh In 1Q Of FY2002 From FAS 133,Dow Jones Corporate Filings Alert,366,0
67,NKE,67,20010410,NA,"Nike makes a commercial that resembles a music video, and hopes it is viewed as such.",The New York Times,1209,0
68,NKE,68,20010410,NA,"THE MEDIA BUSINESS: ADVERTISING: NIKE MAKES A COMMERCIAL THAT RESEMBLES A MUSIC VIDEO, AND HOPES IT IS VIEWED AS SUCH.",New York Times Abstracts,72,0
69,NKE,69,20010405,2013,Nike condemns arson attempt at Minnesota store.,Reuters News,280,0
70,NKE,70,20010405,451,US Economic Downturn Hits Indonesia's Shoe Industry,Dow Jones International News,210,0
71,NKE,71,20010403,1307,"INTERVIEW-Adidas to cut stock backlog, push upmarket.",Reuters News,560,0
72,NKE,72,20010402,615,UPDATE 2-Man Utd boosts shares with profit rise.,Reuters News,692,0
