,Ticker,Index,Date,Time,Headline,Source,NumWords,missing
1,NKE,1,20061229,2423,"DJ Apple Sued Over Laptop Failure Rate, Music Downloads >AAPL",Dow Jones Chinese Financial Wire,252,0
2,NKE,2,20061229,816,Apple: Suit Vs Co Alleges iBook Problems,Dow Jones Corporate Filings Alert,252,0
3,NKE,3,20061228,2431,GERMAN PRESS: Nike Bids EUR500M To Equip Natl Soccer Team,Dow Jones International News,128,0
4,NKE,4,20061227,1353,/C O R R E C T I O N -- Nike/,PR Newswire (U.S.),835,0
5,NKE,5,20061226,900,"Nike Issues New Year's Challenge; Track Maria Sharapova, LeBron James and More at  www.NikePlus.com",PR Newswire (U.S.),779,0
6,NKE,6,20061222,NA,Corporate News: New products help Nike's profit climb 8.1%,The Wall Street Journal Asia,331,0
7,NKE,7,20061222,823,"=DJ TIP SHEET: Icon Fund Likes Home Builders, Footwear",Dow Jones Chinese Financial Wire,693,0
8,NKE,8,20061221,1715,MARKET SNAPSHOT: U.S. Stocks Close Lower After Data Point To Weaker Growth,Dow Jones Business News,1035,0
9,NKE,9,20061221,1615,MARKET SNAPSHOT: U.S. Stocks Close Lower After Data Point To Weaker Growth,Dow Jones Business News,1035,0
10,NKE,10,20061221,1515,MARKET SNAPSHOT: U.S. Stocks Lower After Weak Manufacturing Data,Dow Jones Business News,1000,0
11,NKE,11,20061221,1452,MARKET SNAPSHOT: U.S. Stocks Lower After Weak Manufacturing Data,Dow Jones Business News,1004,0
12,NKE,12,20061221,1315,MARKET SNAPSHOT: U.S. Stocks Lower After Weak Manufacturing Data,Dow Jones Business News,875,0
13,NKE,13,20061221,905,MARKET SNAPSHOT: U.S. Stocks To Open Higher; Santa On Deck,Dow Jones Business News,825,0
14,NKE,14,20061221,756,UPDATE 1-RESEARCH ALERT-BofA raises Nike price target to $110,Reuters News,87,0
15,NKE,15,20061221,NA,Nike's earnings climb 8.1%,The Wall Street Journal Europe,338,0
16,NKE,16,20061221,1500,"TIP SHEET: Icon Fund Likes Home Builders, Footwear",Dow Jones News Service,696,0
17,NKE,17,20061221,713,US Hot Stocks To Watch: NKE WTSLA ACN MLHR,Dow Jones News Service,199,0
18,NKE,18,20061221,931,"Seven Summits Research Releases Alerts on BRCM, NT, NKE, BBBY, and JBL",PR Newswire (U.S.),485,0
19,NKE,19,20061221,802,DJ US Stock Futures Edge Up; GDP Figures On Tap,Dow Jones Commodities Service,627,0
20,NKE,20,20061221,630,= US Stock Futures Lean Higher; GDP Figures On Tap,Dow Jones Commodities Service,644,0
21,NKE,21,20061220,1705,UPDATE: Nike's Second-quarter Profit Boosted By Its Hot Brands,Dow Jones Business News,339,0
22,NKE,22,20061219,2317,STOCKS TO WATCH: Stocks Expected To Move Wednesday,Dow Jones Business News,1204,0
23,NKE,23,20061220,1709,"NIKE, Inc. Reports Second Quarter Earnings Per Share of US$1.28",PR Newswire Europe,2557,0
24,NKE,24,20061220,NA,"Nike, Inc. Launches New Shoes",Reuters Significant Developments,57,0
25,NKE,25,20061220,1621,"UPDATE 3-Nike quarterly profit up, smaller brands help",Reuters News,716,0
26,NKE,26,20061220,1637,DJ Nike Inc. 2Q EPS $1.28 Vs $1.14>NKE,Dow Jones Chinese Financial Wire,118,0
27,NKE,27,20061220,1753,"WSJ UPDATE: Nike 2Q Net Rises 8%, Helped By New Products",Dow Jones News Service,537,0
28,NKE,28,20061220,1727,Nike Execs Reiterate Strong Fiscal 2007 Operating Outlook,Dow Jones News Service,550,0
29,NKE,29,20061220,1651,UPDATE: Nike 2Q Profit Up 8% On Stronger Sales,Dow Jones News Service,221,0
30,NKE,30,20061220,1615,"NIKE, Inc. Reports 2Q EPS Of $1.28",Dow Jones News Service,121,0
31,NKE,31,20061220,1615,"NIKE, Inc. Reports Second Quarter Earnings Per Share of $1.28; Revenue up 10 percent; worldwide futures orders up 7 percent; Improved tax...",PR Newswire (U.S.),2488,0
32,NKE,32,20061220,1725,= UPDATE: LATE TRADING: Nike Dn Slightly Despite Strong 2Q,Dow Jones Commodities Service,676,0
33,NKE,33,20061220,1645,= LATE TRADING:Nike Shares Down Slightly Despite Strong 2Q,Dow Jones Commodities Service,247,0
34,NKE,34,20061219,1847,Nike Launches the Air Force 25; The Signature Shoe of Nike Basketball,PR Newswire (U.S.),425,0
35,NKE,35,20061219,1144,RESEARCH ALERT-Goldman raises Nike price target,Reuters News,64,0
36,NKE,36,20061218,506,Puma CEO: Sees Independent Future But Investors Welcome,Dow Jones International News,234,0
37,NKE,37,20061214,2044,"EARNINGS OUTLOOK: Analysts Eyeing Nike's Casual Line, Asia Operations",Dow Jones Business News,379,0
38,NKE,38,20061214,2016,"US Authorities Seize $6M Of Counterfeit Clothes, Shoes",Dow Jones International News,377,0
39,NKE,39,20061215,2448,"Analysts Eyeing Nike's Casual Line, Asia Operations",Dow Jones News Service,421,0
40,NKE,40,20061214,2402,Nike Names Four Vice Presidents,PR Newswire (U.S.),665,0
41,NKE,41,20061214,2416,"Nike Names 4 Vice Presidents In Corporate, Brand Roles",Dow Jones News Service,93,0
42,NKE,42,20061211,2435,Nike Air Force 1 Music Project Celebrates 25 Years of a Cultural Icon,PR Newswire (U.S.),750,0
43,NKE,43,20061210,1901,HK Yue Yuen Nov Revenue US$314.6 Mln; Up 14% On Year,Dow Jones International News,151,0
44,NKE,44,20061210,1946,DJ HK Yue Yuen Nov Revenue US$314.6 Mln; Up 14% On Year,Dow Jones Chinese Financial Wire,149,0
45,NKE,45,20061210,1827,Nike Air Force 1 Music Project Celebrates 25 Years of A Cultural Icon,PR Newswire (U.S.),731,0
46,NKE,46,20061206,715,Nike Enters Into Up To $1B Credit Pact,Dow Jones International News,123,0
47,NKE,47,20061206,746,DJ Nike Enters Into Up To $1B Credit Pact >NKE,Dow Jones Chinese Financial Wire,122,0
48,NKE,48,20061206,603,Nike Enters Into Up To $1B Credit Pact,Dow Jones Corporate Filings Alert,123,0
49,NKE,49,20061205,1400,TALES OF THE TAPE:Nike Surge May Just Do It For Investors,Dow Jones News Service,1203,0
50,NKE,50,20061204,900,"NIKE, Inc. to Webcast Earnings and Conference Call",PR Newswire (U.S.),289,0
51,NKE,51,20061201,1347,Adidas Wants To Continue German Soccer Cooperation,Dow Jones International News,111,0
52,NKE,52,20061201,1133,Nike Makes Bid To Equip German National Soccer Team,Dow Jones International News,167,0
53,NKE,53,20061201,1459,UPDATE: Nike Makes Bid To Equip German Natl Soccer Team,Dow Jones News Service,529,0
54,NKE,54,20061127,931,"Seven Summits Research Releases Alerts on AXP, CAL, NKE, BSC, and RTN",PR Newswire (U.S.),485,0
55,NKE,55,20061126,1910,"Gap, Nike, Hess seen as buyout targets-Barron's",Reuters News,214,0
56,NKE,56,20061124,124,"UK PRESS: Adidas, Nike Fuel Sports Retailer Rivalry",Dow Jones International News,188,0
57,NKE,57,20061122,2416,"Payless shrs jump on earnings, Nike, Disney deals",Reuters News,244,0
58,NKE,58,20061122,NA,Corporate News: Nike drops Pakistan supplier over labor issues,The Wall Street Journal Asia,463,0
59,NKE,59,20061121,NA,Nike ends orders from ball maker over labor issues,The Wall Street Journal Europe,191,0
60,NKE,60,20061121,1607,Payless ShoeSource(R) and Exeter Brands Group Team Up to Launch the Tailwind(R) Footwear Brand -- a Unique Line of Women's Athletic Shoes...,PR Newswire (U.S.),803,0
61,NKE,61,20061121,614,DJ Pakistan Co Warns Of Job Losses After Nike Cancels Orders,Dow Jones Commodities Service,244,0
62,NKE,62,20061121,614,Pakistan Co Warns Of Job Losses After Nike Cancels Orders,Dow Jones International News,234,0
63,NKE,63,20061121,1605,Payless ShoeSource 3Q EPS 43c Vs 32c,Dow Jones News Service,143,0
64,NKE,64,20061120,1514,UPDATE 1-Nike ends orders with Pakistan soccer ball maker,Reuters News,248,0
65,NKE,65,20061120,954,Nike ends orders with Pakistan-based soccer ball supplier,Reuters News,98,0
66,NKE,66,20061120,NA,Apparel Brief -- Nike Inc.: Quarterly Payout Is Increased For Fifth Consecutive Year,The Wall Street Journal,115,0
67,NKE,67,20061120,1001,Nike Ends Orders With Soccer Ball Manufacturer,PR Newswire Europe,859,0
68,NKE,68,20061120,939,Nike Ends Orders With Soccer Ball Manufacturer; Factory inaction on significant labor concerns forces decision after exhaustive efforts...,PR Newswire (U.S.),855,0
69,NKE,69,20061120,NA,"Nike, Inc. Ends Orders With Soccer Ball Manufacturer",Reuters Significant Developments,51,0
70,NKE,70,20061120,1317,Nike Ends Orders From Pakistani Co Over Labor Violations,Dow Jones International News,272,0
71,NKE,71,20061117,900,Nike Increases Qtrly Div 19 %,Dow Jones News Service,54,0
72,NKE,72,20061117,NA,"Nike, Inc. Announces Quarterly Dividend",Reuters Significant Developments,42,0
73,NKE,73,20061117,922,"Nike raises quarterly dividend, appoints new board member",Reuters News,89,0
74,NKE,74,20061117,1635,Dividends Reported November 17,Dow Jones News Service,1059,0
75,NKE,75,20061117,900,Johnathan A. Rodgers Joins Nike's Board of Directors,PR Newswire (U.S.),406,0
76,NKE,76,20061117,900,Nike Increases Quarterly Dividend 19 Percent,PR Newswire (U.S.),367,0
77,NKE,77,20061115,1932,Gina Warren Named Nike VP of Diversity; Succeeds Donna DeBerry Who Plans to Resume Private Diversity Consulting,PR Newswire (U.S.),530,0
78,NKE,78,20061114,1931,DJ Berkshire Reports Holding 10M Shrs Of Western Union >WU,Dow Jones Chinese Financial Wire,178,0
79,NKE,79,20061115,2400,Carmelo Anthony Stars in New Marketing Campaign in Support of the Melo M3 Debut; Integrated Campaign Plays Off Nuggets Star's on Court Skill...,PR Newswire (U.S.),957,0
80,NKE,80,20061114,1731,"UPDATE 1-Buffett's Berkshire adds to Lowe's, Nike stakes",Reuters News,332,0
81,NKE,81,20061113,NA,Aiding the Schools That Gave Them a Chance,The New York Times,1235,0
82,NKE,82,20061112,1934,DJ HK Yue Yuen Oct Revenue US$311.5 Mln; Up 17% On Year,Dow Jones Chinese Financial Wire,170,0
83,NKE,83,20061112,1849,HK Yue Yuen Oct Revenue US$311.5 Mln; Up 17% On Year,Dow Jones International News,172,0
84,NKE,84,20061110,NA,Business Brief: Adidas AG,The Wall Street Journal Asia,135,0
85,NKE,85,20061109,820,4TH UPDATE: Adidas Shares Slide On 2007 Pft Warning,Dow Jones International News,1151,0
86,NKE,86,20061109,748,3RD UPDATE: Adidas Shares Slide On 2007 Pft Warning,Dow Jones International News,1099,0
87,NKE,87,20061109,303,UPDATE: Adidas Cuts '07 Pft Outlook To 15% Vs 20% Growth,Dow Jones International News,568,0
88,NKE,88,20061109,154,Adidas Lowers 2007 Pft Growth Outlook To 15% From 20%,Dow Jones International News,175,0
89,NKE,89,20061103,1354,"Chris Paul, NBA Rookie of the Year, Signs With Team Jordan; Young Superstar to Wear Jordan Footwear and Apparel; Joe Johnson and Josh Howard...",PR Newswire (U.S.),512,0
90,NKE,90,20061102,1630,Nike Sets Sights on Global Football Dominance by 2010; Company Names Joaquin Hidalgo to Drive Clear Nike Brand Leadership in World's Most...,PR Newswire (U.S.),767,0
91,NKE,91,20061101,NA,These Shoes Are Made for Talking,The New York Times,1696,0
92,NKE,92,20061031,NA,NIKE REACHES DEEPER INTO NEW MEDIA TO FIND YOUNG BUYERS,The New York Times Abstracts,57,0
93,NKE,93,20061028,NA,Barca net Euros 150m sponsor deal with Nike.,Financial Times,443,0
94,NKE,94,20061027,NA,"Nike, Inc. And FC Barcelona Extend Relationship",Reuters Significant Developments,57,0
95,NKE,95,20061027,900,Nike and FC Barcelona Extend Relationship,PR Newswire Europe,677,0
96,NKE,96,20061027,909,UPDATE 1-Nike and FC Barcelona in $189 mln agreement,Reuters News,191,0
97,NKE,97,20061027,900,Nike and FC Barcelona Extend Relationship,PR Newswire (U.S.),673,0
98,NKE,98,20061027,1349,UPDATE: Nike Extends FC Barcelona Sponsorship Deal For $189 Mln,Dow Jones Business News,296,0
99,NKE,99,20061027,1351,UPDATE: Nike Extends FC Barcelona Sponsorship Deal,Dow Jones News Service,302,0
100,NKE,100,20061026,1648,LeBron James Returns in a Second Season of 'The LeBrons' to Debut Zoom LeBron IV Shoe,PR Newswire (U.S.),580,0
