,Ticker,Index,Date,Time,Headline,Source,NumWords,missing
1,NKE,101,20120824,2408,WSJ BLOG/MarketBeat: Nike Supports Lance Armstrong After Doping Ruling,Dow Jones News Service,340,0
2,NKE,102,20120824,1132,MARKET TALK: Nike Backs Armstrong in Wake of Doping Fight News,Dow Jones News Service,109,0
3,NKE,103,20120823,930,"Zacks Sell List Highlights: Matthews International, NIKE, GlaxoSmithKline and BorgWarner",PR Newswire (U.S.),1021,0
4,NKE,104,20120823,1830,"Masculin, Féminin",The Wall Street Journal Online,125,0
5,NKE,105,20120822,NA,Corporate News: Nike Urged To Drop LeBron X,The Wall Street Journal,259,0
6,NKE,106,20120822,NA,"West Nile Outbreak Explodes; Defiant Akin Refuses to Quit; GOP Candidates Fuel Abortion Debate; Gallup Poll: Anti-Abortion Support Growing; Nyad Says She's Proud of Attempt; Report: Gingrich Releases His Delegates; Existing Home Sales Up 2.3 Percent In July; Tropical Storm Isaac Strengthening; Floridians Watching Isaac; Romney's New Attack Ad; ""The Office"" is Closing; 1960 MLK Interview Found in Attic; Nike's New $300 Sneaker; Teens Using Drugs on Campus",CNN: CNN Newsroom,7943,0
7,NKE,107,20120822,NA,Corporate News: Nike Sets Rules for Retailers To Discourage Unruly Crowds,The Wall Street Journal Asia,528,0
8,NKE,108,20120821,NA,Nike's Sneakers Will Test $300 Barrier,The Wall Street Journal Asia,542,0
9,NKE,109,20120821,1316,Nike Kicks Up Prices of Sneakers,WSJ Live: News Hub AM,509,1
10,NKE,110,20120821,NA,"Nike sets new rules to beef up store, customer safety-WSJ",Reuters News,443,0
11,NKE,111,20120822,NA,Nike Urged to Drop LeBron X Shoes,The Wall Street Journal Online,810,0
12,NKE,112,20120821,NA,"Notable Nikes; Nike is hiking the prices of its sneakers and analysts expect the company to release its priciest yet, the $315 LeBron X, thi...",The Wall Street Journal Online,742,0
13,NKE,113,20120821,1317,WSJ(8/21) Nike's LeBron Sneakers To Test $300 Limit,Dow Jones Chinese Financial Wire,808,0
14,NKE,114,20120821,NA,Sole Sisters,The New York Times,797,0
15,NKE,115,20120821,NA,Disruptions: The Next Wave for the Wristwatch,NYT Blogs,792,0
16,NKE,116,20120821,1245,Corporate News: Foot Locker Sales Get Olympics Lift,The Wall Street Journal,170,0
17,NKE,117,20120821,1935,Witness the fitness; Menswear: Alexander Fury recommends trainers in luxe fabrics or with surprising details,Financial Times,269,0
18,NKE,118,20120820,2033,Foot Locker's Profit Rises 59%,The Wall Street Journal Online,342,0
19,NKE,119,20120821,329,UPDATE: Foot Locker Second-Quarter Net Jumps 59% on Higher Sales,Dow Jones Global News Select,542,0
20,NKE,120,20120819,NA,Foot Locker Second-Quarter Net Jumps 59% on Strong Same-Store Sales; Shares Up,Dow Jones Global News Select,347,0
21,NKE,121,20120816,NA,WSJ BLOG/India Real Time: Delhi Journal: Hangouts for Delhi Hipsters,Dow Jones Global Equities News,299,0
22,NKE,122,20120819,NA,Fitch Raises Outlook on PulteGroup to Stable,Dow Jones News Service,697,0
23,NKE,123,20120818,NA,UPDATE 1-Foot Locker profit tops estimates on higher shoe sales,Reuters News,596,0
24,NKE,124,20120818,NA,Tech Europe: Social Media Proves Gold for Promoting Athletes,The Wall Street Journal Europe,582,0
25,NKE,125,20120817,NA,Nike (NKE) Mkt On Close Sell Imbalance: Shrs 71600,Dow Jones News Service,565,0
26,NKE,126,20120817,1704,MARKET TALK: Citi Enamoured by Trends Favoring Finish Line,Dow Jones News Service,622,0
27,NKE,127,20120817,2439,MARKET TALK: Citi Enamoured by Trends Favoring Finish Line,Dow Jones News Service,800,0
28,NKE,128,20120817,2424,Scouting Report,NYTimes.com Feed,800,0
29,NKE,129,20120817,744,DJ Maverick Capital Ltd. 2Q 13F: Hldgs As Of Jun 30,Dow Jones Institutional News,559,0
30,NKE,130,20120817,729,DJ Chilton Investment Co. 2Q 13F: Hldgs As Of Jun 30,Dow Jones Institutional News,498,0
31,NKE,131,20120816,2356,DJ CR Intrinsic Investors 2Q 13F: Hldgs As Of Jun 30,Dow Jones Institutional News,1138,0
32,NKE,132,20120816,2335,DJ Adage Capital Advisors 2Q 13F: Hldgs As Of Jun 30,Dow Jones Institutional News,1641,0
33,NKE,133,20120817,934,DJ HBK Investments LP 2Q 13F: Hldgs As Of Jun 30,Dow Jones Institutional News,499,0
34,NKE,134,20120817,851,DJ OZ Mgmt 2Q 13F: Hldgs As Of Jun 30,Dow Jones Institutional News,366,0
35,NKE,135,20120816,NA,DJ Two Sigma Investments 2Q 13F: Hldgs As Of Jun 30,Dow Jones Institutional News,984,0
36,NKE,136,20120816,630,MARKET TALK: Domino's Wonders What's in a Name?,Dow Jones News Service,1028,0
37,NKE,137,20120816,1545,MARKET TALK: Domino's Wonders What's in a Name?,Dow Jones News Service,9,0
38,NKE,138,20120816,959,Nike (NKE) Mkt On Close Sell Imbalance: Shrs 82300,Dow Jones News Service,1207,0
39,NKE,139,20120816,959,"Nike Wins Brand Battle On Social Media, According To Socialbakers",PR Newswire (U.S.),134,0
40,NKE,140,20120816,NA,"WSJ BLOG/Digits: Klout Revamps, Delivers Reality Check",Dow Jones News Service,446,0
41,NKE,141,20120816,NA,MARKET TALK: Higher Prices Boost Athletic Specialty-Shoe Sales,Dow Jones News Service,446,0
42,NKE,142,20120815,1030,MARKET TALK: Higher Prices Boost Athletic Specialty-Shoe Sales,Dow Jones News Service,2768,0
43,NKE,143,20120815,1022,Nike Inc Declares $0.36 Quarterly Dividend,Reuters Significant Developments,5372,0
44,NKE,144,20120815,919,2nd UPDATE: Manchester United IPO Trading Flat After Pricing Below Range,Dow Jones Global News Select,7530,0
45,NKE,145,20120815,1003,"Potential Bidders for Nike Unit Cole Haan Include TPG, Apax -Reuters",Dow Jones Global News Select,9740,0
46,NKE,146,20120815,1054,Nike (NKE) Mkt On Close Buy Imbalance: Shrs 56900,Dow Jones News Service,2372,0
47,NKE,147,20120815,1037,"TPG, Apax among bidders for Nike's Cole Haan unit-sources",Reuters News,7124,0
48,NKE,148,20120815,955,Will Hurdler Keep Pace in Race for the Green?,WSJ Blogs,12546,1
49,NKE,149,20120815,1435,"Zacks Industry Outlook Highlights: Starbucks, Nike, Big Lots, Deckers Outdoor and Family Dollar Stores",PR Newswire (U.S.),1433,0
50,NKE,150,20120815,1435,=DJ CFA Retail:Insider Review For Week Ended Aug. 3,Dow Jones Institutional News,154,0
51,NKE,151,20120814,1545,Nike is walking all over Adidas,Irish Daily Mail,9,0
52,NKE,152,20120814,1106,Friendly Court: Jeremy Lin in Taiwan,WSJ Blogs,543,1
53,NKE,153,20120814,1302,Friendly Court: Jeremy Lin in Taiwan,WSJ Blogs,528,1
54,NKE,154,20120814,935,"Zacks Sell List Highlights: NIKE, Navistar International, Owens & Minor and BorgWarner",PR Newswire (U.S.),1428,0
55,NKE,155,20120814,935,Olympics Help to Boost Adidas Earnings,The Wall Street Journal Asia,145,0
56,NKE,156,20120813,NA,Adidas Races Ahead of Rivals,The Wall Street Journal Europe,59,0
57,NKE,157,20120810,1358,Olympics Boost Adidas Earnings,The Wall Street Journal Online,1012,0
58,NKE,158,20120810,1332,London 2012 Olympics: Is Nike Beating Adidas?,WSJ Live: News Hub GMT,1000,1
59,NKE,159,20120810,1343,Adidas Raises Earnings Forecast Amid Olympic Fever,Dow Jones Business News,1012,0
60,NKE,160,20120810,1317,"Adidas Earnings Boosted by Olympics, Euro 2012",Dow Jones Business News,1000,0
61,NKE,161,20120810,2453,WSJ BLOG/The Source: Adidas Sprints Ahead of Peers With Olympic Drive,Dow Jones Global Equities News,126,0
62,NKE,162,20120810,2415,MARKET TALK: Adidas China Sales Outstanding In Sector -DZ Bank,Dow Jones Global Equities News,127,0
63,NKE,163,20120810,1545,MARKET TALK: Adidas 2Q Results Better Than Peers - Lampe,Dow Jones Global Equities News,9,0
64,NKE,164,20120809,1818,=DJ CFA Substantial Insider Sales: Afternoon Report,Dow Jones Institutional News,344,0
65,NKE,165,20120807,2324,International Property: Shanghai: Global Logistic Bets On a Need for Warehouses,The Wall Street Journal Asia,561,0
66,NKE,166,20120808,148,SceneStyle: Nike in Seoul,WSJ Blogs,607,1
67,NKE,167,20120807,2325,A Big Bet on Warehouses in China,The Wall Street Journal Online,606,0
68,NKE,168,20120808,930,Life & Style --- On Style: Which One Is Greenest? A New Rating Tool,The Wall Street Journal Asia,1163,0
69,NKE,169,20120806,713,WSJ BLOG/China Real Time: A Private Look at China's Economy,Dow Jones Global Equities News,1329,0
70,NKE,170,20120806,NA,Nike (NKE) Mkt On Close Buy Imbalance: Shrs 73600,Dow Jones News Service,92,0
71,NKE,171,20120806,NA,Athlete: Egyptian Olympians given fake Nike gear,CNN Wire,102,0
72,NKE,172,20120805,2224,2nd UPDATE: Under Armour 2nd-Quarter Net Up 6.8%; Raises Guidance,Dow Jones Business News,194,0
73,NKE,173,20120805,1311,UPDATE 2-Under Armour raises outlook on strong footwear sales,Reuters News,620,0
74,NKE,174,20120805,1311,"NASA, Partners Announce Launch: Beyond Waste Innovators",PR Newswire (U.S.),664,0
75,NKE,175,20120803,930,WSJ BLOG/China Real Time: CRT Interview: Director Chen Kaige on the Future of Chinese Film,Dow Jones International News,1035,0
76,NKE,176,20120803,NA,Nike (NKE) Mkt On Close Sell Imbalance: Shrs 80400,Dow Jones News Service,363,0
77,NKE,177,20120803,NA,Heard & Scene: Sleeping on the Street for Supreme Sneakers,The Wall Street Journal,542,0
78,NKE,178,20120802,1404,MARKET TALK: Under Armour a Darling in Many Analysts' Eyes,Dow Jones News Service,712,0
79,NKE,179,20120802,1119,MARKET TALK: Under Armour a Darling in Many Analysts' Eyes,Dow Jones News Service,788,0
80,NKE,180,20120802,NA,Adidas to close its only factory in China,Reuters News,628,0
81,NKE,181,20120802,445,UPDATE: Puma Warns On Profit as European Business Slows,Dow Jones Emerging Markets Report,581,0
82,NKE,182,20120802,242,Adidas to Close China Factory,The Wall Street Journal Online,608,0
83,NKE,183,20120802,227,Companies Feel China's Slower Growth,The Wall Street Journal Europe,608,0
84,NKE,184,20120802,207,Global Banks Reap Record Profits From China Operations In 2011 -PwC,Dow Jones International News,313,0
85,NKE,185,20120802,132,=DJ CFA Retail:Insider Review For Week Ended July 13,Dow Jones Institutional News,311,0
86,NKE,186,20120802,1149,A Wing and a Pair,The Wall Street Journal Online,586,0
87,NKE,187,20120802,254,Nike (NKE) Mkt On Close Buy Imbalance: Shrs 58300,Dow Jones News Service,145,0
88,NKE,188,20120802,248,Nike (NKE) Mkt On Close Sell Imbalance: Shrs 56800,Dow Jones News Service,134,0
89,NKE,189,20120801,1644,Chic in Review | J. Lo Tees Off,NYT Blogs,729,0
90,NKE,190,20120801,NA,Local Brands Lose Favor in China,The Wall Street Journal Asia,808,0
91,NKE,191,20120801,NA,"DJ FOCUS: China's Sportswear Brands, From Li Ning To Anta, Lose Favor Following Overe",Dow Jones Chinese Financial Wire,588,0
92,NKE,192,20120801,NA,Hourly update,Reuters Washington Daybook Report,32,0
93,NKE,193,20120731,1340,Asked & Answered | Sanya Richards-Ross,NYT Blogs,1242,0
94,NKE,194,20120731,NA,Nike Distances Itself From Football Coach Paterno's Legacy,Dow Jones Business News,873,0
95,NKE,195,20120726,NA,URGENT - Pennsylvania Penn State Nike,CNN Wire,954,0
96,NKE,196,20120730,435,Nike (NKE) Mkt On Close Buy Imbalance: Shrs 93400,Dow Jones News Service,934,0
97,NKE,197,20120727,1545,Canadian Olympic athlete Phylicia George gesture at reporters at a press conference held by Nike and Athletics Canada in Toronto.,Reuters Pictures,9,0
98,NKE,198,20120726,1522,"Canadian Olympic athletes George, Warner and Wells gesture at reporters along with other Olympic athletes at a press conference held by Nike and Athletics Canada to unveil Canadian Olympic team apparel in Toronto",Reuters Pictures,508,0
99,NKE,199,20120724,1136,Canadian Olympic athlete Justyn Warner and his fiancee Olympic athlete Nikkita Holder are pictured at a press conference held by Nike and Athletics Canada in Toronto,Reuters Pictures,685,0
100,NKE,200,20120724,1121,"Canadian Olympic athletes Phylicia George, Justyn Warner and Sarah Wells wear the competition apparel they will be clothed in during the coming summer Olympics at a press conference held by Nike and Athletics Canada in Toronto",Reuters Pictures,685,0
