,Ticker,Index,Date,Time,Headline,Source,NumWords,missing
1,NKE,1,20011224,NA,"Wary Investors Resist Stocks --- After Months of Losses, Americans Are Skeptical About Recovery --- Widespread Aversion to Risk Could Limit...",The Wall Street Journal Europe,1278,0
2,NKE,2,20011224,NA,Nike Isn't Smiling at Burger King's Parody of Its TV Ad,The Wall Street Journal,654,0
3,NKE,3,20011221,NA,"Hard Year for U.S. Ads; Kissinger Hits Home --- The Best of 2001 Set Basketball to Beats, the Worst Was a (Tongue-Loving) Dog --- ""When...",The Wall Street Journal Europe,2066,0
4,NKE,4,20011221,NA,Nike reports 8% income rise.,Financial Times (FT.Com),236,0
5,NKE,5,20011221,NA,COST CONTROLS HELP RAISE NIKE'S PROFIT,New York Times Abstracts,41,0
6,NKE,6,20011221,1647,"U.S. stocks advance on consumer sentiment, Nortel.",Reuters News,829,0
7,NKE,7,20011221,1803,"WRAPUP 1-U.S. stocks, dollar up - bonds dip on upbeat data.",Reuters News,1108,0
8,NKE,8,20011221,1616,"U.S. stocks rise on consumer sentiment, Nike jumps.",Reuters News,406,0
9,NKE,9,20011221,1400,"U.S. stocks up slightly, buoyed by consumer sentiment.",Reuters News,767,0
10,NKE,10,20011221,1346,U.S. hot stocks highlights - Dec. 21 (afternoon).,Reuters News,693,0
11,NKE,11,20011221,1307,U.S. stocks off highs - traders set for year end.,Reuters News,866,0
12,NKE,12,20011221,1151,U.S. hot stocks highlights - Dec. 21 (Noon).,Reuters News,668,0
13,NKE,13,20011221,1001,U.S. hot stocks highlights - Dec. 21 (morning).,Reuters News,552,0
14,NKE,14,20011221,945,U.S. stocks jump at open in broad rally.,Reuters News,213,0
15,NKE,15,20011221,915,U.S. stocks to climb at open - investors look past GDP.,Reuters News,895,0
16,NKE,16,20011221,859,"UPDATE 1-Before The Bell-NIKE rises, futures gain.",Reuters News,250,0
17,NKE,17,20011221,825,"Before The Bell - NIKE rises, futures gain.",Reuters News,191,0
18,NKE,18,20011221,812,U.S. stocks to open higher - data to steal spotlight.,Reuters News,787,0
19,NKE,19,20011221,701,"Wall St seen tiptoing higher, awaits data.",Reuters News,242,0
20,NKE,20,20011220,1921,"UPDATE 2-Nike Q2 profit up 8 percent, outlook positive.",Reuters News,680,0
21,NKE,21,20011221,NA,Nike's Net Rose 8.3% In Fiscal 2nd Quarter On Improved Sales,The Wall Street Journal,278,0
22,NKE,22,20011221,NA,Cost Controls Help Raise Nike's Profit,The New York Times,248,0
23,NKE,23,20011221,733,Hot Stocks To Watch: FRX NKE WDC BBBY,Dow Jones News Service,232,0
24,NKE,24,20011220,1639,Nike 2nd-Quarter Net Rose 8.3%; Futures Orders Up 8%,Dow Jones Business News,374,0
25,NKE,25,20011220,1759,"After The Bell - Nike, Manugistics surge.",Reuters News,368,0
26,NKE,26,20011220,1756,"Nike backs modest EPS, rev. growth for FY'02.",Reuters News,132,0
27,NKE,27,20011220,1701,TABLE - Nike second-quarter net up.,Reuters News,282,0
28,NKE,28,20011220,1655,UPDATE 1-Nike Q2 net income rises 8 percent.,Reuters News,331,0
29,NKE,29,20011220,1627,Nike Q2 net income rises 8 percent vs yr ago.,Reuters News,179,0
30,NKE,30,20011220,740,DIARY - Today in U.S. Equities - Dec. 20.,Reuters News,440,0
31,NKE,31,20011220,NA,"Nike, Inc. On Track For Year-Over-Year Earnings Growth In Fiscal 2002-DJ",Reuters Significant Developments,97,0
32,NKE,32,20011220,1617,NIKE Reports Second Quarter Earnings Per Share Up Nine Percent; Worldwide Futures Orders Increase Eight Percent,PR Newswire,1465,0
33,NKE,33,20011220,1839,Nike Execs-2:Co. Has Done Well In Challenging Times -CFO,Dow Jones News Service,1620,0
34,NKE,34,20011220,1617,Nike 2Q Net 48c/Shr,Dow Jones News Service,596,0
35,NKE,35,20011219,1436,DIARY-U.S. Corporate earnings calendar December 20.,Reuters News,122,0
36,NKE,36,20011216,2050,"Wall St Week Ahead - Confessions, earnings to hit stocks.",Reuters News,705,0
37,NKE,37,20011217,NA,Stars of '90s Aren't Likely to Lead Next Rally,The Wall Street Journal,1338,0
38,NKE,38,20011217,NA,"Tech Issues Begin to Come Back --- But Sector May Not Be Able to Lead Market Higher, Analysts Say --- Financials, Energy, Utilities Could...",The Asian Wall Street Journal,1491,0
39,NKE,39,20011214,2016,Wall St Week Ahead - Confession's not so good for the Dow.,Reuters News,693,0
40,NKE,40,20011213,1617,"NIKE, Inc. to Webcast Earnings Conference Call",PR Newswire,239,0
41,NKE,41,20011212,1623,Nike Appoints Rick Anguilla Vice President Brand Communications,PR Newswire,363,0
42,NKE,42,20011210,2441,"UPDATE 1-Juventus launches IPO, analysts mixed on stock.",Reuters News,599,0
43,NKE,43,20011210,1035,Stock Rating Reiterations: CELG BRL HOFF DLTR IART,Dow Jones News Service,232,0
44,NKE,44,20011209,NA,THE END OF SHOELACES,New York Times Abstracts,40,0
45,NKE,45,20011209,NA,CORPORATE JUJITSU,New York Times Abstracts,30,0
46,NKE,46,20011209,NA,CORRECTIONS,New York Times Abstracts,41,0
47,NKE,47,20011205,NA,MetaCreations Corporation and Nike Inc. Announce License and viewer Distribution Agreement,Reuters Significant Developments,62,0
48,NKE,48,20011204,1102,Adidas buys Canadian sports equipment firm Arc'teryx.,Reuters News,236,0
49,NKE,49,20011203,2459,Nike Golf Reveals Golf Club Launch Plans,PR Newswire,1416,0
50,NKE,50,20011203,752,"D. Telekom drops on overhang, insurers drag German DAX.",Reuters News,80,0
51,NKE,51,20011203,1531,Options Report: ISE Sells Another Seat; CBOE Adds SPDRs,Dow Jones News Service,754,0
52,NKE,52,20011130,1645,CFA Retail: Monthly Insider Review For October,Dow Jones Corporate Filings Alert,1823,0
53,NKE,53,20011121,NA,COURT BACKS LEVI STRAUSS ON PRICING,New York Times Abstracts,77,0
54,NKE,54,20011121,NA,"Nike, Inc. and S3, Incorporated's Rio Division Ship the Nike PSA/Play 120",Reuters Significant Developments,50,0
55,NKE,55,20011120,NA,"Companies: U.S. Survey Ties Woes To Candy Satisfaction --- Connection Between Confection, Economy",The Wall Street Journal Europe,1038,0
56,NKE,56,20011119,2443,PRICE TARGET CHANGES: CSFB,Dow Jones News Service,84,0
57,NKE,57,20011119,1101,Walmart.com CEO Jeanne Jackson Joins Nike Board of Directors,PR Newswire,363,0
58,NKE,58,20011119,NA,"Shopper Satisfaction Takes Another Hit --- Chocolate Proves Soothing As Sneaker Makers Drag, Soft-Drink Firms Fizzle",The Wall Street Journal,1578,0
59,NKE,59,20011119,2452,"Reebok, Skechers shares surge on retail optimism.",Reuters News,286,0
60,NKE,60,20011119,820,RESEARCH ALERT-CSFB raises price targets on apparel firms.,Reuters News,221,0
61,NKE,61,20011119,NA,Turning to Chocolate in Time of Need --- Customer-Satisfaction Survey Finds Americans Are Indulging Sweet Habits,The Asian Wall Street Journal,1065,0
62,NKE,62,20011117,944,World PR chiefs ponder post-terror message.,Reuters News,625,0
63,NKE,63,20011116,1617,NIKE Declares Dividend,PR Newswire,81,0
64,NKE,64,20011110,1215,BARRON'S: Insider Transactions,Dow Jones International News,563,0
65,NKE,65,20011110,1215,BARRON'S: Insider Transactions,Dow Jones Commodities Service,563,0
66,NKE,66,20011110,1215,BARRON'S: Insider Transactions,Capital Markets Report,563,0
67,NKE,67,20011110,1215,BARRON'S: Insider Transactions,Dow Jones Energy Service,563,0
68,NKE,68,20011106,1822,Nike CEO Knight Transferred 10.2M Class A Shrs In October,Dow Jones Corporate Filings Alert,177,0
69,NKE,69,20011106,150,Adidas says Q3 pretax profit up 1 pct.,Reuters News,133,0
70,NKE,70,20011105,1225,Global Corps Meet To Find Ways To Be Better Citizens,Dow Jones International News,571,0
71,NKE,71,20011102,1400,TALES OF THE TAPE: Sears Resolves Its Identity Crisis,Dow Jones News Service,1426,0
72,NKE,72,20011101,1309,"Adidas Q3 profit seen up but focus on U.S., debt.",Reuters News,749,0
73,NKE,73,20011031,NA,"G-III Apparel Group, Ltd. and Cole Haan Announce Manufacturing and Distribution Agreement",Reuters Significant Developments,129,0
74,NKE,74,20011029,1334,SportsTicker: Kevin Wulff Named CEO Of WTA Tour,Dow Jones News Service,419,0
75,NKE,75,20011026,NA,Southeast Asia: Vietnam's Outlook Brightens --- Historic Trade Agreement Opens Huge U.S. Market to Exports --- Ikea and Nike Are Optimistic,The Asian Wall Street Journal,833,0
76,NKE,76,20011025,830,"UPDATE 2-Puma shares leap on positive outlook, Q3 results.",Reuters News,624,0
77,NKE,77,20011023,926,"UPDATE 1-Reebok earnings up, but warns of possible slowdown.",Reuters News,305,0
78,NKE,78,20011023,906,"Reebok earnings up, but warns of possible slowdown.",Reuters News,164,0
79,NKE,79,20011022,1428,Some see Reebok meeting or beating Q3 estimates.,Reuters News,491,0
80,NKE,80,20011022,521,Yue Yuen nine-month net up 2.8 pct on new products.,Reuters News,470,0
81,NKE,81,20011017,1012,ANALYSIS-Can German sportswear makers weather downturn?,Reuters News,805,0
82,NKE,82,20011016,2124,INTERVIEW-Loudcloud maintains outlook amid tough times.,Reuters News,644,0
83,NKE,83,20011017,1728,Nike Promises Super Show at The Super Show(R),PR Newswire,499,0
84,NKE,84,20011015,1818,Nike CEO says company's failure to grow his fault.,Reuters News,392,0
85,NKE,85,20011012,853,ANALYSIS-Attacks on U.S. set to redraw global investment map.,Reuters News,641,0
86,NKE,86,20011010,1557,Nike Shelf -2: Includes $250M In Unsold Securities,Dow Jones News Service,104,0
87,NKE,87,20011010,1547,Nike Inc Files $1B Debt Securities Shelf,Dow Jones News Service,103,0
88,NKE,88,20011010,1603,Nike plans to sell $750 mln in debt securities.,Reuters News,154,0
89,NKE,89,20011002,1205,THAI BUSINESS BRIEFS:US Attacks Won't Affect Pan Asia Pft,Dow Jones International News,84,0
90,NKE,90,20011002,420,Some expats leave Indonesia amid anti-US sentiment.,Reuters News,342,0
91,NKE,91,20011001,1929,Nike And Adidas Expatriate Families Leave Indonesia,Dow Jones Business News,221,0
92,NKE,92,20011001,1017,"UPDATE 2-Man Utd profit jumps, sees wage pressure.",Reuters News,536,0
