,Ticker,Index,Date,Time,Headline,Source,NumWords,missing
1,NKE,1,20130930,930,"Walgreens, Monsanto, Constellation Brands, Nike and FedEx are part of Zacks Earnings Preview:",PR Newswire (U.S.),1488,0
2,NKE,2,20130923,930,"Insider Trading Buzz for CBS, Tower Group, NetApp, Micron, Nike, and JPMorgan Chase, and",PR Newswire (U.S.),1284,0
3,NKE,3,20130930,830,News Highlights: Top Equities Stories of the Day,Dow Jones Global Equities News,647,0
4,NKE,4,20130926,2100,"Stocks to Watch: J.C. Penney, Nike, Finish Line",WSJ Blogs,547,1
5,NKE,5,20130927,526,Morning MoneyBeat: Nike Delivers in Dow Earnings Debut,WSJ Blogs,647,1
6,NKE,6,20130927,851,"Corporate News: Demand Propels Nike, But China Is a Drag",The Wall Street Journal,1123,0
7,NKE,7,20130927,621,DJ  US HOT STOCKS TO WATCH: NKE,Dow Jones Chinese Newswires English Content,1171,0
8,NKE,8,20130927,621,DJ Nike Cut to Hold From Buy by Stifel Nicolaus >NKE,Dow Jones Nachrichten auf Deutsch,1161,0
9,NKE,9,20130927,NA,"DJ Blue Chips Weighed Down by IBM, Goldman Sachs -- Market Talk",Dow Jones Newswires,399,0
10,NKE,10,20130926,1406,"DJ Blue Chips Weighed Down by IBM, Goldman Sachs -- Market Talk",Dow Jones Newswires,396,0
11,NKE,11,20130927,624,"DJ U.S. Hot Stocks: Nike, J.C. Penney, Finish Line, Foot Locker",Dow Jones Newswires,71,0
12,NKE,12,20130927,624,DJ Nike's Earnings Win Bodes Well For Sporting Goods -- Barron's Blog,Dow Jones Newswires,72,0
13,NKE,13,20130927,849,"DJ Stocks to Watch: J.C. Penney, Nike, Finish Line -- WSJ Blog",Dow Jones Newswires,19,0
14,NKE,14,20130927,847,DJ Finish Line Follows Up on Nike's Strong Results -- Market Talk,Dow Jones Newswires,19,0
15,NKE,15,20130927,1319,DJ Finish Line Follows Up on Nike's Strong Results -- Market Talk,Dow Jones Newswires,138,0
16,NKE,16,20130927,1319,DJ Morning MoneyBeat: Nike Delivers in Dow Earnings Debut -- WSJ Blog,Dow Jones Newswires,1451,0
17,NKE,17,20130927,1319,"Blue Chips Weighed Down by IBM, Goldman Sachs -- Market Talk",Dow Jones News Service,1442,0
18,NKE,18,20130927,1144,Finish Line Follows Up on Nike's Strong Results -- Market Talk,Dow Jones News Service,776,0
19,NKE,19,20130927,1144,Morning MoneyBeat: Nike Delivers in Dow Earnings Debut -- WSJ Blog,Dow Jones News Service,766,0
20,NKE,20,20130927,1031,"MARKET PULSE- BlackBerry, J.C. Penney, Yahoo, Nektar, Nike",Reuters News,344,0
21,NKE,21,20130927,1031,"MARKET PULSE- BlackBerry, J.C. Penney, Nike, Accenture",Reuters News,334,0
22,NKE,22,20130927,926,Ahead of the Tape,The Wall Street Journal,699,0
23,NKE,23,20130927,931,Nike earnings just did it,CNN Wire,699,0
24,NKE,24,20130927,931,Nike earnings just did it,CNN Wire,689,0
25,NKE,25,20130927,926,"DJ  Nike 1st-Quarter Profit Up 38% on Revenue Growth, Wider Margins",Dow Jones Chinese Newswires English Content,689,0
26,NKE,26,20130927,809,DJ Nike 1Q Cont Ops EPS 86c >NKE,Dow Jones Chinese Newswires English Content,131,0
27,NKE,27,20130927,809,DJ Nike 1Q Cont Ops EPS 86c >NKE,Dow Jones Nachrichten auf Deutsch,396,0
28,NKE,28,20130927,809,"NASA, Partners Announce LAUNCH: Systems Challenge Forum",PR Newswire (U.S.),387,0
29,NKE,29,20130927,616,Nike Inc Issues FY 2014 Revenue Guidance In Line With Analysts' Estimates; Comments On Q2 2014 Revenue Guidance-Conference Call,Reuters Significant Developments,1234,0
30,NKE,30,20130927,1319,DJ Nike 1st-Quarter Profit Jumps 38% in First Report After Joining DJIA -- 2nd Update,Dow Jones Newswires,129,0
31,NKE,31,20130927,809,"DJ U.S. Hot Stocks: Nike, J.C. Penney, Accenture Active in Late Trading",Dow Jones Newswires,122,0
32,NKE,32,20130927,616,DJ NZD to Draw Support from Month-End Buying -- Market Talk,Dow Jones Newswires,1224,0
33,NKE,33,20130927,836,DJ Reaction to Nike F1Q Should Help Boost DJIA Fri -- Market Talk,Dow Jones Newswires,853,0
34,NKE,34,20130927,738,*DJ Nike 1Q Cont Ops EPS 86c >NKE,Dow Jones Newswires,560,0
35,NKE,35,20130926,NA,DJ Analyst Estimates for U.S. Earnings Thursday,Dow Jones Newswires,416,0
36,NKE,36,20130925,1507,Reaction to Nike F1Q Should Help Boost DJIA Fri -- Market Talk,Dow Jones News Service,430,0
37,NKE,37,20130925,1506,Analyst Estimates for U.S. Earnings Thursday,Dow Jones News Service,430,0
38,NKE,38,20130925,1401,"A man tries on shoes in the Nike store in Santa Monica, California",Reuters Pictures,410,0
39,NKE,39,20130926,1755,Clothes are displayed in the Nike store in Santa Monica,Reuters Pictures,389,0
40,NKE,40,20130926,1702,A woman looks at a shoe in the Nike store in Santa Monica,Reuters Pictures,253,0
41,NKE,41,20130926,1842,A Nike logo is seen on a jacket in the Nike store in Santa Monica,Reuters Pictures,493,0
42,NKE,42,20130926,1642,A man asks to try on a shoe at the Nike store in Santa Monica,Reuters Pictures,451,0
43,NKE,43,20130926,1642,A shoe is displayed in the Nike store in Santa Monica,Reuters Pictures,451,0
44,NKE,44,20130926,1705,Shoes are displayed in the Nike store in Santa Monica,Reuters Pictures,441,0
45,NKE,45,20130926,1703,Shoes are displayed at the Nike store in Santa Monica,Reuters Pictures,480,0
46,NKE,46,20130926,1650,A display is seen in the Nike store in Santa Monica,Reuters Pictures,473,0
47,NKE,47,20130926,1918,UPDATE 1-Nike revenue surges in North America and Europe,Reuters News,466,0
48,NKE,48,20130926,1703,DJ Nike Rally Still has Legs -- Market Talk,Dow Jones Newswires,489,0
49,NKE,49,20130926,1705,DJ Nike Rally Still has Legs -- Market Talk,Dow Jones Newswires,450,0
50,NKE,50,20130926,1650,Nike Rally Still has Legs -- Market Talk,Dow Jones News Service,482,0
51,NKE,51,20130926,1648,A woman picks up a shoe in the Nike store in Santa Monica,Reuters Pictures,490,0
52,NKE,52,20130926,1635,Corporate News: Bangladesh Safety A Campus Cause,The Wall Street Journal,483,0
53,NKE,53,20130926,1635,Moving the Market -- MoneyBeat: Slower DJIA Growth After Shake-Up,The Wall Street Journal,451,0
54,NKE,54,20130926,1842,DJ Slower DJIA Growth After Shake-Up,Dow Jones Newswires,494,0
55,NKE,55,20130926,1648,"Insider Trading Recap for Nike, Sprint, NetApp, Newmont Mining, Advanced Micro Devices, and Mondelez International",PR Newswire (U.S.),480,0
56,NKE,56,20130926,1635,"Nike, Lennar to Report Results",Dow Jones Top North American Equities Stories,473,0
57,NKE,57,20130926,1615,*DJ U.S. Student Groups Press Colleges On Garment Sourcing,Dow Jones Newswires,37,0
58,NKE,58,20130926,1615,DJ DJIA's New Components Bring the Most Pain Today -- Market Talk,Dow Jones Newswires,37,0
59,NKE,59,20130926,1615,DJ DJIA's New Components Bring the Most Pain Today -- Market Talk,Dow Jones Newswires,177,0
60,NKE,60,20130926,1033,DJ Analysts Expect Nothing Special From Nike F1Q -- Market Talk,Dow Jones Newswires,283,0
61,NKE,61,20130926,NA,DJ Analysts Expect Nothing Special From Nike F1Q -- Market Talk,Dow Jones Newswires,92,0
62,NKE,62,20130926,1925,DJIA's New Components Bring the Most Pain Today -- Market Talk,Dow Jones News Service,411,0
63,NKE,63,20130926,1925,Analysts Expect Nothing Special From Nike F1Q -- Market Talk,Dow Jones News Service,401,0
64,NKE,64,20130926,1814,Dow's Reshuffle Dims Profit Growth,WSJ Blogs,1233,1
65,NKE,65,20130926,1814,"Nike co-founder, wife pledge to match if $500 million raised for cancer research",CNN Wire,1223,0
66,NKE,66,20130926,1706,"U.S. RESEARCH ROUNDUP: Facebook, Nike, Conagra Foods",Reuters News,1407,0
67,NKE,67,20130926,1629,"Nike, Lennar to Report Results -- Week Ahead",Dow Jones Global News Select,1408,0
68,NKE,68,20130926,1706,DJ Maybe We Should Rethink That DJIA Change -- Market Talk,Dow Jones Newswires,1398,0
69,NKE,69,20130926,1629,DJ Maybe We Should Rethink That DJIA Change -- Market Talk,Dow Jones Newswires,1399,0
70,NKE,70,20130926,1629,Maybe We Should Rethink That DJIA Change -- Market Talk,Dow Jones News Service,99,0
71,NKE,71,20130926,1615,Maybe We Should Rethink That DJIA Change -- Market Talk,Dow Jones News Service,2886,0
72,NKE,72,20130926,555,"Europe's Stocks to Watch: Adidas, RWE, Tate & Lyle",WSJ Blogs,179,1
73,NKE,73,20130926,1629,Bale poised to pocket another fortune as adidas plot new megabucks deal to make him rival of Nike poster boy Ronaldo,Mail Online,90,0
74,NKE,74,20130926,555,DJ CFA Substantial Insider Sales: Morning Report,Dow Jones Institutional News,170,0
75,NKE,75,20130925,2027,"Critical Alerts For Micron Technology, Caterpillar, Nike, Seagate Technology, and Humana Released By InvestorsObserver",PR Newswire (U.S.),68,0
76,NKE,76,20130925,2025,"DJ CFO BLAIR Registers 33,000 Of NIKE INC >NKE",Dow Jones Newswires,63,0
77,NKE,77,20130925,2022,"DJ CFO BLAIR Sells 33,000 Of NIKE INC >NKE",Dow Jones Newswires,69,0
78,NKE,78,20130925,2021,Heard & Scene: Peeling Back the Layers --- Capturing the Wear-and-Tear of the City on Sneakers and in Photography,The Wall Street Journal,75,0
79,NKE,79,20130925,2017,Peeling Back the Layers; Capturing the Wear-and-Tear of the City on Sneakers and in Photography,The Wall Street Journal Online,73,0
80,NKE,80,20130925,2015,"PRESS RELEASE: NIKE, Inc. Announces First Quarter Fiscal 2014 Earnings and Conference Call",Dow Jones Newswires,65,0
81,NKE,81,20130925,2013,DJ Bubble in Basketball-Shoe Sales? - Market Talk,Dow Jones Newswires,63,0
82,NKE,82,20130925,2012,DJ Bubble in Basketball-Shoe Sales? - Market Talk,Dow Jones Newswires,63,0
83,NKE,83,20130925,2010,Bubble in Basketball-Shoe Sales? - Market Talk,Dow Jones News Service,65,0
84,NKE,84,20130926,1629,What do $200 Converse look like? New Maison Martin Margiela collaboration sees scratch-off white sneakers reveal bright color underneath,Mail Online,287,0
85,NKE,85,20130925,1328,"Nike,Visa, Goldman to Join the DJIA Benchmark",The Wall Street Journal Europe,126,0
86,NKE,86,20130925,1328,"Nike, Visa, Goldman to Join the DJIA",The Wall Street Journal Asia,1450,0
87,NKE,87,20130925,1328,"Reshuffle of DJIA Adds Nike, Visa and Goldman",The Wall Street Journal,1441,0
88,NKE,88,20130925,1328,"Alcoa, H-P and Bank of America to Be Dropped from the Dow Jones; Goldman Sachs, Nike and Visa to Be Added to Benchmark Index",The Wall Street Journal Online,117,0
89,NKE,89,20130925,1951,CORRECTED-Brighter days may await stocks leaving Dow industrials,Reuters News,68,0
90,NKE,90,20130924,NA,"Indian Morning Briefing: Asian Markets Mostly Up, Sydney Near 5-Year High",Dow Jones Global Equities News,737,0
91,NKE,91,20130924,1052,Top Tech Analyst on Apple: Are Today's Downgrades Wrong? Have Apple's New iPhones Changed the Value Equation?,PR Newswire (U.S.),731,0
92,NKE,92,20130923,1427,"The Zacks Analyst Blog Highlights: Goldman Sachs, Nike, Visa, UnitedHealth Group and SPDR Dow Jones Industrial Average ETF",PR Newswire (U.S.),780,0
93,NKE,93,20130923,1412,"Retail Briefing: Market Gainers and Losers Leading the Sector - Smack Sportswear, Aéropostale Nike, Five Below Urban Outfitters",PR Newswire (U.S.),782,0
94,NKE,94,20130923,1903,"Indian Morning Briefing: Asian Markets Mostly Up, Sydney Near 5-Year High",Dow Jones Asian Equities Report,749,0
95,NKE,95,20130923,1020,WSJ Blog:Dow Shakeup Won't Leave Big Trading Footprint,Dow Jones Institutional News,801,0
96,NKE,96,20130923,NA,"Alcoa, H-P, Bank of America to Be Dropped From DJIA",Dow Jones Institutional News,310,0
97,NKE,97,20130922,2001,DJ Dow Jones Industrial Average Has Biggest Shakeup Since 2004-Update,Dow Jones Institutional News,320,0
98,NKE,98,20130923,830,"DJ Reshuffle Of DJIA Adds Nike,Visa And Goldman",Dow Jones Institutional News,631,0
99,NKE,99,20130923,652,'Dogs of the Dow' Loses a Dog,WSJ Blogs,516,1
100,NKE,100,20130922,1957,Dow Shakeup Won't Leave Big Trading Footprint,WSJ Blogs,516,1
