,Ticker,Index,Date,Time,Headline,Source,NumWords,missing
1,NKE,101,20030120,416,UPDATE 2-HK's Yue Yuen expects to join Hang Seng this year.,Reuters News,623,0
2,NKE,102,20030117,443,China shoemaker Yue Yuen kicks up net profit by 7.4 pct.,Reuters News,427,0
3,NKE,103,20030116,620,HK Yue Yuen 02 Net Expected +5.5% As Margins Stay Stable,Dow Jones International News,757,0
4,NKE,104,20030113,NA,Are Nike Statements To Media and Others Protected Speech? --- U.S. Supreme Court to Decide Extent of the Company's Rights Under the First...,The Asian Wall Street Journal,947,0
5,NKE,105,20030113,NA,Companies Brief -- Nike Inc.: U.S. Supreme Court to Review Commercial-Speech Freedom,The Wall Street Journal Europe,140,0
6,NKE,106,20030113,1350,CFA Retail: Insider Review For Week Ended Jan 10,Dow Jones Corporate Filings Alert,802,0
7,NKE,107,20030113,NA,High Court to Hear Nike Case Involving Commercial Speech,The Wall Street Journal,487,0
8,NKE,108,20030112,NA,US court may hear internet jurisdiction case.,Financial Times (FT.Com),451,0
9,NKE,109,20030111,NA,WORLD NEWS - Nike case at Supreme Court - NEWS DIGEST.,Financial Times,120,0
10,NKE,110,20030110,NA,Nike Battles to State Its Case --- Will U.S. Supreme Court Review `Commercial Speech?',The Wall Street Journal Europe,1085,0
11,NKE,111,20030110,1312,PHOTOCALL NOTICE - Nick Faldo signing for Nike Golf.,PR Newswire Europe,75,0
12,NKE,112,20030110,1504,Supreme Court to Consider Nike Speech Rights Case,Dow Jones Business News,457,0
13,NKE,113,20030110,1428,US Supreme Court To Review Nike Commercial-Speech Case,Dow Jones News Service,461,0
14,NKE,114,20030110,1454,UPDATE 1-US high court to hear Nike appeal over ads lawsuit.,Reuters News,564,0
15,NKE,115,20030110,1438,US high court to hear Nike appeal over ads lawsuit.,Reuters News,163,0
16,NKE,116,20030110,NA,"Just How Far Does First Amendment Protection Go? --- High Court May Decide to Hear Whether Nike's PR Statements To Media, Others Are...",The Wall Street Journal,1172,0
17,NKE,117,20030110,NA,EPA Hashes Out Emissions Plans To Cut Pollution,The Wall Street Journal,388,0
18,NKE,118,20030108,2410,IN THE MONEY: Retro Fashion Boosts IPO-Bound Converse,Dow Jones News Service,1059,0
19,NKE,119,20030106,1309,CFA Retail: Insider Review For Week Ended Jan 3,Dow Jones Corporate Filings Alert,904,0
20,NKE,120,20030106,249,"DAX seen creeping higher at open, cars in focus.",Reuters News,134,0
21,NKE,121,20030106,209,Adidas (ADSG.DE) CEO sees no major acquisitions.,Reuters News,184,0
22,NKE,122,20030106,159,German stocks - Factors to watch on Jan 6.,Reuters News,505,0
23,NKE,123,20030102,830,E.ON helps German DAX bounce into 2003.,Reuters News,640,0
24,NKE,124,20030102,525,"Siemens (SIEGn.DE), old economy stocks lift DAX.",Reuters News,595,0
25,NKE,125,20030102,700,UPDATE 2-Adidas expands in golf after making par in 2002.,Reuters News,498,0
26,NKE,126,20030102,258,"DAX seen making flat 2003 debut, Infineon to slip.",Reuters News,333,0
27,NKE,127,20030101,NA,Nike Sweeps BCS Bowl Locker Room Championship Gear Deals.,PR Newswire,627,0
