,Ticker,Index,Date,Time,Headline,Source,NumWords,missing
1,NKE,101,20070225,2423,German Soccer Assoc Seeks Agreement With Adidas - Magazine,Dow Jones International News,152,0
2,NKE,102,20070221,NA,Why Stock Splits Have Declined,The Wall Street Journal,542,0
3,NKE,103,20070221,NA,Corporate News: Bharti could invest $2.5 billion in new stores,The Wall Street Journal Asia,483,0
4,NKE,104,20070220,NA,"Stock splits decline in U.S. --- As fewer companies see benefits, Nike, Sealed Air buck trend",The Wall Street Journal Europe,520,0
5,NKE,105,20070220,608,Nike Bd OKs New Form Of Long-Term Incentive Plan Agreement,Dow Jones Corporate Filings Alert,106,0
6,NKE,106,20070220,743,DJ Nike Eliminates Stk As Payout Option In An Incentive Plan,Dow Jones Chinese Financial Wire,103,0
7,NKE,107,20070220,355,WSJ(2/20) Indian Chain Opens Up To Wal-Mart,Dow Jones Chinese Financial Wire,375,0
8,NKE,108,20070219,2224,PRESS DIGEST - Indian Business News - Feb 20,Reuters News,466,0
9,NKE,109,20070220,NA,India's Bharti plans investment in Wal-Mart deal,The Wall Street Journal Europe,506,0
10,NKE,110,20070216,1503,= US Stocks Outlook: Stock Splits Becoming Less Common,Dow Jones Commodities Service (OSTDJ),1020,0
11,NKE,111,20070215,2146,"NIKE, Inc. Announces Two-for-One Stock Split and Declares Dividend",PR Newswire Europe,576,0
12,NKE,112,20070216,1008,Mitchell & Ness and Jordan Brand Partner to Recreate Authentic Michael Jordan Uniforms; First in a Series of Authentic Vintage Michael...,PR Newswire (U.S.),725,0
13,NKE,113,20070215,2106,"NIKE, Inc. Announces Two-for-One Stock Split and Declares Dividend",PR Newswire (U.S.),566,0
14,NKE,114,20070215,2206,Nike Announces 2-For-1 Stock Split And Declares 37 Cents/Share Dividend,Dow Jones Chinese Financial Wire,130,0
15,NKE,115,20070215,2111,Nike Announces 2-For-1 Stk Split And Declares 37c/Shr Div,Dow Jones News Service,132,0
16,NKE,116,20070215,2106,"NIKE, Inc. Announces Two-for-One Stk Split And Declares Div",Dow Jones News Service,11,0
17,NKE,117,20070215,2135,"Nike announces stock split, declares dividend",Reuters News,133,0
18,NKE,118,20070216,NA,Business Brief -- Nike Inc.: Board Approves Stock Split As Quarterly Dividend Is Set,The Wall Street Journal,120,0
19,NKE,119,20070215,1300,Nike Names Executives To Lead Global Sales And Equipment,Dow Jones News Service,91,0
20,NKE,120,20070212,2100,Indonesia Sees Rise In Orders From Intl Shoe Cos - Report,Dow Jones Capital Markets Report,195,0
21,NKE,121,20070212,2100,Indonesia Sees Rise In Orders From Intl Shoe Cos - Report,Dow Jones Asian Equities Report,195,0
22,NKE,122,20070212,2100,Indonesia Sees Rise In Orders From Intl Shoe Cos - Report,Dow Jones Emerging Markets Report,195,0
23,NKE,123,20070212,2100,Indonesia Sees Rise In Orders From Intl Shoe Cos - Report,Dow Jones International News,195,0
24,NKE,124,20070212,2100,Indonesia Sees Rise In Orders From Intl Shoe Cos - Report,Dow Jones News Service,195,0
25,NKE,125,20070211,1912,HK Yue Yuen Jan Operating Revenue Up 14% To US$358 Mln,Dow Jones International News,124,0
26,NKE,126,20070211,2039,DJ HK Yue Yuen Jan Operating Revenue Up 14% To US$358 Mln,Dow Jones Chinese Financial Wire,122,0
27,NKE,127,20070211,2401,"INTERVIEW-Nike striving to be ""brand about hope"" in China",Reuters News,593,0
28,NKE,128,20070210,NA,"Regaining Footing: After a Slump, Payless Tries On Fashion for Size --- Low-End Shoe Chain Joins Trendiness Trend; A $40 Calfskin Bootie",The Wall Street Journal,2054,0
29,NKE,129,20070209,1352,Organic Clothing - Not Just For Hippies Anymore,Dow Jones News Service,948,0
30,NKE,130,20070209,1330,"Converse, Greek Organizations In Infringement Suit Settlement",Dow Jones News Service,374,0
31,NKE,131,20070206,2004,DJ Nike Targets Long-term Revenue Growth Of $23 Billion,Dow Jones Chinese Financial Wire,289,0
32,NKE,132,20070206,1922,Snow Could Be In Forecast As Nike Shops For Acquisitions,Dow Jones News Service,448,0
33,NKE,133,20070207,900,Jordan Brand Marketing Campaign Comes Through in the Clutch; Air Jordan XX2 Prepares to Take Over All-Star Weekend With Innovative Campaign,PR Newswire (U.S.),1169,0
34,NKE,134,20070206,1648,UPDATE: Nike Targets Long-term Revenue Growth Of $23 Billion,Dow Jones Business News,293,0
35,NKE,135,20070206,1604,=DJ Nike To Open 100 Retail Stores Globally >NKE,Dow Jones Chinese Financial Wire,278,0
36,NKE,136,20070206,1542,UPDATE: Nike To Open 100 Retail Stores Globally,Dow Jones News Service,397,0
37,NKE,137,20070206,1530,NIKE Inc. Outlines Strategies For Global Growth And Market Leadership Across Core Consumer Categories,Dow Jones News Service,14,0
38,NKE,138,20070206,1440,Nike Will Open 100 Nike Stores Globally,Dow Jones News Service,279,0
39,NKE,139,20070206,1406,Nike Executives Hint At New Retail Initiative,Dow Jones News Service,363,0
40,NKE,140,20070206,NA,"Nike, Inc. Issues FY 2011 Revenue Guidance In line With Analysts' Estimates",Reuters Significant Developments,72,0
41,NKE,141,20070206,1454,RPT-Nike to open 100 stores worldwide within 3 years,Reuters News,130,0
42,NKE,142,20070206,1452,"UPDATE 3-""Hungry"" Nike sees 53 pct sales growth over 5 yrs",Reuters News,647,0
43,NKE,143,20070206,2455,Nike CEO sees $23 bln in annual sales within five yrs,Reuters News,64,0
44,NKE,144,20070206,1530,NIKE Inc. Outlines Strategies for Global Growth and Market Leadership Across Core Consumer Categories; Company Targets Revenues of $23...,PR Newswire (U.S.),866,0
45,NKE,145,20070201,1510,Adidas sees answer on German soccer team in weeks,Reuters News,338,0
46,NKE,146,20070201,1827,CORRECTED - UPDATE 1-Adidas sees Reebok hitting $5 billion in sales,Reuters News,687,0
47,NKE,147,20070201,1507,Adidas sees Reebok sales at $5 bln in 3-5 years,Reuters News,149,0
48,NKE,148,20070131,NA,Business Brief: Adidas AG,The Wall Street Journal Europe,149,0
49,NKE,149,20070130,550,German soccer association to detail Adidas talks,Reuters News,300,0
50,NKE,150,20070129,908,RESEARCH ALERT-Credit Suisse raises Nike's price target,Reuters News,69,0
51,NKE,151,20070123,1526,"DJ Nike Considering Opening US Retail Stores, Analyst Says",Dow Jones Chinese Financial Wire,198,0
52,NKE,152,20070123,1516,UPDATE: Nike Considers Opening US Retail Stores - Analyst,Dow Jones News Service,415,0
53,NKE,153,20070123,1156,"Nike Considering Opening US Retail Stores, Analyst Says",Dow Jones News Service,200,0
54,NKE,154,20070122,1706,"Nike, Inc. Announces New Leadership at Exeter Brands Group; Company names 26-year Nike executive Clare Hamill as group's President, CEO",PR Newswire (U.S.),649,0
55,NKE,155,20070122,1706,"Nike, Inc. Announces New Leadership At Exeter Brands Group",Dow Jones News Service,82,0
56,NKE,156,20070118,1900,Nike Launches Marketing Campaign to Debut Its New Air Force 25 and Celebrate Its Air Force 1,PR Newswire (U.S.),801,0
57,NKE,157,20070119,NA,"Corporate News: Yue Yuen logs 19% rise in profit, aided by strong Asian operations",The Wall Street Journal Asia,256,0
58,NKE,158,20070119,148,HK Yue Yuen Sees Fiscal 07 Capex US$200M; To Raise Output,Dow Jones International News,468,0
59,NKE,159,20070119,918,DJ HK Yue Yuen Sees Fiscal 07 Capex US$200M; To Raise Output,Dow Jones Chinese Financial Wire,466,0
60,NKE,160,20070118,2147,DJ HK Yue Yuen Fiscal 2006 Net Profit US$353.6 Mln;Up 18.7%,Dow Jones Chinese Financial Wire,461,0
61,NKE,161,20070118,541,HK Yue Yuen Industrial Fiscal 2006 Net Profit US$353.6M,Dow Jones International News,464,0
62,NKE,162,20070117,NA,Nike Appears Primed to Seek Acquisitions,The Wall Street Journal,822,0
63,NKE,163,20070110,2032,DJ HK Yue Yuen Dec Operating Revenue US$336.1M; +2.7% On Yr,Dow Jones Chinese Financial Wire,146,0
64,NKE,164,20070111,1752,Nike Set To Take Colleges On Tour Of Asian Factories,Dow Jones News Service,537,0
65,NKE,165,20070111,1604,"Cash, Growth Potential May Send Nike Shopping",Dow Jones News Service,1004,0
66,NKE,166,20070110,1842,HK Yue Yuen Dec Operating Revenue $336.1M;+2.7% On Yr,Dow Jones International News,161,0
67,NKE,167,20070110,232,"UPDATE: JJB Sports 2H Rev +6%, Unit Openings Delayed",Dow Jones International News,391,0
68,NKE,168,20070109,1612,Nike names new head of global women's fitness,Reuters News,64,0
69,NKE,169,20070109,1524,Nike Names Heidi O'Neill to Head Global Women's Fitness,PR Newswire (U.S.),576,0
70,NKE,170,20070108,NA,People and Accounts of Note,The New York Times,1285,0
71,NKE,171,20070108,1700,FORTUNE Names Nike to the 2007 List of '100 Best Companies to Work For',PR Newswire (U.S.),715,0
72,NKE,172,20070103,1357,Nike founder sells shares in prearranged plan,Reuters News,190,0
