,Ticker,Index,Date,Time,Headline,Source,NumWords,missing
1,NKE,201,20130211,708,Talk Of An Apple Watch Resurfaces,Dow Jones Top News & Commentary,378,0
2,NKE,202,20130210,1907,Apple is Testing Watch-Like Device,Dow Jones Top News & Commentary,473,0
3,NKE,203,20130211,1545,Nike (NKE) Mkt On Close Sell Imbalance: Shrs 77300,Dow Jones News Service,9,0
4,NKE,204,20130211,1429,WSJ BLOG: Why Apple Might Be Testing an iOS-Powered Watch,Dow Jones News Service,417,0
5,NKE,205,20130211,1124,MARKET TALK: Nike's Stock Rebound Has Legs -JPMorgan,Dow Jones News Service,392,0
6,NKE,206,20130211,759,MARKET TALK: Nike's Stock Rebound Has Legs -JPMorgan,Dow Jones News Service,1002,0
7,NKE,207,20130211,759,Nike Raised to Overweight From Neutral by JPMorgan,Dow Jones Global Equities News,136,0
8,NKE,208,20130211,713,Apple Testing Watch-Like Device - Sources,Dow Jones News Service,8,0
9,NKE,209,20130210,1338,Nike (NKE) Mkt On Close Buy Imbalance: Shrs 87300,Dow Jones News Service,405,0
10,NKE,210,20130208,1545,All Things Digital: Ex-Zynga Manager Lo Toney Appointed CEO of Khosla's LearnStreet,Dow Jones News Service,9,0
11,NKE,211,20130207,1106,Limited-edition Nike CR7 Mercurial Vapor IX available at SOCCER.COM,PR Newswire (U.S.),494,0
12,NKE,212,20130207,1101,Iconix Brand Group Inc. Acquires 51% in Buffalo David Bitton Brand For $76.5 Million,Dow Jones Top News & Commentary,501,0
13,NKE,213,20130206,801,NPD Says U.S. Athletic-Footwear Sales Revenue Jumped 4% in 2012,Dow Jones Global News Select,321,0
14,NKE,214,20130205,254,"All Things Digital: Jawbone ""Acqhires"" Data & Digital Design Firms Massive Health, Visere",Dow Jones News Service,509,0
15,NKE,215,20130205,1538,Nike (NKE) Mkt On Close Buy Imbalance: Shrs 117100,Dow Jones News Service,1299,0
16,NKE,216,20130205,1523,"Nike Inc Completes Sale Of Cole Haan To APAX Partners, LLP",Reuters Significant Developments,1299,0
17,NKE,217,20130204,1827,Apax Partners Completes Acquisition Of Cole Haan; Industry Veteran Jack Boys Named As Cole Haan's CEO,PR Newswire (U.S.),500,0
18,NKE,218,20130204,1810,Under Armour Fourth-Quarter Net Up 54% on Strong Revenue Growth,Dow Jones Global News Select,502,0
19,NKE,219,20130201,1545,Nike (NKE) Mkt On Close Sell Imbalance: Shrs 686300,Dow Jones News Service,9,0
20,NKE,220,20130201,NA,Auto Insurers Continue Big Ad Spending,Dow Jones Top News & Commentary,35,0
21,NKE,221,20130201,1620,MARKET TALK: North America a Likely Boon for Under Armour,Dow Jones News Service,823,0
22,NKE,222,20130131,752,MARKET TALK: North America a Likely Boon for Under Armour,Dow Jones News Service,420,0
23,NKE,223,20130131,737,"Car Insurers Ad Spending Keeps Surging, But Number Of Motorists Switching Not Rising -- New Study",Dow Jones News Service,409,0
24,NKE,224,20130131,737,Heard on The Pitch,The Wall Street Journal Europe,420,0
25,NKE,225,20130131,1545,WSJ BLOG: WireWAX Video Tagging Comes to YouTube,Dow Jones Global Equities News,9,0
26,NKE,226,20130130,1703,=DJ CFA Retail:Insider Review For Week Ended Jan. 25,Dow Jones Institutional News,823,0
27,NKE,227,20130130,921,U.S. News: Another Charity Cuts Ties With Lance Armstrong,The Wall Street Journal,835,0
28,NKE,228,20130130,921,Barron's: Emerging Markets: The Multinational Myth,Dow Jones Chinese Financial Wire,854,0
29,NKE,229,20130130,955,DJ Sportswear Company Li Ning Aims To Raise $241 Million in Offering,Dow Jones Institutional News,1133,0
30,NKE,230,20130130,955,Sportswear Company Li Ning Eyes $241M in Offering,Dow Jones Top News & Commentary,135,0
31,NKE,231,20130130,900,Nike (NKE) Mkt On Close Sell Imbalance: Shrs 234200,Dow Jones News Service,15,0
32,NKE,232,20130129,NA,Under Armour Footwear Executive Exit Sends Shares Lower,Dow Jones Global News Select,371,0
33,NKE,233,20130129,237,"DJ U.S. HOT STOCKS: IRobot, McCormick, OSI Systems, SkyWest -2-",Dow Jones Institutional News,271,0
34,NKE,234,20130128,712,All Things Digital: Moves App Journals Physical Activity Without a Wristband,Dow Jones News Service,883,0
35,NKE,235,20130121,712,=DJ CFA Substantial Insider Sales: Morning Report,Dow Jones Institutional News,870,0
36,NKE,236,20130114,712,"Nike, IBM, Thomson Reuters, and Cisco Systems to Headline International Confex's Corporate Programme",PR Newswire (U.S.),975,0
37,NKE,237,20130128,NA,"At Davos, Is the Party Over?",NYT Blogs,649,0
38,NKE,238,20130127,1537,U.S. Considers Ending Bangladesh Duty-Free Access,Dow Jones Top News & Commentary,809,0
39,NKE,239,20130128,431,McIlroy Is Playing a Long Game,The Wall Street Journal Europe,599,0
40,NKE,240,20130124,2016,How Nike Revives a Fallen Sports Star,All Things D,359,1
41,NKE,241,20130124,2143,All Things Digital: Nike's Tiger Woods Revival Won't Work For Lance Armstrong,Dow Jones News Service,355,0
42,NKE,242,20130124,2016,=DJ CFA Substantial Insider Sales: Morning Report,Dow Jones Institutional News,349,0
43,NKE,243,20130124,2312,Analysis on Crocs and NIKE: Industry Outlook Following a Feeble Holiday Season,PR Newswire Europe,354,0
44,NKE,244,20130124,2143,Nike To Support Livestrong; 'Saddened' It Was Misled by Armstrong,Dow Jones Global News Select,354,0
45,NKE,245,20130124,2018,WSJ BLOG: Friday Funding Roundup,Dow Jones Global Equities News,334,0
46,NKE,246,20130125,1545,Nike To Support Livestrong; 'Saddened' It Was Misled by Armstrong,Dow Jones Top News & Commentary,9,0
47,NKE,247,20130124,2418,Nike (NKE) Mkt On Close Buy Imbalance: Shrs 185900,Dow Jones News Service,420,0
48,NKE,248,20130124,2403,Nike Issues Statement On Lance Armstrong,Dow Jones News Service,420,0
49,NKE,249,20130124,1313,McIlroy ditches Nike putter after just ONE ROUND (despite being paid £150m to use it),Mail Online,650,0
50,NKE,250,20130124,1313,McIlroy ditches Nike putter after just ONE ROUND (despite being paid £150m to use it),Mail Online,640,0
51,NKE,251,20130124,2423,‘Never say never’: Nike CEO Phil Knight hints Lance Armstrong could become involved with the company again,Mail Online,543,0
52,NKE,252,20130124,2400,"Trouble with the new clubs, Rory? Nike man McIlroy struggles in Abu Dhabi in first outing since signing £150m mega deal",Mail Online,543,0
53,NKE,253,20130123,844,"Armstrong Stripped of Olympic Medal; Interview with Mayor Michael Nutter of Philadelphia; Hollywood Shines on Utah; Pacino Takes on Paterno; New Rules for Mortgage Lenders; Tiger, Rory Shot Nike Ad Separately; Woman Wedged Between Two Walls",CNN: CNN Newsroom,432,0
54,NKE,254,20130123,1125,"Altamont, Ex-Oakley CEO Team Up on Billabong",Dow Jones Global News Select,389,0
55,NKE,255,20130123,1124,WSJ BLOG/The Source: H&M's Hopes to Score With Tennis Tie-Up,Dow Jones Global Equities News,393,0
56,NKE,256,20130122,NA,WSJ BLOG/All Things D: 8 Picks For Apple's Next Head of Retail,Dow Jones News Service,388,0
57,NKE,257,20130121,2024,"McIlroy's mega deal with Nike will fire up Woods, says former American Ryder Cup captain Azinger",Mail Online,904,0
58,NKE,258,20130121,NA,Roy McIlroy: The Latest Nike Athlete,Wall Street Journal Video,1080,1
59,NKE,259,20130120,1545,Rory's €190m smile; McIlroy signs biggest ever deal with Nike,Irish Daily Mail,154,0
60,NKE,260,20130120,1545,BILLION DOLLAR RORY; Record sponsor deal lifts him to new level Monty on pole for Ryder Cup captain,Irish Daily Mail,196,0
61,NKE,261,20130118,844,SWOOSH!; Cleaner's son mops up with megabucks Nike contract,Irish Daily Mail,858,0
62,NKE,262,20130118,1000,Altamont Capital Taps Ex-Oakley CEO to Join Billabong Bid,WSJ Blogs,613,1
63,NKE,263,20130118,1000,WSJ BLOG/Deal Journal Australia: Altamont Capital Taps Ex-Oakley CEO to Join Billabong Bid,Dow Jones Global Equities News,609,0
64,NKE,264,20130118,729,WHAT'S IN THE BAG?,Daily Mail,173,0
65,NKE,265,20130118,714,McIlroy teams up with Tiger at Nike,CNN Wire,173,0
66,NKE,266,20130118,1505,Nike (NKE) Mkt On Close Sell Imbalance: Shrs 224100,Dow Jones News Service,1787,0
67,NKE,267,20130118,401,UPDATE 2-Golf-McIlroy says Nike deal will improve his game,Reuters News,1758,0
68,NKE,268,20130118,714,Nike signs deal with golfer McIlroy,Financial Times (FT.Com),162,0
69,NKE,269,20130118,1545,"Barron's Blog/Tech Trader Daily: AAPL: Growth Investors Exiting, Time to Raise Dividend, Says Bernstein",Dow Jones Global Equities News,9,0
70,NKE,270,20130118,628,Nike: Rory McIlroy Has Signed A Multi-Yr Agreement With Nike Golf,Dow Jones News Service,6,0
71,NKE,271,20130118,1132,Swoosh! Rory the cleaner's son mops up with megabucks Nike sponsorship deal,Mail Online,675,0
72,NKE,272,20130118,1031,McIlroy teams up with Tiger at Nike,CNN Wire,601,0
73,NKE,273,20130118,549,Disruptions: Design Rivals Technology in Importance,NYT Blogs,396,0
74,NKE,274,20130118,527,"WSJ BLOG/Law: The AM Roundup: AIG Bows Out, Supreme Court Backs Nike, New Mortgage Rules, More",Dow Jones News Service,275,0
75,NKE,275,20130117,624,Sponsor turns on McIlroy: Rory sued by Oakley as he nears $200m Nike deal,Mail Online,888,0
76,NKE,276,20130117,1229,Nike (NKE) Mkt On Close Sell Imbalance: Shrs 92300,Dow Jones News Service,888,0
77,NKE,277,20130117,1224,=DJ CFA Substantial Insider Sales: Morning Report,Dow Jones Institutional News,890,0
78,NKE,278,20130117,445,Nike wins trademark case in US Supreme Court,Reuters News,521,0
79,NKE,279,20130117,437,Plots & Ploys / Breaking News From WSJ.com's Developments Blog,The Wall Street Journal,522,0
80,NKE,280,20130117,NA,McIlroy stays on course for €191m deal with Nike,Irish Daily Mail,3499,0
81,NKE,281,20130114,2345,Nike (NKE) Mkt On Close Sell Imbalance: Shrs 56900,Dow Jones News Service,190,0
82,NKE,282,20130114,2321,Nike Inc Wins Trademark Case In US Supreme Court-Reuters,Reuters Significant Developments,195,0
83,NKE,283,20130114,2306,McIlroy tees up Nike sponsorship deal,Financial Times (FT.Com),195,0
84,NKE,284,20130115,1046,GM Prepares New Global Ad Campaign for Chevrolet,Dow Jones Top News & Commentary,501,0
85,NKE,285,20130115,1848,UPDATE 1-Golf-Oakley challenges Nike over McIlroy move,Reuters News,1429,0
86,NKE,286,20130112,2432,=DJ CFA Retail:Insider Review For Week Ended Jan. 4,Dow Jones Institutional News,1429,0
87,NKE,287,20130107,700,"Zacks Earnings Preview: Alcoa, Oracle, FedEx, Nike and Wells Fargo",PR Newswire (U.S.),1388,0
88,NKE,288,20130107,700,Why Chip Kelly May Be Waiting for Belichick to Retire,NYT Blogs,1431,0
89,NKE,289,20130115,305,U.S. News: Lance Armstrong Mulls Admitting to Doping,The Wall Street Journal Asia,541,0
90,NKE,290,20130115,NA,"WSJ BLOG/All Things D: Health-and-Fitness Tech Grows at CES, but Challenges Lie Ahead",Dow Jones News Service,291,0
91,NKE,291,20130115,NA,"2nd UPDATE: Finish Line Reports Loss, Says Missed Basketball Trend",Dow Jones Global News Select,511,0
92,NKE,292,20130115,NA,"UPDATE: Finish Line Reports Loss, Says Missed Basketball Trend",Dow Jones Global News Select,510,0
93,NKE,293,20130115,NA,Finish Line Swings to Surprise Loss; Cuts Year View,Dow Jones Top News & Commentary,405,0
94,NKE,294,20130115,NA,=DJ CFA Substantial Insider Sales: Morning Report,Dow Jones Institutional News,398,0
95,NKE,295,20130114,1809,Longtime Quiksilver CEO to Step Down,The Wall Street Journal Online,449,0
96,NKE,296,20130114,1748,"Barron's Blog/Tech Trader Daily: AAPL: Growth Slowing, More a Branded Consumer Story, Says Bernstein",Dow Jones Global Equities News,428,0
97,NKE,297,20130115,NA,Nike (NKE) Mkt On Close Buy Imbalance: Shrs 137900,Dow Jones News Service,1171,0
98,NKE,298,20130115,NA,"MARKET TALK: Nike Outperformance Helping Finish Line, Citi Says",Dow Jones News Service,950,0
99,NKE,299,20130114,2310,"MARKET TALK: Nike Outperformance Helping Finish Line, Citi Says",Dow Jones News Service,171,0
100,NKE,300,20130114,2314,Nike (NKE) Mkt On Close Buy Imbalance: Shrs 83800,Dow Jones News Service,180,0
