,Ticker,Index,Date,Time,Headline,Source,NumWords,missing
1,NKE,101,20020502,2321,U.S. court says Nike can be sued for false ads.,Reuters News,878,0
2,NKE,102,20020502,2221,Calif. court says Nike can be sued for false ads.,Reuters News,877,0
3,NKE,103,20020503,NA,COURT SAYS FIRST AMENDMENT DOESN'T SHIELD NIKE FROM SUIT,New York Times Abstracts,161,0
4,NKE,104,20020502,1649,UPDATE 1-Calif. court says Nike can be sued for false ads.,Reuters News,811,0
5,NKE,105,20020502,1602,Calif. court says Nike can be sued for false ads.,Reuters News,728,0
6,NKE,106,20020502,902,Oakley settles patent infringement suit with Nike.,Reuters News,166,0
7,NKE,107,20020502,2421,"UPDATE 3-Adidas leaps, has strong U.S. orders.",Reuters News,884,0
8,NKE,108,20020502,1750,Nike 'Disappointed' by Court's Ruling to Remand Lawsuit,Dow Jones Business News,392,0
9,NKE,109,20020502,1656,Calif Supreme Crt Remands Kasky v. Nike To Lower Crt,Dow Jones News Service,760,0
10,NKE,110,20020502,802,Oakley Announces Settlement of Nike Lawsuits,Dow Jones News Service,191,0
11,NKE,111,20020502,NA,"Oakley, Inc. Announces Settlement of Nike Lawsuits",Reuters Significant Developments,94,0
12,NKE,112,20020502,NA,"Oakley Announces Settlement of Nike, Inc. Lawsuits",Reuters Significant Developments,94,0
13,NKE,113,20020501,1152,Jordan to Help Education Reach New Heights With $1 Million,PR Newswire,581,0
14,NKE,114,20020429,1000,Nike Names John Hoke Global Creative Director of Footwear Design,PR Newswire,467,0
15,NKE,115,20020429,1141,Adidas seen reporting weak Q1 on World Cup costs.,Reuters News,563,0
16,NKE,116,20020428,NA,"At Nike, Function Over Fashion",The New York Times,1133,0
17,NKE,117,20020428,NA,"at nike, function over fash ...",New York Times Abstracts,17,0
18,NKE,118,20020426,NA,Vans Battles Nike --- Giant Tries New Tactic Against `Extreme' Rival,The Wall Street Journal Europe,2482,0
19,NKE,119,20020425,1030,UPDATE 3-Puma leaps as Q1 points to stronger 2002.,Reuters News,567,0
20,NKE,120,20020425,NA,"Youth Market: Among Skateboarders, Nike Gains Traction Against Shoe Icon Vans --- As Sport Becomes Mainstream, `Swoosh' Sneaks Up by Buying...",The Asian Wall Street Journal,1568,0
21,NKE,121,20020424,NA,"Foothold: As Extreme Goes Mass, Nike Nips At Skate-Shoe Icon --- Swoosh Sneaks Up on Vans, Backing Its Rivals to Woo Hipster Youth Market...",The Wall Street Journal,2559,0
22,NKE,122,20020423,1745,Advertising legend Jay Chiat dies at age 70.,Reuters News,279,0
23,NKE,123,20020417,2457,WSJ.COM: Heard On The Net: Nike Enters Golf-Equipment Mkt,Dow Jones News Service,1464,0
24,NKE,124,20020416,1400,TALES OF THE TAPE: Nike Shoots For Renewed Growth,Dow Jones News Service,1285,0
25,NKE,125,20020411,NA,Ad Notes....,The Wall Street Journal,175,0
26,NKE,126,20020408,2035,Univision to air World Cup matches on 3 networks.,Reuters News,329,0
27,NKE,127,20020408,NA,"Nike, Inc.'s Nike Golf Forged Titanium Drivers Now Available In Canada",Reuters Significant Developments,52,0
28,NKE,128,20020405,2405,Siemens Encounters Problem With i2 Technologies Product,Dow Jones News Service,673,0
29,NKE,129,20020404,1757,Rawlings Launching Two New Lines Of Baseball Gloves,Dow Jones News Service,347,0
30,NKE,130,20020404,1626,Firms pushed to disclose their impact on society.,Reuters News,372,0
31,NKE,131,20020403,NA,"Nike, Inc. and Philips Join Forces to Bring Technology to Sport and Create A New Market",Reuters Significant Developments,83,0
32,NKE,132,20020403,NA,Royal Philips Electronics NV and Nike Join Forces to Bring Technology to Sport and Create A New Market,Reuters Significant Developments,86,0
33,NKE,133,20020402,NA,Product Pitching: Baseball-Glove Maker Rawlings Goes All Out To Catch Endorsements --- But Nike Is Trying to Get Its Mitts On More American...,The Asian Wall Street Journal,1553,0
34,NKE,134,20020401,NA,"`I've Got It!' Rawlings Rushes to Wave Off Other Glove Makers --- It Equips Host of Big Leaguers, But Now Nike Is Trying To Get Its Mitts...",The Wall Street Journal,1736,0
