,Ticker,Index,Date,Time,Headline,Source,NumWords,missing
1,NKE,1,20050330,NA,Carlyle's $10 Billion Puts Private Equity in the Hunt for Big Game,The Asian Wall Street Journal,769,0
2,NKE,2,20050330,NA,Carlyle Takes Fund Raising To New Height,The Wall Street Journal Europe,763,0
3,NKE,3,20050329,459,WSJ(3/29) Heard On The Street: Carlyle Unveils New Funds,Dow Jones Chinese Financial Wire,847,0
4,NKE,4,20050329,700,Tiger Woods Rolls with Platinum into Year's First Major Nike Golf Unveils the Secret to Driving the Green and Scoring in the Red: Platinum...,PR Newswire (U.S.),833,0
5,NKE,5,20050328,800,"Starwood Hotels Names Benito Exec VP,Chief Marketing Officer",Dow Jones News Service,139,0
6,NKE,6,20050328,1111,"Leading Designers Sketch Shoes in Honor of Andy Warhol Exclusive shoe drawings from Manolo Blahnik, Martha Stewart, Ferragamo, Paloma...",PR Newswire (U.S.),354,0
7,NKE,7,20050328,1004,Nike recovers clothing trademark right in Spain.,Reuters News,227,0
8,NKE,8,20050328,852,Starwood names new chief marketing officer.,Reuters News,173,0
9,NKE,9,20050324,913,"RESEARCH ALERT-BofA pulls AIG from Focus List, adds Nike.",Reuters News,129,0
10,NKE,10,20050323,NA,Quiksilver to Buy French Rossignol For $320 Million,The Wall Street Journal Europe,428,0
11,NKE,11,20050323,1730,Jeff Farnath Leaving CEO Post at Vinton Studios,PR Newswire (U.S.),790,0
12,NKE,12,20050322,NA,"Quiksilver to Acquire Rossignol For $320 Million in Cash, Stock --- U.S. Maker of Surfing Gear Sees French Skiing Icon As Means to Extend...",The Wall Street Journal Europe,455,0
13,NKE,13,20050322,234,WSJ(3/22) Quiksilver To Buy French Skiing Icon For $320 Mil,Dow Jones Chinese Financial Wire,455,0
14,NKE,14,20050321,NA,"Nike, Inc. Issues Q4 '05, Q1 '06, and FY '06 Revenue Guidance-Conference Call",Reuters Significant Developments,90,0
15,NKE,15,20050321,243,SM Stocks to Watch: NKE,Dow Jones Chinese Financial Wire,21,0
16,NKE,16,20050321,1831,WSJ: Quiksilver To Acquire France's Groupe Rossignol,Dow Jones News Service,363,0
17,NKE,17,20050321,NA,Nike's Net Jumps 36% as Demand Stays Strong,The Asian Wall Street Journal,434,0
18,NKE,18,20050318,NA,Nike's Profit Jumps 36%,The New York Times,142,0
19,NKE,19,20050318,NA,Nike's Net Jumps 36% as Demand Keeps Up for Higher-Price Lines,The Wall Street Journal,487,0
20,NKE,20,20050318,NA,Nike leaps to record profits on robust sales - ATHLETIC FOOTWEAR.,Financial Times,356,0
21,NKE,21,20050317,1901,DJ Nike 3Q Net Rises 36% On Strong U.S. Sales >NKE,Dow Jones Chinese Financial Wire,110,0
22,NKE,22,20050317,1927,"UPDATE 3-Nike profit up on athletic shoes, emerging markets.",Reuters News,644,0
23,NKE,23,20050317,1615,"NIKE, Inc. Reports Third Quarter Earnings Per Share Up 36 Percent; Worldwide Futures Orders Increase 9.6 Percent Highlights: - Record third...",PR Newswire (U.S.),2155,0
24,NKE,24,20050317,1646,"UPDATE 1-Nike profit rises on strong sales, weak dollar.",Reuters News,227,0
25,NKE,25,20050317,1646,"UPDATE 1-Nike profit rises on strong sales, weak dollar.",Reuters News,229,0
26,NKE,26,20050317,1625,TABLE - Nike (NKE.N) third-quarter results.,Reuters News,259,0
27,NKE,27,20050317,1624,"Nike profit rises on strong sales, weak dollar.",Reuters News,70,0
28,NKE,28,20050317,1714,Nike's 3Q Net Income Surged 36% as Revenue Rose 14%,Dow Jones Business News,273,0
29,NKE,29,20050317,1726,=DJ LATE TRADING: Nike Up; 3Q EPS Beats Analysts' Views,Dow Jones Chinese Financial Wire,234,0
30,NKE,30,20050317,1616,"*DJ Nike Inc. 3Q Rev $3.31B Vs $2.90B, +14%>NKE",Dow Jones Chinese Financial Wire,13,0
31,NKE,31,20050317,1616,*DJ Nike Inc. 3Q EPS $1.01 Vs 74c>NKE,Dow Jones Chinese Financial Wire,10,0
32,NKE,32,20050317,1821,WSJ UPDATE: Nike's 3Q Net Up 36% On Strong US Demand,Dow Jones News Service,520,0
33,NKE,33,20050317,1637,LATE TRADING: Nike Up; 3Q EPS Beats Analysts' Views,Dow Jones News Service,489,0
34,NKE,34,20050317,1615,"NIKE, Inc. Reports 3Q EPS Up 36 Percent; Worldwide Futures Orders Increase 9.6 %",Dow Jones News Service,380,0
35,NKE,35,20050317,1735,"NIKE, Inc. Reports Third Quarter Earnings Per Share Up 36 Percent; Worldwide Futures Orders Increase 9.6 Percent",PR Newswire Europe,2235,0
36,NKE,36,20050316,608,UPDATE 1-HK's Yue Yuen says Q1 net falls despite rising sales.,Reuters News,250,0
37,NKE,37,20050316,607,Nike Enters Aircraft Time-Sharing Pact With CEO,Dow Jones Corporate Filings Alert,211,0
38,NKE,38,20050316,309,MARKET BEAT: Sell Nike Puts Ahead Of Earnings - Goldman,Dow Jones International News,115,0
39,NKE,39,20050314,1605,Coors Brewing Company Names Frits van Paasschen as President,PR Newswire (U.S.),474,0
40,NKE,40,20050314,843,MARKET BEAT: S&P Insider Buys To Insider Sales Down-CSFB,Dow Jones International News,123,0
41,NKE,41,20050314,1605,Coors Brewing Co Names Frits Van Paasschen As Pres,Dow Jones News Service,157,0
42,NKE,42,20050301,1638,"Nike, Inc. to Webcast Earnings and Conference Call",PR Newswire (U.S.),277,0
43,NKE,43,20050228,157,AWSJ(2/28) India May Open Economy's Gates To Outside World,Dow Jones Chinese Financial Wire,904,0
44,NKE,44,20050228,NA,India to Seek More Foreign Investment,The Wall Street Journal Europe,731,0
45,NKE,45,20050228,NA,India May Open Economy's Gates To Outside World --- Foreign Direct Investment Is Pushed by Ruling Party; Political Battles Lie Ahead,The Asian Wall Street Journal,900,0
46,NKE,46,20050223,2355,UPDATE 1-Yue Yuen expects double-digit sales growth.,Reuters News,311,0
47,NKE,47,20050223,2249,Yue Yuen expects double-digit sales growth.,Reuters News,113,0
48,NKE,48,20050224,1408,New  www.PalmSpringsUSA.com  Web Site Features Fabulous Westin Golf Giveaway,PR Newswire (U.S.),313,0
49,NKE,49,20050222,915,NIKE Declares Dividend,PR Newswire (U.S.),208,0
50,NKE,50,20050209,900,Nike Appoints Michelle Moorehead as Vice President of Global Strategic Planning,PR Newswire (U.S.),417,0
51,NKE,51,20050209,600,Jordan Celebrates 20 Years of Air Jordan With the Launch of the Long-Awaited Air Jordan XX High-Performance Basketball Shoe Launches During...,PR Newswire (U.S.),924,0
52,NKE,52,20050208,1110,HEADLINE STOCKS - U.S. stocks on the move Feb 8.,Reuters News,410,0
53,NKE,53,20050208,1007,U.S. stocks rise slightly - downgrade hits Nike.,Reuters News,463,0
54,NKE,54,20050208,1006,Nike shares fall after Merrill downgrade.,Reuters News,231,0
55,NKE,55,20050208,553,"RESEARCH ALERT-Merrill cuts Nike to ""neutral"" - dealers.",Reuters News,75,0
56,NKE,56,20050203,1813,Chinese Government Raids Counterfeiters in Southern China,PR Newswire (U.S.),348,0
57,NKE,57,20050202,732,Please add the following to the daybook.,Reuters Washington Daybook Report,1311,0
58,NKE,58,20050201,1931,Please add the following to the daybook.,Reuters Washington Daybook Report,262,0
59,NKE,59,20050201,722,EARNINGS POLL-Puma to post another record profit for 2004.,Reuters News,352,0
60,NKE,60,20050126,NA,Nike Retro Soccer Jerseys Debut To Sound of Clashing Symbols,The Wall Street Journal,713,0
61,NKE,61,20050125,NA,Adidas to Outfit China's 2008 Olympic Team,The Asian Wall Street Journal,265,0
62,NKE,62,20050125,NA,Adidas Gets '08 Olympics Deal,The Wall Street Journal Europe,246,0
63,NKE,63,20050124,2233,Adidas Wins German Trademark Lawsuit Against Rival Nike,Dow Jones International News,322,0
64,NKE,64,20050121,1145,Nike Soccer Jersey Roils Argentina's Boca Juniors Fans,Dow Jones International News,732,0
65,NKE,65,20050121,221,GERMAN PRESS: Adidas Wins Logo Case Vs Nike,Dow Jones International News,89,0
66,NKE,66,20050121,NA,COURT ORDERS NIKE TO HALT SOME SALES IN GERMANY,The New York Times,119,0
67,NKE,67,20050120,1145,UPDATE 1-German court says Nike may not sell 2-stripe pants.,Reuters News,253,0
68,NKE,68,20050120,939,German court says Nike may not sell 2-stripe pants.,Reuters News,206,0
69,NKE,69,20050120,NA,"Nike, Inc. Introduces New Gym Rhythms Collection and Nike Rockstar Workout",Reuters Significant Developments,74,0
70,NKE,70,20050120,119,AWSJ(1/19) Li Ning Scores Rights To NBA For Marketing,Dow Jones Chinese Financial Wire,679,0
71,NKE,71,20050119,327,UPDATE 2-Yue Yuen shares fall on disappointing results.,Reuters News,563,0
72,NKE,72,20050119,1016,Adidas: FIFA Soccer Contract Extended For Another 8 Yrs,Dow Jones International News,283,0
73,NKE,73,20050119,308,HK Yue Yuen Sees Up To Low-Double-Digit Revenue Growth,Dow Jones International News,459,0
74,NKE,74,20050119,511,DJ HK Yue Yuen Sees Up To Low-Double-Digit Revenue Growth,Dow Jones Chinese Financial Wire,457,0
75,NKE,75,20050119,NA,Yue Yuen's Profit Declines 1.6% As Commodity Prices Increase,The Asian Wall Street Journal,379,0
76,NKE,76,20050118,452,Yue Yuen FY net profit falls 1.6 percent.,Reuters News,234,0
77,NKE,77,20050118,443,HK Yue Yuen Indus FY Net Profit US$303.3 Mln,Dow Jones International News,394,0
78,NKE,78,20050118,603,DJ HK Yue Yuen FY Net Down 1.6% On High Material Prices,Dow Jones Chinese Financial Wire,152,0
79,NKE,79,20050117,1113,KJ Choi Joins Nike Golf Tour Staff Newest Global Ambassador Feels the Eyes of a Nation Upon Him,PR Newswire (U.S.),803,0
80,NKE,80,20050114,1918,"Nike, Inc. Chairman Phil Knight Converts 5.7 Million Shares Knight Files SEC 10b5-1 Plan",PR Newswire (U.S.),500,0
81,NKE,81,20050114,1919,"Nike, Inc. Chmn Phil Knight Converts 5.7 M Shrs Knight Files SEC 10b5-1 Plan",Dow Jones News Service,210,0
82,NKE,82,20050114,2006,Nike Chairman Knight to sell part of holdings.,Reuters News,148,0
83,NKE,83,20050112,1003,Paul Casey Joins Nike Golf Tour Staff Young Brit Shares Nike Golf's Passion to Compete and Win,PR Newswire (U.S.),923,0
84,NKE,84,20050112,NA,Aftermath of the Tsunami: Aid to Sri Lanka Tamils Fans Political Tensions --- Officials Worry That Effort By Expats May Embolden Rebels in...,The Wall Street Journal Europe,2162,0
85,NKE,85,20050111,NA,"In Northern Sri Lanka, Flood of Disaster Relief Deepens Political Rift --- Tamil Minority's Aid Efforts Heighten Officials' Concern About...",The Asian Wall Street Journal,2726,0
86,NKE,86,20050107,328,Vietnam exports more Nike goods than coffee in '04.,Reuters News,137,0
87,NKE,87,20050106,NA,Just do over - OBSERVER.,Financial Times,113,0
88,NKE,88,20050105,2445,Justin Leonard Joins Nike Golf Tour Staff Major Champion Looks to Golf's Innovator for a Spark,PR Newswire (U.S.),1058,0
89,NKE,89,20050105,2445,Justin Leonard Joins Nike Golf Tour Staff,Dow Jones News Service,7,0
90,NKE,90,20050103,715,UPDATE 2-Rossignol shares surge after Quiksilver approach.,Reuters News,595,0
91,NKE,91,20050103,NA,FT.com site : Lex: Ski makers.,Financial Times (FT.Com),331,0
