,Ticker,Index,Date,Time,Headline,Source,NumWords,missing
1,NKE,101,20141030,1015,Nike Bows Out of Snowboarding Business -- Market Talk,Dow Jones Institutional News,1333,0
2,NKE,102,20141030,1015,Nike Bows Out of Snowboarding Business -- Market Talk,Dow Jones Institutional News,116,0
3,NKE,103,20141029,242,Supermodel Karlie Kloss shows off her ultra lean physique in new sultry campaign for Nike,Mail Online,412,0
4,NKE,104,20141029,1640,"Nike Sales Doing Well, Even Without New LeBron's -- Market Talk",Dow Jones Institutional News,1441,0
5,NKE,105,20141029,1640,"Nike Sales Doing Well, Even Without New LeBron's -- Market Talk",Dow Jones Institutional News,169,0
6,NKE,106,20141027,908,U.S. Stock Futures Lower,Dow Jones Institutional News,876,0
7,NKE,107,20141027,853,Nike’s Latest Fashion Play: a Capsule Collection with Pedro Lourenço,NYT Blogs,876,0
8,NKE,108,20141023,NA,Nike Stakes Its Fashion Claim,NYT Blogs,428,0
9,NKE,109,20141023,NA,Under Armour Apparel and Footwear Sales Jump 29%,Dow Jones Top News & Commentary,527,0
10,NKE,110,20141023,728,"Critical Alerts For Apple, Regulus Therapeutics, iRobot, Nike and Twitter Released By InvestorsObserver",PR Newswire (U.S.),368,0
11,NKE,111,20141023,931,"TV Campaign, SEC Notification, Upcoming Earnings Release, Appointment and Quarterly Earnings - Research Reports on Nike, Keurig Green Mountain, Altria, Mondelez International and VF Corp.",PR Newswire (U.S.),431,0
12,NKE,112,20141023,845,Nike's LeBron 12 Sneaker Delay Raises Some Anxiety -- Market Talk,Dow Jones Institutional News,1430,0
13,NKE,113,20141022,2453,"Press Release: Nike Unveils New Spring/Summer 2015 Women's Collections, Connects with 65 Million Women Across Global Digital Community",Dow Jones Institutional News,1535,0
14,NKE,114,20141022,1351,Nike's LeBron 12 Sneaker Delay Raises Some Anxiety -- Market Talk,Dow Jones Institutional News,732,0
15,NKE,115,20141022,2453,Nike Highlights Its Women's Wear Focus -- Market Talk,Dow Jones Institutional News,152,0
16,NKE,116,20141022,1101,Nike Highlights Its Women's Wear Focus -- Market Talk,Dow Jones Institutional News,1562,0
17,NKE,117,20141022,1101,"The Zacks Analyst Blog Highlights:E. I. du Pont de Nemours, Dow Chemical, Nike, McDonald's and Coca-Cola",PR Newswire (U.S.),154,0
18,NKE,118,20141021,930,Group Aims to Buy Adidas's Reebok --- Move Would Unwind a Disappointing Eight-Year Marriage,The Wall Street Journal,1759,0
19,NKE,119,20141020,NA,U.S. Stock Market: Tenacious or Teetering?,The Wall Street Journal Europe,922,0
20,NKE,120,20141020,NA,"Footwear maker protects sneakers; Converse seeks money, but mostly it wants rivals of Chucks off the shelves",International New York Times,918,0
21,NKE,121,20141019,2029,"Nike , Yum! Brands, Intel , IBM and Cisco highlighted as Zacks Bull and Bear of the Day",PR Newswire,996,0
22,NKE,122,20141019,2029,CONVERSE GOES TO COURT TO PROTECT CHUCKS FROM LOOK-ALIKES,The New York Times Abstracts,998,0
23,NKE,123,20141019,2029,Converse sues 31 companies around the world saying they have copied iconic design of its trademark shoe ,Mail Online,997,0
24,NKE,124,20141019,1512,Converse sues Wal-Mart over copycat sneakers,CNN Wire,983,0
25,NKE,125,20141020,NA,Converse Goes to Court to Protect Chucks From Look-Alikes,The New York Times,918,0
26,NKE,126,20141016,NA,Converse sues to get impostors off shelves,International New York Times,729,0
27,NKE,127,20141015,929,Nike's Converse Sues 31 Companies for Chuck Taylor Trademark Infringement,Dow Jones Institutional News,1569,0
28,NKE,128,20141015,NA,Nike's Converse Sues 31 Companies for Chuck Taylor Trademark Infringement,Dow Jones Top News & Commentary,57,0
29,NKE,129,20141015,1312,"Chipotle Mexican Grill, Oracle, Citi Trends, Hanesbrands and Nike highlighted as Zacks Bull and Bear of the Day",PR Newswire (U.S.),615,0
30,NKE,130,20141015,1012,Louisville's Rick Pitino Says Shoe Companies Overinfluence Recruiting,Dow Jones Institutional News,269,0
31,NKE,131,20141015,NA,Nike CIO Rakes in the Honors,CIO Report,1005,1
32,NKE,132,20141015,NA,Nike CIO Rakes in the Honors,Dow Jones Institutional News,1006,0
33,NKE,133,20141015,NA,"Louisville’s Rick Pitino Says Shoe Companies Overinfluence Recruiting; At Issue Is Relationship Between Sportswear Makers, Youth Basketball...",The Wall Street Journal Online,549,0
34,NKE,134,20141014,1835,Markit: 75 S&P 500 Companies Will Hike Dividends in 4Q -- Barron's Blog,Dow Jones Institutional News,201,0
35,NKE,135,20141014,1835,Adidas beefs up management as it seeks to revive fortunes,Reuters News,188,0
36,NKE,136,20141013,930,Press Release: President of NIKE Golf Cindy Davis Retires,Dow Jones Institutional News,2305,0
37,NKE,137,20141009,2241,"Financial Results, Promotions, Conference Calls, and Technical Updates - Research Reports on Nike, Mondelez, Altria, Carter's and Lear",PR Newswire (U.S.),347,0
38,NKE,138,20141010,1632,US STOCKS-Wall St flat as discretionary names weigh,Reuters News,203,0
39,NKE,139,20141010,1632,A dame to run for! Sin City star Jamie Chung sets new personal record after completing the Nike Marathon in Paris,Mail Online,212,0
40,NKE,140,20141009,1841,Nike Delays Launch of LeBron 12 Basketball Shoes,Dow Jones Institutional News,338,0
41,NKE,141,20141008,1357,"Ellie Goulding: 'The less I wear, the more aware I am of my body- if it's wobbling, I know to work on it:' Fitness fanatic chats staying in shape as she poses for Nike",Mail Online,454,0
42,NKE,142,20141008,845,Nike Delays Launch of LeBron 12 Basketball Shoes; Nike Cites Small Cosmetic Issue With LeBron James's New Signature Shoe,The Wall Street Journal Online,363,0
43,NKE,143,20141007,1744,Post-Earnings Insight and Review - NIKE,PR Newswire (U.S.),248,0
44,NKE,144,20141007,905,Adidas Plans to Buy Back Up to $1.9 Billion in Shares,NYT Blogs,1370,0
45,NKE,145,20141006,1105,Nike Is Talking Up Women,The Wall Street Journal,376,0
