,Ticker,Index,Date,Time,Headline,Source,NumWords,missing
1,NKE,1,20040922,1619,Mexico Teams Up With Nike To Boost Country's Shoe Output,Dow Jones International News,341,0
2,NKE,2,20040921,900,Starbucks CEO Orin C. Smith Appointed to NIKE'S Board of Directors; Philip Knight Recognizes the Contributions of Three Retiring Directors,PR Newswire (U.S.),720,0
3,NKE,3,20040921,500,"Adidas-Salomon confirms 2004 profit, sales forecast.",Reuters News,321,0
4,NKE,4,20040921,237,UK's Umbro loses Celtic kit contract to Nike.,Reuters News,137,0
5,NKE,5,20040921,NA,Nike's Earnings Climb by 25% On Strong Sales,The Wall Street Journal,425,0
6,NKE,6,20040921,NA,Summer of Speed lifts Nike to new heights - SPORTS APPAREL.,Financial Times,478,0
7,NKE,7,20040921,NA,Nike Posts 25% Increase in Profit,The Wall Street Journal Europe,335,0
8,NKE,8,20040921,NA,Nike Net Up 25% On Strong Sales Of Pricey Sneakers,The Asian Wall Street Journal,520,0
9,NKE,9,20040920,900,NIKE Reports First Quarter Earnings Per Share Up 23 Percent; Worldwide Futures Orders Increase 9.9 Percent,PR Newswire Europe,1865,0
10,NKE,10,20040920,900,NIKE Reports First Quarter Earnings Per Share Up 23 Percent; Worldwide Futures Orders Increase 9.9 Percent Highlights: - First quarter...,PR Newswire (U.S.),1794,0
11,NKE,11,20040920,1604,DJ US Stocks Seen Opening Lower After Slight Gain Friday,OsterDowJones Commodity Wire,391,0
12,NKE,12,20040920,2407,HEADLINE STOCKS - U.S. stocks moving on Sept 20.,Reuters News,444,0
13,NKE,13,20040920,1131,TABLE-Nike quarterly results.,Reuters News,168,0
14,NKE,14,20040920,1024,UPDATE 2-Nike profit up 25 percent on strong U.S. demand.,Reuters News,346,0
15,NKE,15,20040920,931,UPDATE 1-Nike profit up 25 percent on strong U.S. demand.,Reuters News,178,0
16,NKE,16,20040920,910,Nike quarterly profit up on strong U.S. demand.,Reuters News,73,0
17,NKE,17,20040920,910,Nike quarterly profit up on strong U.S. demand.,Reuters News,75,0
18,NKE,18,20040920,606,Wall Street seen lower as oil surges - Nike eyed.,Reuters News,658,0
19,NKE,19,20040920,NA,FT.com site : Nike profits jump 25% in first quarter.,Financial Times (FT.Com),551,0
20,NKE,20,20040920,1018,Nike's Fiscal 1Q Profit Rose 25% Amid Growing U.S. Demand,Dow Jones Business News,232,0
21,NKE,21,20040920,1349,=DJ Nike Sees Fiscal 2005 Revenue Up High-Single Digits >NKE,Dow Jones Chinese Financial Wire,621,0
22,NKE,22,20040920,1001,"DJ Nike 1Q Profit Rises, Worldwide Futures Orders Up 9.9%>NKE",Dow Jones Chinese Financial Wire,132,0
23,NKE,23,20040920,901,"*DJ Nike Inc. 1Q Rev $3.56B Vs $3.02B, +18% >NKE",Dow Jones Chinese Financial Wire,13,0
24,NKE,24,20040920,900,*DJ Nike Inc. 1Q EPS $1.21 Vs 98c >NKE,Dow Jones Chinese Financial Wire,10,0
25,NKE,25,20040920,1148,WSJ UPDATE: Nike's 1Q Net Jumps 25% As Sales Rise,Dow Jones News Service,602,0
26,NKE,26,20040920,1036,Nike Sees FY05 Revenue Up High-Single Digits,Dow Jones News Service,621,0
27,NKE,27,20040920,1025,NEWS WRAP: Nike's FY1Q Profit Up 25% Amid US Demand,Dow Jones News Service,236,0
28,NKE,28,20040920,927,"Nike 1Q Profit Rises, Worldwide Futures Orders Rose 9.9% -2-",Dow Jones News Service,108,0
29,NKE,29,20040920,917,"Nike 1Q Profit Rises, Worldwide Futures Orders Up 9.9%",Dow Jones News Service,134,0
30,NKE,30,20040920,700,"Stockholder Meetings For Monday, Sept. 20",Dow Jones News Service,43,0
31,NKE,31,20040917,746,Puma shares rise on Nike bid talk.,Reuters News,305,0
32,NKE,32,20040917,1022,Stockholder Meetings For The Week Of Sept. 20- 24,Dow Jones News Service,226,0
33,NKE,33,20040907,1615,Stocks Ex-Dividend September 9,Dow Jones News Service,127,0
34,NKE,34,20040901,800,"Jordan Signs NFL Superstars Ahman Green, Marvin Harrison, Terrell Owens and Jason Taylor to Team Jordan",PR Newswire (U.S.),965,0
35,NKE,35,20040830,1347,"NIKE, Inc. to Webcast Earnings and Conference Call",PR Newswire (U.S.),297,0
36,NKE,36,20040830,NA,A Nike Veteran Adds Some Swoosh to Disney's Tired Mouse,The New York Times,1758,0
37,NKE,37,20040830,121,PRESS DIGEST - New York Times business - Aug 30.,Reuters News,556,0
38,NKE,38,20040829,NA,THE GET; Sugar Coating,The New York Times,72,0
39,NKE,39,20040829,NA,Sugar Coating,The New York Times,72,0
40,NKE,40,20040827,NA,Style &Substance: Olympic Feet: Games Gear Goes Mainstream,The Wall Street Journal,1149,0
41,NKE,41,20040824,2021,Adidas Files Trademark Lawsuit Against Ralph Lauren,Dow Jones News Service,289,0
42,NKE,42,20040819,1243,Nike recalls children's sneakers for choking hazard.,Reuters News,207,0
43,NKE,43,20040819,1240,Nike recalls children's sneakers for choking hazard.,Reuters News,214,0
44,NKE,44,20040819,NA,Nike Will Recall Some Athletic Shoes Made for Children,The Wall Street Journal,183,0
45,NKE,45,20040819,NA,Nike scores on the football pitch - SPORTS EQUIPMENT - The US group best-known for its athletics and basketball sports gear has made big...,Financial Times,1674,0
46,NKE,46,20040819,505,Adidas:Football Goods 15% Of Sales In One Business Area,Dow Jones International News,263,0
47,NKE,47,20040819,222,UK PRESS: Nike Overtakes Adidas In Europe Soccer Shoe Mkt,Dow Jones International News,84,0
48,NKE,48,20040819,304,UK PRESS: Nike Overtakes Adidas In Europe Soccer Shoe Mkt,Dow Jones Chinese Financial Wire,81,0
49,NKE,49,20040818,2200,"CPSC, Nike To Recall 9,000 Children's Athletic Shoes >NKE",Dow Jones Chinese Financial Wire,211,0
50,NKE,50,20040818,1311,"CPSC, Nike Announce Recall of Children's Athletic Shoes",PR Newswire (U.S.),534,0
51,NKE,51,20040818,NA,"Golf copycats land in the rough: US golf equipment makers, backed by the Chinese authorities, are cracking down on illegal brand piracy...",Financial Times,1180,0
52,NKE,52,20040818,1327,"CPSC, Nike To Recall 9,000 Children's Athletic Shoes",Dow Jones News Service,213,0
53,NKE,53,20040818,1311,"CPSC, Nike Announce Recall Of Children's Athletic Shoes",Dow Jones News Service,9,0
54,NKE,54,20040812,NA,Nike Is Entering Discount Arena With Starter Line,The Wall Street Journal,405,0
55,NKE,55,20040812,NA,NIKE BUYS OFFICIAL STARTER AND ENTERS DISCOUNT MARKET,The New York Times Abstracts,34,0
56,NKE,56,20040812,NA,NIKE BUYS OFFICIAL STARTER AND ENTERS DISCOUNT MARKET,The New York Times,131,0
57,NKE,57,20040812,NA,Consumer Products Brief -- Nike Inc.: New Unit to Operate Licensees Of Sports-League Products,The Asian Wall Street Journal,136,0
58,NKE,58,20040811,1526,Tiger Woods Brimming With Regained Confidence Entering PGA Championship Nike's Ignite Averaging More Money Per Start Than Any Driver on Tour...,PR Newswire (U.S.),978,0
59,NKE,59,20040811,901,"Nike, Inc. to Acquire Official Starter Properties LLC and Official Starter LLC Industry Veteran Mary Gleason to Become President of Exeter...",PR Newswire (U.S.),605,0
60,NKE,60,20040811,901,"Nike, Inc. Appoints Mary Gleason President of Exeter Brands Group LLC, a New, Wholly Owned Nike Subsidiary Former Group 3 Design President...",PR Newswire (U.S.),584,0
61,NKE,61,20040811,901,"Nike, Inc. To Buy Official Starter Properties LLC And Official Starter LLC",Dow Jones News Service,258,0
62,NKE,62,20040810,1620,Dividends Reported August 10,Dow Jones News Service,517,0
63,NKE,63,20040810,NA,Converse Sets Chuck Taylor Ad Offense,The Wall Street Journal Europe,659,0
64,NKE,64,20040809,NA,Converse's Chuck Taylor Shoes to Make Rare Appearance on Ad Court,The Wall Street Journal,689,0
65,NKE,65,20040809,1617,NIKE Declares Dividend,PR Newswire (U.S.),191,0
66,NKE,66,20040809,NA,"Despite Scandal, Nike Runs With Jones",The Asian Wall Street Journal,639,0
67,NKE,67,20040806,NA,"Advertising: Nike Stands by Jones, Not Her Man --- Amid Doping Scandal, Ad Of Sprinter Is Running With Montgomery Excised",The Wall Street Journal,668,0
68,NKE,68,20040806,NA,"Advertising: Nike Is Standing by the Woman, Marion Jones, but Not Her Man --- Amid a Doping Scandal, Ad of Sprinter Is Running With...",The Wall Street Journal Europe,663,0
69,NKE,69,20040805,NA,Adidas Net Rose 36% in Quarter,The Wall Street Journal Europe,318,0
70,NKE,70,20040804,351,"NEWS SNAP: Adidas 2Q Net Up On Currencies, Cost Control",Dow Jones International News,624,0
71,NKE,71,20040803,NA,Nike Inc.'s Three Oldest Directors Step Down,The Wall Street Journal,242,0
72,NKE,72,20040803,NA,Consumer Products Brief -- Nike Inc.: Board Members Step Down Amid Scrutiny of Their Age,The Asian Wall Street Journal,130,0
73,NKE,73,20040803,1340,"Gildan Placed On Special Review BY FLA, Audits Released",Dow Jones News Service,749,0
74,NKE,74,20040802,710,"Nike CEO Knight Gets $3.7M FY04 Salary, Bonus Vs $2.5M",Dow Jones Corporate Filings Alert,238,0
75,NKE,75,20040802,919,"Nike's 3 Eldest Board Members Step Down, Citing Age Bias",Dow Jones News Service,568,0
76,NKE,76,20040730,1714,"Nike CEO Knight Gets $3.7M FY04 Salary, Bonus Vs $2.5M",Dow Jones Corporate Filings Alert,231,0
77,NKE,77,20040730,1715,"Statement by NIKE, Inc. Regarding Updated Futures Information in Fiscal Year 2004 10-K",PR Newswire (U.S.),290,0
78,NKE,78,20040730,1742,"After the Bell-Nam Tai Electronics, Nike rise.",Reuters News,120,0
79,NKE,79,20040730,1728,"Nike restates futures orders on US, Asia strength.",Reuters News,72,0
80,NKE,80,20040730,1716,Nike Increases Futures Orders Figure,Dow Jones News Service,141,0
81,NKE,81,20040727,920,WSJ.COM/The Daily Scan: Fitness Industry Goes High-Tech,Dow Jones News Service,736,0
82,NKE,82,20040722,836,Reebok second-quarter earnings fall.,Reuters News,81,0
83,NKE,83,20040721,2453,US sporting goods down as licensed sales slow.,Reuters News,378,0
84,NKE,84,20040720,NA,"El Pais: Nike to pay Spanish firm 613,000 euros.",El País,204,0
85,NKE,85,20040719,NA,Oakleys Lose Their Eye for Fashion,The Asian Wall Street Journal,695,0
86,NKE,86,20040716,709,"China Cartoonist Sues Nike,Alleges Copyright Infringement",Dow Jones International News,350,0
87,NKE,87,20040708,NA,Nike Runs Into A Tough Call On Jones Ads,The Wall Street Journal Europe,641,0
88,NKE,88,20040708,1817,"Oregon Electric Names Seven Additional Members, Including Six Oregon Executives, to the Future Board of PGE Dr. Peter Kohler, Head of OHSU...",PR Newswire (U.S.),2456,0
89,NKE,89,20040707,NA,Advertising: Nike Faces Tough Call on Jones Ads --- Shoe Company Must Decide How to Employ Star Runner Involved in a Drug Probe,The Wall Street Journal,775,0
90,NKE,90,20040702,1200,Italy's Juventus Gives New Twist To Sponsorship Deal,Dow Jones Asian Equities Report,889,0
91,NKE,91,20040702,1200,Italy's Juventus Gives New Twist To Sponsorship Deal,Dow Jones Australia and New Zealand Report,889,0
92,NKE,92,20040701,1526,NZ PRESS: Designer Textiles Wins Nike Deal,Dow Jones International News,129,0
