,Ticker,Index,Date,Time,Headline,Source,NumWords,missing
1,NKE,201,20121018,1259,Reuters Sports News Summary,Reuters News,461,0
2,NKE,202,20121018,200,Reuters Sports Schedule at 0600 GMT on Thursday Oct 18,Reuters News,420,0
3,NKE,203,20121018,NA,"Armstrong Gets Dumped --- Nike, RadioShack, Others Distance Themselves From Cyclist Amid Drug Scandal",The Wall Street Journal,1141,0
4,NKE,204,20121018,1329,Nike Rides Away From Armstrong,The Wall Street Journal,1580,0
5,NKE,205,20121018,NA,JUST DONE IT; Nike drop cheat Armstrong as he quits own charity,Irish Daily Mail,816,0
6,NKE,206,20121018,NA,Armstrong Is Dropped by Nike and Steps Down as Foundation Chairman,NYTimes.com Feed,812,0
7,NKE,207,20121018,NA,Reuters Sports News Summary,Reuters News,773,0
8,NKE,208,20121018,NA,Reuters Sports News Summary,Reuters News,785,0
9,NKE,209,20121018,NA,Anheuser-Busch follows Nike in dropping Armstrong sponsorship,Reuters News,1462,0
10,NKE,210,20121018,NA,"UPDATE 5-Lance Armstrong steps down from charity, Nike drops him",Reuters News,1478,0
11,NKE,211,20121017,1958,Armstrong steps down from charity; Nike drops sponsorship,Reuters News,469,0
12,NKE,212,20121017,1458,NIKE DENY ANY WRONGDOING; CYCLING,Irish Daily Mail,604,0
13,NKE,213,20121017,1454,Armstrong Doping Case Is Explained on Australian Television,NYT Blogs,177,0
14,NKE,214,20121017,855,"Obama, Romney on the Attack in Second Debate; Debate Watchers: Obama Attacked More; How Romney Differs from G.W. Bush; Candidates Spar in Fiery Debate; Zimmerman Trial Date Set for June; Second Girl Shot by Taliban Speaks Out; Undecideds Take Center Stage; Debate Night in America; Nike Dumps Lance Armstrong; Reviewing Their Body Language",CNN: CNN Newsroom,1130,0
15,NKE,215,20121017,NA,Anheuser-Busch Won't Renew Lance Armstrong Contract at Year End,Dow Jones Top North American Equities Stories,622,0
16,NKE,216,20121017,837,Armstrong to Step Down as Foundation Chair; Nike Ending Contract,Dow Jones Global News Select,108,0
17,NKE,217,20121017,NA,S&P Lifts Foot Locker Rating to Brink of Investment Grade,Dow Jones Top News & Commentary,155,0
18,NKE,218,20121017,NA,Radioshack Says No Longer Working With Lance Armstrong,Dow Jones Top News & Commentary,292,0
19,NKE,219,20121017,NA,Li Ning to Sell 25% Stake to Viva China for HK$1.36B,Dow Jones Top News & Commentary,7311,0
20,NKE,220,20121017,2406,WSJ: Anheuser-Busch Won't Renew Lance Armstrong Contract at Year End,Dow Jones News Service,431,0
21,NKE,221,20121017,1106,NIKE ACCUSED OF COVER-UP,Daily Mail,431,0
22,NKE,222,20121017,1441,Nike ends contracts with Lance Armstrong,CNN Wire,184,0
23,NKE,223,20121017,856,Nike ends contract with Lance Armstrong,CNN Wire,257,0
24,NKE,224,20121017,926,"Presidential Debate Fallout; More Bad News for Lance Armstrong; Syrian Rebels Being Armed by Terrorists?; Two Debates Down, One to Go; N...",CNN: The Situation Room,272,0
25,NKE,225,20121017,856,Future of Europe; US Presidential Debate; American Quest; Wall Street Choppy; European Markets Up; Nike Drops Lance Armstrong; Nike Sponsorship Scandals; Euro Rising; Bank of America Boost; US Housing Rebound Continues,CNN International: Quest Means Business,209,0
26,NKE,226,20121017,841,WSJ BLOG/China Real Time: Luxury Water from China? Tibet 5100 Aims High,Dow Jones Global Equities News,209,0
27,NKE,227,20121017,1312,WSJ BLOG/All Things D: Sleep-Sensor Maker Lark Takes on Nike+ FuelBand With Larklife,Dow Jones News Service,308,0
28,NKE,228,20121017,1041,Sportswearing,Financial Times,216,0
29,NKE,229,20121016,2319,Facebook's Newest Advertiser: Facebook,All Things D,405,1
30,NKE,230,20121017,1441,WSJ BLOG/All Things D: Facebook's Newest Advertiser: Facebook,Dow Jones News Service,197,0
31,NKE,231,20121017,NA,The NFL's 300-Pound Fashion Victims --- Nike's New Form-Fitting Jerseys Make Big Guys Feel Tubby,The Wall Street Journal,605,0
32,NKE,232,20121017,1502,Jeremy Lin in Talks With Harvard on Merchandising Deal -Bloomberg,Dow Jones News Service,757,0
33,NKE,233,20121017,1133,"InvestorsObserver releases comments on Facebook, Monsanto, Wal-Mart, Mosaic and Constellation Brands",PR Newswire (U.S.),667,0
34,NKE,234,20121017,933,"Zacks Earnings Preview: Alcoa, FedEx, Oracle and Nike",PR Newswire (U.S.),334,0
