,Ticker,Index,Date,Time,Headline,Source,NumWords,missing
1,NKE,101,20140903,NA,'Sea Turtles' Travel Home to China,The Wall Street Journal Asia,1053,0
2,NKE,102,20140903,NA,"Textiles, Apparel and Luxury Goods Equities Technical Notes -- NIKE, Coach, Quiksilver, Lululemon Athletica, and Michael Kors Holdings",PR Newswire (U.S.),1055,0
3,NKE,103,20140903,NA,"No way, Under Armour! Nike swooshes in with $300 million to keep Kevin Durant",CNN Wire,1078,0
4,NKE,104,20140903,300,"Durant re-signs with Nike, spurning Under Armour deal",Reuters News,1072,0
5,NKE,105,20140902,2147,Did Under Armour Win By Losing Out on Durant? -- Market Talk,Dow Jones Institutional News,1072,0
6,NKE,106,20140902,2146,Did Under Armour Win By Losing Out on Durant? -- Market Talk,Dow Jones Institutional News,1074,0
7,NKE,107,20140902,2146,STOCKS NEWS AFRICA-South Africa's TFG rises on higher cash sales,Reuters News,1074,0
8,NKE,108,20140902,2145,China's Li Ning stumbles from gold medal position to no man's land,Reuters News,1074,0
9,NKE,109,20140902,2144,"Nike Keeps NBA Star Durant With Potential $350 Million Pact; The 20-Year Shoe Contract, One of the Richest Ever, Fends Off Attempt to Steal ...",The Wall Street Journal Online,1073,0
10,NKE,110,20140902,1517,Nike Keeps NBA's Durant With Potential $350 Million Shoe Pact,Dow Jones Institutional News,1049,0
11,NKE,111,20140902,718,Where the hell are we? The Fast Lane,Financial Times,1059,0
12,NKE,112,20140902,1450,"Increase in Production, Technical Update, and Upcoming Events - Research Reports on Dow, National Oilwell, EQT, Range Resources and Nike",PR Newswire (U.S.),1067,0
13,NKE,113,20140903,835,Nike's Tennis Match: Roger Federer and Michael Jordan,The Wall Street Journal Europe,1488,0
14,NKE,114,20140902,1327,CMO Today: Nike Brings Together Jordan and Federer -- WSJ Blog,Dow Jones Institutional News,454,0
15,NKE,115,20140902,1404,CMO Today: Nike Brings Together Jordan and Federer,WSJ Blogs,530,1
16,NKE,116,20140902,1646,Fed Presidents Lockhart And Fisher Were Active Personal Asset Traders In 2013,Dow Jones Top North American Equities Stories,216,0
17,NKE,117,20140902,1421,"Yellen Still a Multimillionaire, Records Show; Fed Chief, Husband Owned at Least $5.3 Million in Assets Last Year, Including a Stamp Collection",The Wall Street Journal Online,218,0
18,NKE,118,20140902,1051,Wal-Mart Looks Online for Chinese Growth,Dow Jones Top News & Commentary,152,0
19,NKE,119,20140902,1051,Under Armour Sees Strong Back-to-School Growth -- Market Talk,Dow Jones Institutional News,1366,0
20,NKE,120,20140901,822,Under Armour Sees Strong Back-to-School Growth -- Market Talk,Dow Jones Institutional News,414,0
21,NKE,121,20140901,1700,An Eames chair for your feet? Designer creates Nike sneaker inspired by furniture made for Herman Miller in 1956,Mail Online,802,0
22,NKE,122,20140831,1630,"DJ NIKE Inc Class B, Inst Holders, 2Q 2014 (NKE)",Dow Jones Institutional News,651,0
23,NKE,123,20140831,1958,"Foot Locker Profit Jumps, Propelled By Basketball Shoes",Dow Jones Top News & Commentary,684,0
24,NKE,124,20140830,NA,Under Armour looking to lure Durant away from Nike -ESPN.com,Reuters News,927,0
25,NKE,125,20140829,1004,"Appointments, Market Activity, Regulatory Approvals, and Rights Acquisition - Research Reports on Nike, Morgan Stanley, Regeneron, Zimmer and Jazz",PR Newswire (U.S.),915,0
26,NKE,126,20140829,855,IT and Product Development Will Merge in the Digital Business -- WSJ Blog,Dow Jones Institutional News,1252,0
27,NKE,127,20140829,NA,BuzzFeed's Peretti uses viral touch,Financial Times,570,0
28,NKE,128,20140828,NA,Apple addresses labor violations at Quanta Chinese factories after 2013 audit,Reuters News,568,0
29,NKE,129,20140827,1503,"*NIKE, Inc. Announces Management Changes In Retail And Women's Business",Dow Jones Institutional News,579,0
30,NKE,130,20140827,1903,China's Yue Yuen H1 profit falls 48 pct on staff benefits,Reuters News,570,0
31,NKE,131,20140828,845,China sportswear firm Li Ning says H1 loss widens on charges for new stores,Reuters News,910,0
32,NKE,132,20140828,845,"Technical Updates, Financial Results, Senior Level Appointment, and Product Debut - Research Reports on PMI, Harman, Mondelez, Nike and WhiteWave",PR Newswire (U.S.),901,0
33,NKE,133,20140828,1742,Who Are Alibaba's Gray-Market Vendors? -- WSJ Blog -5-,Dow Jones Newswires Chinese (English),483,0
34,NKE,134,20140828,1742,Nike Inc declares $0.24 quarterly dividend,Reuters Significant Developments,483,0
35,NKE,135,20140828,1735,Press Release: NIKE Declares $0.24 Quarterly Dividend,Dow Jones Institutional News,482,0
36,NKE,136,20140827,2001,Nike's $200 million bet on McIlroy finally pays off,CNN Wire,664,0
37,NKE,137,20140828,1409,Alibaba Cleans Up 'Gray Market' for Some Prestigious Brands -6-,Dow Jones Newswires Chinese (English),1242,0
38,NKE,138,20140828,1118,"RPT-ANALYSIS-Adidas marketing push an uphill battle against ""cool"" Nike",Reuters News,1396,0
39,NKE,139,20140828,1118,Five of the Best Players in Nike Elite Youth Basketball League History,NYT Blogs,145,0
40,NKE,140,20140826,2445,Does Allonzo Trier Still Have Game?,NYT Blogs,321,0
41,NKE,141,20140823,325,Higher Prices Driving Gains in Athletic Footwear -- Market Talk,Dow Jones Institutional News,662,0
42,NKE,142,20140822,738,Higher Prices Driving Gains in Athletic Footwear -- Market Talk,Dow Jones Institutional News,496,0
43,NKE,143,20140821,1715,"Yue Yuen boosts staff benefits, says H1 results will be hit",Reuters News,249,0
44,NKE,144,20140821,900,Why your new bank will be Starbucks or Nike or,CNN Wire,1369,0
45,NKE,145,20140819,2417,"Nike has most Europe soccer deals, Adidas the most lucrative -study",Reuters News,775,0
46,NKE,146,20140819,2417,What Paul George Can Teach Youth Basketball League Players,NYT Blogs,748,0
47,NKE,147,20140816,NA,Apple Nabs Nike Marketer for Digital Team -- Market Talk,Dow Jones Institutional News,548,0
48,NKE,148,20140815,1626,Apple Nabs Nike Marketer for Digital Team -- Market Talk,Dow Jones Institutional News,446,0
49,NKE,149,20140814,2100,South Africa's TFG expects 2014/15 profit boost from cash sales,Reuters News,438,0
50,NKE,150,20140813,2101,Nike to 9-Year-Old: Change Your Shirt --- Florida State Fields Complaint Over Under Armour Logo,The Wall Street Journal,243,0
51,NKE,151,20140813,2104,Nike to Florida State Coach: Change Your Son's Sweatshirt; November Email to School Complains About Jimbo Fisher's 9-Year-Old Son Wearing U...,The Wall Street Journal Online,365,0
52,NKE,152,20140812,920,"Technical Pulse on Textiles, Apparel and Luxury Goods Stocks -- Kate Spade, VF Corp., Fossil, Deckers Outdoor, and NIKE",PR Newswire (U.S.),1488,0
53,NKE,153,20140804,910,"Adidas Surprises Investors With Profit Warning; Troubles in Golf Business, Poor Sentiment in Russia Weigh on Outlook",The Wall Street Journal Online,1481,0
54,NKE,154,20140811,2227,Investors Say Nyet to Nike -- Barron's Blog,Dow Jones Institutional News,1119,0
55,NKE,155,20140811,2226,Manchester United unveil blue third kit for 2014/15 season and Nike's last for Red Devils following 13 seasons,Mail Online,1121,0
56,NKE,156,20140811,2226,Press Release: Intervest Offices & Warehouses : Half-yearly financial report of the board of directors for the period 01.01.2014 to 30.06.2014,Dow Jones Institutional News,1121,0
57,NKE,157,20140811,2225,Under Armour Raises Full-Year Outlook,Dow Jones Top News & Commentary,1121,0
58,NKE,158,20140811,2224,Morgan Stanley Marketing Head Departs for Getty Images,Dow Jones Top North American Financial Services Stories,1120,0
59,NKE,159,20140811,NA,Manchester United unveil final kit of Nike era with new white and black away strip,Mail Online,45,0
60,NKE,160,20140811,1615,"Critical Alerts For Time Warner Cable, Vale, 58.com, Nike, and Rackspace Hosting Released By InvestorsObserver",PR Newswire (U.S.),220,0
61,NKE,161,20140811,1343,"Nike unveil Ordem... the official football for the Premier League, La Liga and Serie A",Mail Online,448,0
62,NKE,162,20140811,1332,Nike May Stand in Way of Foot Locker Landing Lorna -- Market Talk,Dow Jones Institutional News,439,0
63,NKE,163,20140810,2145,Nike May Stand in Way of Foot Locker Landing Lorna -- Market Talk,Dow Jones Institutional News,1486,0
64,NKE,164,20140810,2144,"34,000 pairs of Nike trainers, Ugg Boots and Louis Vuitton bags: Britain's biggest-ever fake goods racket worth £17m is smashed",Mail Online,1488,0
65,NKE,165,20140810,2144,"Bargain Seen in Nike, Foot Locker Shares -- Market Talk",Dow Jones Institutional News,1488,0
66,NKE,166,20140810,2143,"Bargain Seen in Nike, Foot Locker Shares -- Market Talk",Dow Jones Institutional News,1488,0
67,NKE,167,20140810,2143,Manchester United's relationship with Nike hit rock bottom when the Premier League giants displayed rival companies at their training ground,Mail Online,1488,0
68,NKE,168,20140810,2141,Adidas Declares World Cup Victory,Dow Jones Top Energy Stories,1487,0
69,NKE,169,20140808,1125,"Press Release: Donald W. Blair, Chief Financial Officer, NIKE, Inc., Named to Corning Board of Directors",Dow Jones Institutional News,1772,0
70,NKE,170,20140808,1100,Adidas Scores Brand Victory With Germany's World Cup Win -- Globe & Mail,Dow Jones Institutional News,1766,0
71,NKE,171,20140806,NA,Inside Google's World Cup Real-Time Marketing Experiment With Nike,WSJ Blogs,936,1
72,NKE,172,20140806,NA,Manchester United seal £750M kit deal with Adidas after ending 13 seasons with Nike,Mail Online,614,0
73,NKE,173,20140806,1324,Athletic Gear Outperforming Traditional Apparel -- Market Talk,Dow Jones Institutional News,1568,0
74,NKE,174,20140806,1324,Athletic Gear Outperforming Traditional Apparel -- Market Talk,Dow Jones Institutional News,157,0
75,NKE,175,20140805,2122,The Power of Nike's Pricing Strategy -- Market Talk,Dow Jones Institutional News,209,0
76,NKE,176,20140805,657,The Power of Nike's Pricing Strategy -- Market Talk,Dow Jones Institutional News,970,0
77,NKE,177,20140805,1901,"Adidas, Yue Yuen Alternative World Cup 'Winners': Goldman -- Market Talk",Dow Jones Institutional News,457,0
78,NKE,178,20140805,NA,Karlie Kloss shows off ballerina body in Nike campaign - and reveals she's 'obsessed' with football and has her own fantasy team,Mail Online,787,0
79,NKE,179,20140804,1439,"Cristiano Ronaldo, Neymar and Wayne Rooney among SEVEN stars to fall under 'the curse of Nike' at the World Cup",Mail Online,116,0
80,NKE,180,20140804,1439,Nike Dominates Shoe Sector's TV Ad Spending,WSJ Blogs,1435,1
81,NKE,181,20140804,1159,Adidas 2 Nike 0 in World Cup final but competition goes on,Reuters News,491,0
82,NKE,182,20140802,NA,India takes step towards allowing foreign investment in e-commerce,Reuters News,823,0
83,NKE,183,20140801,1848,Nike and Manchester United Set to End Equipment Partnership,The New York Times,828,0
84,NKE,184,20140801,1357,Nike and Manchester United split,International New York Times,817,0
85,NKE,185,20140801,910,Adidas steals last-minute Man Utd goal from Nike; TRAVEL & LEISURE,Financial Times,1493,0
86,NKE,186,20140731,732,Nike to cut all ties with Manchester United following end of 13-year kit deal,Mail Online,739,0
87,NKE,187,20140731,1138,NIKE'S kit deal with Manchester [...],Irish Daily Mail,710,0
88,NKE,188,20140731,1408,German stocks - Factors to watch on July 9,Reuters News,710,0
89,NKE,189,20140731,1356,Corporate News: Adidas Edges Out Rival Nike In Manchester United Play,The Wall Street Journal,244,0
90,NKE,190,20140730,429,NIKE WILL END UNITED KIT DEAL,Daily Mail,412,0
91,NKE,191,20140729,200,NIKE TO CUT TIES WITH UNITED,Mail Online,320,0
92,NKE,192,20140724,1304,Man Utd to swap Nike for Adidas in £750m deal,Financial Times (FT.Com),521,0
93,NKE,193,20140723,2433,NIKE TO END UNITED DEAL NEXT YEAR,Mail Online,261,0
94,NKE,194,20140723,2426,Nike to end 13-year kit deal with Manchester United at end of season as Adidas become frontrunners for £750m sponsorship,Mail Online,261,0
95,NKE,195,20140723,527,"Brazil, Argentina, Germany and Holland go head-to-head in the World Cup semi-finals... but who comes out on top in the battle of the boots between Nike and adidas?",Mail Online,244,0
96,NKE,196,20140723,931,Nike insist they remain in talks with Man United over new shirt deal as rivals adidas prepare to step in,Mail Online,408,0
97,NKE,197,20140718,512,Deals of the day- Mergers and acquisitions,Reuters News,253,0
98,NKE,198,20140717,2455,CORRECTED-Nike CEO expects soccer sales to keep soaring -report,Reuters News,1385,0
99,NKE,199,20140717,2455,UPDATE 1-Nike to end Man Utd sponsorship citing rising cost,Reuters News,154,0
100,NKE,200,20140716,628,Nike ending Manchester United soccer sponsorship,Reuters News,418,0
