,Ticker,Index,Date,Time,Headline,Source,NumWords,missing
1,NKE,101,20100517,1703,"Soles4Souls®, the Shoe Charity, and Country Duo Carter Twins to Kick Off Visit to Haiti at Harbor Beach Marriott Resort and Spa With Acoustic Barefoot Set; Cole Haan at Fort Lauderdale Galleria to Host After-Party Reception for Public",PR Newswire (U.S.),449,0
2,NKE,102,20100517,832,"Trend Watch: Brazilian Shopping on the Rise in Orlando and Beyond; Savings on Popular American Brands Such as Nike, Gap and Victoria's Secret Ignite Increase in Brazilian Shopping at Prime Outlets",PR Newswire (U.S.),903,0
3,NKE,103,20100517,NA,"Nike, Inc. Declares $0.27 Quarterly Dividend",Reuters Significant Developments,64,0
4,NKE,104,20100517,1515,UPDATE 1-INTERVIEW-Adidas CEO says confident in race with Nike,Reuters News,442,0
5,NKE,105,20100514,1545,Nike Inc (NKE) Mkt On Close Buy Imbalance: Shrs 728300,Dow Jones News Service,10,0
6,NKE,106,20100514,1319,Adidas Tones Up Former Rival Reebok For Growth,Dow Jones News Service,721,0
7,NKE,107,20100513,1545,Nike Inc (NKE) Mkt On Close Buy Imbalance: Shrs 856700,Dow Jones News Service,10,0
8,NKE,108,20100513,1146,MARKET TALK: Options Trader Pictures Range-Bound Nike,Dow Jones News Service,132,0
9,NKE,109,20100512,NA,Corrections,The New York Times,134,0
10,NKE,110,20100511,NA,Nike looks beyond its 'swoosh',The Wall Street Journal Europe,801,0
11,NKE,111,20100510,NA,Reuters Summit-U.S. in 'Nike swoosh' recovery -Timken CEO,Reuters News,1059,0
12,NKE,112,20100510,1156,Reuters Summit-UPDATE 1-U.S. in 'Nike swoosh' recovery -Timken,Reuters News,186,0
13,NKE,113,20100510,1126,Nike Looks Beyond 'Swoosh' for Growth,The Wall Street Journal Online,553,0
14,NKE,114,20100510,NA,Nike Raised To Buy From Neutral By Sterne Agee,Dow Jones International News,1059,0
15,NKE,115,20100510,1028,Corporate News: Corporate Watch,The Wall Street Journal,9,0
16,NKE,116,20100506,NA,"NIKE, Inc. Introduces 2015 Global Growth Strategy",Dow Jones News Service,537,0
17,NKE,117,20100505,1600,WSJ UPDATE: Nike Aims To Boost Its Revenue 40% Over 5 Yrs,Dow Jones News Service,8,0
18,NKE,118,20100505,1518,Nike To Increase Sales To $27 Bln In Five Years: CEO,Dow Jones News Service,517,0
19,NKE,119,20100505,1002,Corporate Watch,The Wall Street Journal Online,104,0
20,NKE,120,20100505,1924,Nike Outlines Expansion Plans for Smaller Brands,The Wall Street Journal Online,557,0
21,NKE,121,20100505,2447,"Nike, Inc. Issues FY 2015 Revenue Guidance; Comments On EPS Guidance and Dividends Through FY 2015",Reuters Significant Developments,480,0
22,NKE,122,20100505,NA,"On Dow Jones Investment Banker Today: Adidas, Google, Dollar Thrifty",Dow Jones International News,80,0
23,NKE,123,20100504,1854,UPDATE: Adidas Raises 2010 Sales Goal Amid More Optimism,Dow Jones International News,827,0
24,NKE,124,20100504,556,"On Dow Jones Investment Banker Today: Adidas, Google, Dollar Thrifty",Dow Jones News Service,479,0
25,NKE,125,20100504,1854,"On Dow Jones Investment Banker Today: Adidas, Google, Dollar Thrifty",Dow Jones Capital Markets Report,827,0
26,NKE,126,20100504,1854,MARKET TALK: Nike Seen Announcing Bigger Retail Strategy,Dow Jones News Service,827,0
27,NKE,127,20100504,2430,"On Dow Jones Investment Banker Today: Adidas, Google, Dollar Thrifty",Dow Jones Energy Service,167,0
28,NKE,128,20100504,1854,The public image: Nike 'Music Shoe',Financial Times,827,0
29,NKE,129,20100504,NA,Nike Inc (NKE) Mkt On Close Sell Imbalance: Shrs 92700,Dow Jones News Service,264,0
30,NKE,130,20100503,NA,Apparel company says Nike infringes its designs,Reuters News,257,0
31,NKE,131,20100430,1545,Can Nike Give EU World Cup Tickets?,WSJ Blogs,10,1
32,NKE,132,20100430,1044,UPDATE 1-Apparel company says Nike infringes Milkcrate mark,Reuters News,168,0
33,NKE,133,20100429,643,Nike Inc (NKE) Mkt On Close Sell Imbalance: Shrs 54000,Dow Jones News Service,566,0
34,NKE,134,20100429,1714,Pakistan Defends Its Soccer Industry,The Wall Street Journal Online,240,0
35,NKE,135,20100428,1545,Adidas Shares Jump On Raised 2010 EPS Target,Dow Jones International News,10,0
36,NKE,136,20100426,NA,Nike Inc (NKE) Mkt On Close Buy Imbalance: Shrs 65500,Dow Jones News Service,1150,0
37,NKE,137,20100423,416,"Critical Alerts For Google, Capital One, Nike, IntercontinentalExchange, and Toll Brothers Released By Seven Summits Research",PR Newswire (U.S.),290,0
38,NKE,138,20100423,431,"Censoring ""South Park""; Lingerie Ad Outrage; Reality Stars` Salary Secrets; Nike Slammed for Standing by Scandalized Sports Stars; A Supermodel Slams Heidi Montag",CNN Headline News: Showbiz Tonight,290,0
39,NKE,139,20100423,1545,SportsTicker: Woods Enters Players Championship,Dow Jones News Service,10,0
40,NKE,140,20100423,931,Nike's Women Problem,NYT Blogs,420,0
41,NKE,141,20100422,NA,EU to Overhaul Online-Retail Rules,The Wall Street Journal Online,8050,0
42,NKE,142,20100421,1336,EU Antitrust Sales Rules To Fall Short Of Online Hopes,Dow Jones Business News,140,0
43,NKE,143,20100421,NA,Deconstructing Nike's Music Shoe Video,WSJ Blogs,863,1
44,NKE,144,20100420,NA,Stock Rating Reiterations: ACOR CAT CSX DSPG,Dow Jones News Service,574,0
45,NKE,145,20100419,1133,2nd UPDATE: JD Sports Sees Soccer World Cup Boosting Sales,Dow Jones International News,597,0
46,NKE,146,20100419,1118,"UPDATE: JD Sports To Grow Overseas, Shoppers Still Stretched",Dow Jones International News,597,0
47,NKE,147,20100419,1118,Nike Inc (NKE) Mkt On Close Buy Imbalance: Shrs 61400,Dow Jones News Service,597,0
48,NKE,148,20100419,1118,The Latest Web Hit: Spoofs of Nike's Tiger Woods Ad,NYT Blogs,597,0
49,NKE,149,20100416,1300,"French prosecutors recommend fines in Nike, PSG trial",Reuters News,278,0
50,NKE,150,20100415,1030,"Corporate News: Nike embraces links with Woods --- Ad push by sports-apparel maker, others suggests golfer may be on way to repairing ...",The Wall Street Journal Asia,193,0
51,NKE,151,20100414,914,Tiger Tees Off at the Masters; Tiger`s Bizarre Nike Commercial; Oprah`s Next Chapter; Kate Gosselin`s New TV Show; K-Fed`s Emotional Apology...,CNN Headline News: Showbiz Tonight,587,0
52,NKE,152,20100414,630,New Nike Ad Featuring Tiger Causes Confusion and Skepticism Among Viewers; -- Favorability toward Nike and Tiger Woods declines among viewers --,PR Newswire (U.S.),516,0
53,NKE,153,20100413,1545,Nike Rolls Out Woods Ad With More Questions Than Answers,The New York Times,10,0
54,NKE,154,20100413,NA,Update: Madison Avenue Responds to New Nike Woods Spot,NYT Blogs,275,0
55,NKE,155,20100412,1546,VOICE FROM PAST IN A NIKE AD FEATURING WOODS,The New York Times Abstracts,258,0
56,NKE,156,20100409,NA,ANALYSIS-Nike's Tiger commercial ignites debate on taste,Reuters News,915,0
57,NKE,157,20100408,NA,Nike airs Tiger Woods ad on eve of Masters,Reuters News,812,0
58,NKE,158,20100408,NA,WSJ BLOG/Digits: Live-Blogging Apple's IPhone Software Announcement,Dow Jones News Service,482,0
59,NKE,159,20100408,NA,WSJ 2nd UPDATE: Nike to Air New Ad Featuring Tiger Woods,Dow Jones News Service,8374,0
60,NKE,160,20100408,1535,WSJ: Nike To Debut New Tiger Woods Commercial - Sources,Dow Jones News Service,537,0
61,NKE,161,20100408,NA,Disturbance on United Flight 663; Confederate History Controversy; RNC Leader Under Fire; Nike Airs New Tiger Ad Featuring Woods' Deceased Father,CNN: Anderson Cooper 360°,507,0
62,NKE,162,20100408,NA,"As Tiger Woods Returns to Golf, Nike, Others Embrace Their Links",The Wall Street Journal Online,891,0
63,NKE,163,20100408,NA,IPad to Launch With Payload of Ads --- Marketers Rush to Design Apps but Creativity Is Expected to Fall Short at Start,The Wall Street Journal,58,0
64,NKE,164,20100408,1528,IPad to Launch With Payload of Ads; Marketers Rush to Design Apps but Creativity Is Expected to Fall Short at Start,The Wall Street Journal Online,756,0
65,NKE,165,20100408,1602,WSJ(4/1) Ipad To Launch With Payload Of Ads,Dow Jones Chinese Financial Wire,756,0
66,NKE,166,20100408,1554,Bauer Recalls Children's Hockey Sticks Due To Violation Of Lead Paint Standard,Dow Jones News Service,753,0
67,NKE,167,20100407,2018,"Tefron hopes to win back Nike, Victoria's Secret; Tefron raised a gross $4 million in a rights issue of 754,000 new shares at $3.80 per share.",Israel Business Arena,389,0
