,Ticker,Index,Date,Time,Headline,Source,NumWords,missing
1,NKE,101,20110209,1115,MDC PARTNERS INVESTS IN ANOMALY'S ENTREUPRENURIAL AMBITIONS,PR Newswire (U.S.),513,0
2,NKE,102,20110208,1644,"*DJ NIKE, Inc. Announces Senior Management Changes",Dow Jones Chinese Financial Wire,15,0
3,NKE,103,20110208,1713,UPDATE 1-Nike head of Hurley brand taking over affiliates,Reuters News,203,0
4,NKE,104,20110207,1827,MARKET TALK: Blackrock Increases Nike Stake To 13.6 Million Shares,Dow Jones News Service,130,0
5,NKE,105,20110207,2406,MARKET TALK: Foot Locker Seen As Strong Apparel Play,Dow Jones News Service,1267,0
6,NKE,106,20110207,2406,MARKET TALK: Foot Locker Seen As Strong Apparel Play,Dow Jones News Service,152,0
7,NKE,107,20110207,1858,Market Talk: Blackrock Raises Nike Stake,Dow Jones News Service,151,0
8,NKE,108,20110201,1103,MARKET TALK: Nike Missed The Net With Bauer,Dow Jones News Service,1262,0
9,NKE,109,20110201,1103,MARKET TALK: Nike Missed The Net With Bauer,Dow Jones News Service,148,0
10,NKE,110,20110131,1545,Nike Inc (NKE) Mkt On Close Sell Imbalance: Shrs 78800,Dow Jones News Service,10,0
11,NKE,111,20110131,NA,Stretching Valuations in Sports Apparel,The Wall Street Journal Online,491,0
12,NKE,112,20110128,931,"Critical Alerts for Dell, Nike, E*TRADE, Whirlpool, and SunTrust Released by Seven Summits Research",PR Newswire (U.S.),436,0
13,NKE,113,20110128,1545,Nike Inc (NKE) Mkt On Close Buy Imbalance: Shrs 67700,Dow Jones News Service,10,0
14,NKE,114,20110127,708,"UPDATE 3-Under Armour profit higher, raises 2011 view",Reuters News,579,0
15,NKE,115,20110126,NA,"Work Wear Hits Pay Dirt --- Doctors' Scrubs Repel Blood, Football Gear Stretches Farther, a Wash 'n Wear Tux",The Wall Street Journal,995,0
16,NKE,116,20110126,NA,"Work Wear Hits Pay Dirt; Doctors' Scrubs Repel Blood, Football Gear Stretches Farther, a Wash 'n Wear Tux",The Wall Street Journal Online,1001,0
17,NKE,117,20110125,1646,UPDATE 1-Callaway Golf posts wider Q4 loss,Reuters News,302,0
18,NKE,118,20110124,1742,"CORRECT: MARKET TALK: TI Shares Slump Despite Strong 4Q, 1Q View",Dow Jones News Service,1123,0
19,NKE,119,20110124,1739,MARKET TALK: Apple's App Store Is All A-Twitter,Dow Jones News Service,1229,0
20,NKE,120,20110124,1736,Nike Inc (NKE) Mkt On Close Sell Imbalance: Shrs 53900,Dow Jones News Service,1332,0
21,NKE,121,20110124,1736,Nike Introduces New Look for French Soccer Team,The New York Times,136,0
22,NKE,122,20110121,1545,Li Ning makes U.S. push,The Wall Street Journal Asia,10,0
23,NKE,123,20110119,NA,A Chinese Run at the U.S. Sports-Apparel Maker Li Ning to Invest $10 Million as It Strikes Marketing Deal,The Wall Street Journal Online,841,0
24,NKE,124,20110119,NA,"MARKETWATCH VIEW: Advertisers Shun Celebrities, Use Web Stars",Dow Jones News Service,545,0
25,NKE,125,20110119,NA,Agenda -- Here is some advice for the eurocracy: take a tip from Nike and 'just do it',The Wall Street Journal (Europe Edition),554,0
26,NKE,126,20110119,NA,"China sportswear brands fall on outlook, Li Ning leads",Reuters News,560,0
27,NKE,127,20110118,924,Advice for Eurocracy: Take a Tip From Nike and 'Just Do It',The Wall Street Journal Online,1334,0
28,NKE,128,20110117,NA,Motorola Mobility Appoints Jeanne P. Jackson to Its Board of Directors,PR Newswire (U.S.),993,0
29,NKE,129,20110117,258,"Life & Style: Postcards from thriving Geekopolis --- Products for 2011 are new, and nifty; Make 3-D homemovies, and watch them on a huge...",The Wall Street Journal Asia,268,0
30,NKE,130,20110117,NA,Shoe Makers Get Lift From Price Increases,The Wall Street Journal,982,0
31,NKE,131,20110113,1615,Nike Inc (NKE) Mkt On Close Sell Imbalance: Shrs 62800,Dow Jones News Service,521,0
32,NKE,132,20110112,NA,Big Year for Stocks? They'll Have to Earn It,The Wall Street Journal Online,1274,0
33,NKE,133,20110106,NA,"Nike, Inc. And TomTom NV Unveil Game-Changing Nike+ SportWatch GPS",Reuters Significant Developments,1656,0
34,NKE,134,20110112,NA,WSJ(1/6) The New Gadgets for 2011,Dow Jones Chinese Financial Wire,622,0
35,NKE,135,20110111,900,Nike Inc (NKE) Mkt On Close Sell Imbalance: Shrs 62400,Dow Jones News Service,655,0
36,NKE,136,20110110,1545,Factory Orders Increase,The Wall Street Journal Online,10,0
37,NKE,137,20110110,NA,US Factory Orders +0.7% In Nov; Consensus -0.1%,Dow Jones International News,402,0
38,NKE,138,20110106,NA,Nike Cut To Buy From Conviction Buy By Goldman Sachs,Dow Jones International News,73,0
39,NKE,139,20110106,316,*DJ Nike Cut To Buy From Conviction Buy By Goldman Sachs >NKE,Dow Jones Chinese Financial Wire,551,0
40,NKE,140,20110105,1545,Nike Inc (NKE) Mkt On Close Buy Imbalance: Shrs 64300,Dow Jones News Service,10,0
