,Ticker,Index,Date,Time,Headline,Source,NumWords,missing
1,NKE,101,20130910,910,The New Dow Stocks in Three Charts,WSJ Blogs,491,1
2,NKE,102,20130910,1132,Dow Jones Industrial Average Has Biggest Shakeup Since 2004-Update,Dow Jones Global News Select,1015,0
3,NKE,103,20130910,923,Dow Jones Industrial Average Has Biggest Shakeup Since 2004; Alcoa Dropped After 54 Years,Dow Jones Global News Select,687,0
4,NKE,104,20130910,855,"PRESS RELEASE: Goldman Sachs, Visa & Nike Set to Join the Dow Jones Industrial Average",Dow Jones Newswires,1000,0
5,NKE,105,20130910,1939,DJ Shopping gets off to solid September start - Market Talk,Dow Jones Newswires,1055,0
6,NKE,106,20130910,908,"WSJ Blog:The New Dow Stocks, in Three Charts",Dow Jones Newswires,687,0
7,NKE,107,20130910,845,"DJ Joining, Leaving DJIA Doesn't Cement Price Future - Market Talk",Dow Jones Newswires,1236,0
8,NKE,108,20130910,830,"DJ Joining, Leaving DJIA Doesn't Cement Price Future - Market Talk",Dow Jones Newswires,1236,0
9,NKE,109,20130910,900,Dow Jones Industrial Average Has Biggest Shakeup Since 2004-Update,Dow Jones News Service,636,0
10,NKE,110,20130910,925,WSJ Blog:Dow Shakeup Won't Leave Big Trading Footprint,Dow Jones News Service,989,0
11,NKE,111,20130910,856,"Joining, Leaving DJIA Doesn't Cement Price Future - Market Talk",Dow Jones News Service,1415,0
12,NKE,112,20130910,856,"Joining, Leaving DJIA Doesn't Cement Price Future - Market Talk",Dow Jones News Service,1406,0
13,NKE,113,20130910,849,"Nike, Goldman, Visa to join the Dow",CNN Wire,541,0
14,NKE,114,20130910,849,"Nike, Goldman, Visa to be added to the Dow",CNN Wire,532,0
15,NKE,115,20130910,848,DJ Dow Jones Industrial Average Has Biggest Shakeup Since 2004; Alcoa Dropped After 54 Yea,Dow Jones Chinese Newswires English Content,1477,0
16,NKE,116,20130910,848,"DJ  Dow Shakeup Reflects Shift in Sector, Industry Representation -S&P Dow Jones",Dow Jones Chinese Newswires English Content,106,0
17,NKE,117,20130910,1117,DJ Nike Shares Rise 2.5% To $67 After Being Added To Dow,Dow Jones Chinese Newswires English Content,1015,0
18,NKE,118,20130910,1108,"DJ  Alcoa, Hewlett-Packard, Bank of America to Be Dropped From Dow Jones Industrial Averag",Dow Jones Chinese Newswires English Content,442,0
19,NKE,119,20130910,848,The Not-So-Industrial Average,NYT Blogs,1468,0
20,NKE,120,20130910,848,"Dow Index Drops Bank of America, Alcoa and H.P.",NYT Blogs,97,0
21,NKE,121,20130910,1015,Brighter days may await stocks leaving Dow industrials,Reuters News,525,0
22,NKE,122,20130910,916,"MARKET PULSE-Apple, Goldman Sachs, ChemoCentryx, Xenoport, Polycom",Reuters News,245,0
23,NKE,123,20130910,914,"Today's Technical View: Nike Inc., Coach Inc., Deckers Outdoor Corp., and Iconix Brand Group Inc.",PR Newswire (U.S.),23,0
24,NKE,124,20130910,836,United yet to button up shirt deal with Nike... but remain on course for contract worth staggering £1BILLION,Mail Online,39,0
25,NKE,125,20130910,833,Athletics-British team switches to Nike from Adidas in 7-year deal,Reuters News,38,0
26,NKE,126,20130910,833,FACTBOX-Companies in the smartwatch business,Reuters News,36,0
27,NKE,127,20130910,832,She's Number 10's Fast Lady! Samantha Cameron runs errands in a very on trend pair of Nike Air Max,Mail Online,34,0
28,NKE,128,20130910,832,"Chinese Cut Spending, Companies Take a Hit",The Wall Street Journal Europe,40,0
29,NKE,129,20130910,NA,PRESS RELEASE: Heidi O'Neill Joins Skullcandy Board of Directors,Dow Jones Newswires,521,0
30,NKE,130,20130910,NA,IN STORE: NIKE'S LATEST,The New York Times Abstracts,1041,0
31,NKE,131,20130910,1909,In Store: Nike's Latest,The New York Times,524,0
32,NKE,132,20130910,1556,"Oh Rory... This is a caption, this is a caption, this is a caption This is a caption, this is a caption, this is a caption Where did it all go wrong?; A year ago he was unbeatable - world's top golfer, a sponsor's dream with a tennis star girlfriend. Then came THAT Nike deal: since then his game, his management team and even his love life have unravelled. Was this the costliest $100m ever?",Irish Daily Mail,2863,0
33,NKE,133,20130910,1406,Foot Locker 2nd-Quarter Earnings Rise 12% on Higher Sales,Dow Jones Top North American Equities Stories,2730,0
34,NKE,134,20130909,1857,"DJ Nike Inc Cl B, Inst Holders, 2Q 2013 (NKE)",Dow Jones Institutional News,1188,0
35,NKE,135,20130907,946,In Store | Nike’s Newest Collection Looks Runway Ready,NYT Blogs,704,0
36,NKE,136,20130905,909,Nike forced to pull 'culturally exploitative' leggings after garment sparks outrage among polynesians,Mail Online,234,0
37,NKE,137,20130903,657,NO NIKE DEAL FOR VAULTER AFTER HE PUTS TAPE ON LOGO,The New York Times Abstracts,240,0
38,NKE,138,20130903,2439,No Nike Deal for Pole-Vaulter After He Puts Tape Over Logo,NYTimes.com Feed,351,0
39,NKE,139,20130827,NA,It's LeBRAWN James! Basketball superstar shows off his chiseled physique while shooting Nike commercial in Miami,Mail Online,717,0
40,NKE,140,20130826,NA,"Critical Alerts For 3D Systems, Nike, Allstate, Goldcorp, and Accenture Released By InvestorsObserver",PR Newswire (U.S.),788,0
41,NKE,141,20130823,NA,Li Ning Posts Loss As Sales Drop 25%,The Wall Street Journal Asia,910,0
42,NKE,142,20130823,1653,Police Conclude Probe Into Pistorius Case; South African police said they have concluded their investigation into the killing of Oscar...,The Wall Street Journal Online,949,0
43,NKE,143,20130823,1653,Li Ning Swings to First-Half Loss,Dow Jones Global Equities News,949,0
44,NKE,144,20130822,2126,PRESS RELEASE: Nike Declares $0.21 Quarterly Dividend,Dow Jones Newswires,958,0
45,NKE,145,20130822,2040,"WSJ Blog:Kleiner, Accel Invest $18M in Nutrition App Maker MyFitnessPal",Dow Jones Newswires,959,0
46,NKE,146,20130822,2126,Nike Inc Declares $0.21 Quarterly Dividend,Reuters Significant Developments,959,0
47,NKE,147,20130822,2039,"Events for Weekend Warriors Become a Gold Mine; Forget Silicon Valley—In the Latest Startup Craze, Fortune Is Being Spun from a Sport of the...",The Wall Street Journal Online,957,0
48,NKE,148,20130822,1750,A closed Nike shop is seen at the Sanlitun shopping area in central Beijing,Reuters Pictures,952,0
49,NKE,149,20130822,1348,People walks past a Nike shop under the company logo at the Sanlitun shopping area in central Beijing,Reuters Pictures,925,0
50,NKE,150,20130822,1750,"Companies Release Financial Results and Announce Quarterly Earnings Schedules - Research Report on Michael Kors, Fossil Group, Coach, Nike, and Nordstrom",PR Newswire (U.S.),962,0
51,NKE,151,20130822,1735,"DJ VP SPRUNK Surrenders 2,165 Of NIKE INC >NKE-Amended",Dow Jones Newswires,962,0
52,NKE,152,20130826,1600,A customer tries on a pair of Nike's shoes inside a shop at a shopping district in Beijing,Reuters Pictures,675,0
53,NKE,153,20130825,NA,A salesperson arranges Nike T-shirts inside a shop at a shopping district in Beijing,Reuters Pictures,29,0
54,NKE,154,20130825,NA,Adidas Falls Further Behind Nike; German Sportswear Maker Posts 3.8% Fall in Sales,The Wall Street Journal Online,157,0
55,NKE,155,20130824,NA,Adidas Falls Further Behind Nike,Dow Jones Top Global Market Stories,1963,0
56,NKE,156,20130824,NA,"Zacks.com featured expert Kevin Matras highlights: Nike Inc., Jarden Corp., Urban Outfitters Inc., Teledyne Technologies Inc. and Bank of Hawaii Corp.",PR Newswire (U.S.),1933,0
57,NKE,157,20130823,748,"Video & Active Apparel Innovators Watch: Smack Sportswear, Urban Outfitters, RadioShack, Pixelworks, Nike",PR Newswire (U.S.),420,0
58,NKE,158,20130823,734,DJ Adidas Falls Further Behind Nike,Dow Jones Newswires,407,0
59,NKE,159,20130822,321,Adidas Falls Further Behind Nike,Dow Jones News Service,664,0
60,NKE,160,20130821,NA,'WE ARE THE UNIVERSITY OF NIKE.',The New York Times Abstracts,181,0
61,NKE,161,20130819,1431,'We are the University of Nike.',The New York Times,406,0
62,NKE,162,20130819,917,"DJ CEO PARKER Registers 48,548 Of NIKE INC >NKE",Dow Jones Newswires,404,0
63,NKE,163,20130817,NA,Nike ends contract with recently suspended Brewers star Ryan Braun,CNN Wire,54,0
64,NKE,164,20130817,NA,Nike ends contract with Brewers' Ryan Braun,CNN Wire,547,0
65,NKE,165,20130817,NA,STATS: Nike Ends Relationship With Ryan Braun,Dow Jones Newswires,554,0
66,NKE,166,20130817,2403,"DJ CEO PARKER Sells 48,548 Of NIKE INC >NKE",Dow Jones Newswires,314,0
67,NKE,167,20130817,349,"Pre-Market Analysis: Coach, Nike, Iconix Brand, and Deckers Outdoor",PR Newswire (U.S.),310,0
68,NKE,168,20130814,931,Skullcandy Swings to 2nd-Quarter Loss on Steep Sales Decline,Dow Jones Global News Select,368,0
69,NKE,169,20130813,NA,"DJ VP KRANE Sells 52,500 Of NIKE INC >NKE",Dow Jones Newswires,309,0
70,NKE,170,20130811,2027,"The Zacks Analyst Blog Highlights:Iconix Brand Group, Nike, Brown Shoe, Rocky Brands and Kraft Foods Group",PR Newswire (U.S.),324,0
71,NKE,171,20130813,1019,Why do guys get all the cool sneakers? Two women launch campaign against Nike to demand men's shoe designs in girls' sizes,Mail Online,362,0
72,NKE,172,20130812,1246,"DJ Dir THOMPSON JR Registers 8,000 Of NIKE INC >NKESA",Dow Jones Newswires,331,0
73,NKE,173,20130812,1615,"*DJ NIKE, Inc. Announces Category Leadership Changes",Dow Jones Newswires,224,0
74,NKE,174,20130812,2449,"NIKE, Inc. Announces Category Leadership Changes",Dow Jones News Service,497,0
75,NKE,175,20130812,2449,"DJ Officer JACKSON Surrenders 2,487 Of NIKE INC >NKE",Dow Jones Newswires,488,0
76,NKE,176,20130812,1200,America's Longest Serving Directors --- Board Memers Who Sit for 40 Years: Asets or Liabilities?,The Wall Street Journal,452,0
77,NKE,177,20130812,NA,Feeling For | Nike’s Limited-Edition Free Flyknit Sneaker Celebrates New York City,NYT Blogs,59,0
78,NKE,178,20130809,1052,"PRESS RELEASE: Nike Unveils New Running Technologies and ""Nature Amplified"" Design Ethos",Dow Jones Newswires,1168,0
79,NKE,179,20130809,NA,Unlucky 13 for England as new Nike strip has seen Three Lions win just ONE game,Mail Online,1180,0
80,NKE,180,20130808,2317,"Young, rich and nary a collar in sight: How the dressed-down tech executives led by Mark Zuckerberg have become the center of attention at the Sun Valley 'summer camp for billionaires'",Mail Online,91,0
81,NKE,181,20130808,2316,"Critical Alerts For IBM, Nike, Monster Worldwide, Urban Outfitters, and Estee Lauder Released By InvestorsObserver",PR Newswire (U.S.),99,0
82,NKE,182,20130809,800,"Phil Knight, CEO of Nike, arrives at the annual Allen and Co. conference at Sun Valley",Reuters Pictures,1351,0
83,NKE,183,20130808,2031,Angry Adidas! Gotze and Gomez among trio fined by Bayern for wearing Nike gear,Mail Online,131,0
84,NKE,184,20130808,2029,"Garment workers hold signs during a gathering of workers from Sabrina (Cambodia) Garment Manufacturing Corp, which produces clothing for U.S. sportswear company Nike, at their union headquarters in Phnom Penh",Reuters Pictures,132,0
85,NKE,185,20130808,2022,DJ Dir LECHLEITER Buys 750 Of NIKE INC >NKE,Dow Jones Newswires,131,0
86,NKE,186,20130808,2029,DJ Nike Files 8K - Operations And Financial Condition >NKE,Dow Jones Institutional News,131,0
87,NKE,187,20130808,2024,Just DON'T do it: Adidas fury at Gotze wearing a Nike shirt at Bayern unveiling,Mail Online,131,0
88,NKE,188,20130808,2023,Business Briefs,The Wall Street Journal Europe,129,0
89,NKE,189,20130808,2016,"Don't blame the clubs, Rory! Irish Open winner Casey defends Nike as world No 2 calls emergency meeting",Mail Online,131,0
