,Ticker,Index,Date,Time,Headline,Source,NumWords,missing
1,NKE,1,20120928,844,U.S. HOT STOCK FUTURES: HOT STOCKS TO WATCH,Dow Jones News Service,914,0
2,NKE,2,20120928,844,"MARKET PULSE-RIM, Walgreen, Finish Line, Adtran, Nike, McDonald's",Reuters News,924,0
3,NKE,3,20120928,929,UPDATE 1-Macy's to open 450 Finish Line shops-in-shops,Reuters News,893,0
4,NKE,4,20120928,929,STOCKS NEWS EUROPE-Adidas down after Nike China orders drop,Reuters News,936,0
5,NKE,5,20120928,647,UPDATE 1-China sportswear brands rally on upbeat broker report,Reuters News,703,0
6,NKE,6,20120928,923,Corporate Watch,The Wall Street Journal,1452,0
7,NKE,7,20120928,830,Nike Profit Falls 12% as Higher Costs Outweigh Strong Sales,NYTimes.com Feed,1120,0
8,NKE,8,20120928,747,Late-Night Dance Parties: the Other 9-to-5,The Wall Street Journal Online,983,0
9,NKE,9,20120928,713,Nike caught out as China slows,Financial Times,260,0
10,NKE,10,20120928,325,News Highlights: Top Equities Stories of the Day,Dow Jones Global Equities News,159,0
11,NKE,11,20120928,1205,DJ US HOT STOCKS TO WATCH: NKE,Dow Jones Chinese Financial Wire,563,0
12,NKE,12,20120928,NA,MARKET TALK: Strong Beat for Finish Line,Dow Jones News Service,1015,0
13,NKE,13,20120928,NA,MARKET TALK: Strong Beat for Finish Line,Dow Jones News Service,340,0
14,NKE,14,20120928,NA,Nike Inc Issues Q2 2013 Revenue Guidance Above Analysts'' Estimates-Conference Call,Reuters Significant Developments,340,0
15,NKE,15,20120927,2131,"UPDATE 3-Nike hits China roadblock, shares fall",Reuters News,729,0
16,NKE,16,20120928,NA,BRIEF-NIKE shares fall in extended trade after results,Reuters News,412,0
17,NKE,17,20120927,2100,"MARKET PULSE-Peregrine, RIM, HP, Tempur-Pedic, Achillion",Reuters News,302,0
18,NKE,18,20120928,754,"Nike shoes with waffle soles are displayed on a ceiling at the ""ShoeZeum"" in downtown Las Vegas",Reuters Pictures,58,0
19,NKE,19,20120928,654,"A Nike disco shoe is pictured at the ""ShoeZeum"" in downtown Las Vegas",Reuters Pictures,168,0
20,NKE,20,20120928,654,"A pair of Nike Air Jordan 1s, worn and signed by NBA basketball legend Michael Jordan in his rookie season, is pictured at the ""ShoeZeum"" in downtown Las Vegas",Reuters Pictures,122,0
21,NKE,21,20120927,NA,"Nike shoes inspired by a Gibson guitar case are pictured at the ""ShoeZeum"" in downtown Las Vegas",Reuters Pictures,71,0
22,NKE,22,20120927,1630,"Jordan Michael Geller poses with his collection of the Nike Air Jordan Retro line at the ""ShoeZeum"" in downtown Las Vegas",Reuters Pictures,612,0
23,NKE,23,20120927,1617,"Jordan Michael Geller poses with his collection of the Nike Air Jordan Retro line at the ""ShoeZeum"" in downtown Las Vegas",Reuters Pictures,39,0
24,NKE,24,20120927,747,Nike's Profit Slows Down,The Wall Street Journal Online,902,0
25,NKE,25,20120927,1626,Nike disappoints with falling Chinese orders,Financial Times (FT.Com),127,0
26,NKE,26,20120927,1625,"Nike Profit Falls on Overhead Costs, Slower China Growth",Dow Jones Global News Select,119,0
27,NKE,27,20120927,1619,"Nike 1st-Quarter Profit Fell 12% as Margins Weakened, Overhead Costs Rose",Dow Jones Global News Select,155,0
28,NKE,28,20120927,1606,*DJ Nike 1Q Rev $6.67B NKE,Dow Jones Chinese Financial Wire,127,0
29,NKE,29,20120927,1600,DJ US HOT STOCKS: NKE,Dow Jones Chinese Financial Wire,132,0
30,NKE,30,20120927,1559,"US HOT STOCKS: Research in Motion, Accenture, NIke Active in Late Trading",Dow Jones News Service,133,0
31,NKE,31,20120927,1825,MARKET TALK: Nike EPS Keeps Above Views But Future Orders Low,Dow Jones News Service,536,0
32,NKE,32,20120927,1839,MARKET TALK: Nike EPS Keeps Above Views But Future Orders Low,Dow Jones News Service,555,0
33,NKE,33,20120927,NA,Nike 1st-Quarter Thomson Reuters Earnings Alert: $1.12,Dow Jones News Service,263,0
34,NKE,34,20120927,1745,Nike 1Q Net $567M,Dow Jones News Service,555,0
35,NKE,35,20120927,1910,Nike (NKE) Mkt On Close Buy Imbalance: Shrs 109600,Dow Jones News Service,775,0
36,NKE,36,20120927,1748,Nike Pleased Nuremberg Court Grants Application For Interim Injunction Vs Adidas for Patent Infringement,Dow Jones News Service,566,0
37,NKE,37,20120927,1704,German Court Grants Nike Patent Infringement Injunction on Adidas Shoe,Dow Jones Global News Select,288,0
38,NKE,38,20120927,1822,MARKET TALK: Investing In China Equities Not An Easy Task,Dow Jones Global Equities News,294,0
39,NKE,39,20120927,1649,Nike (NKE) Mkt On Close Sell Imbalance: Shrs 53000,Dow Jones News Service,288,0
40,NKE,40,20120927,1615,China Could Prove a Thorn in Nike's Side,Dow Jones News Service,26,0
41,NKE,41,20120927,1615,MARKET TALK: Inventory Issues Dog Nike in China -Canaccord,Dow Jones News Service,20,0
42,NKE,42,20120927,1615,MARKET TALK: Inventory Issues Dog Nike in China -Canaccord,Dow Jones News Service,14,0
43,NKE,43,20120927,1750,"InvestorsObserver releases comments on Exxon Mobil, Nike, Hewlett-Packard, Walgreen and Garmin",PR Newswire (U.S.),50,0
44,NKE,44,20120927,1741,Nike,Financial Times,1155,0
45,NKE,45,20120927,1628,"Zacks Bull and Bear of the Day Highlights: Bayer, J. C. Penney Company, Nike Inc., Adidas and Brown Shoe Company Inc.",PR Newswire (U.S.),1257,0
46,NKE,46,20120927,1628,Reebok Letting Adidas Down,The Wall Street Journal Online,139,0
47,NKE,47,20120927,1616,"U.S. EQUITIES WEEK AHEAD: Walgreen, Nike, Micron, Santander Unit IPO",Dow Jones Global News Select,76,0
48,NKE,48,20120927,1615,WSJ: Reebok Letting Adidas Down,Dow Jones News Service,5,0
49,NKE,49,20120927,1545,UPDATE 1-Nike approves $8 bln share repurchase program,Reuters News,9,0
50,NKE,50,20120927,954,"Nike Board Approves Four-Year, $8 Billion Stock Repurchase Plan",Dow Jones Global News Select,32,0
51,NKE,51,20120925,1051,MARKET TALK: Citi Lauds Nike's Latest Repurchase Program,Dow Jones News Service,211,0
52,NKE,52,20120925,1036,MARKET TALK: Citi Lauds Nike's Latest Repurchase Program,Dow Jones News Service,211,0
53,NKE,53,20120924,2018,Attention Ladies! Announcing the Inaugural Nike Women's Marathon Half to Benefit The Leukemia & Lymphoma Society in Washington D.C.,PR Newswire (U.S.),182,0
54,NKE,54,20120924,1545,"Today's Market Focus: Questcor, Regions Financial, Achillion, Deckers Outdoor, Yamana Gold, and NIKE",PR Newswire (U.S.),9,0
55,NKE,55,20120924,1541,"NIKE, Inc. Announces New $8 Billion Share Repurchase Program",Dow Jones News Service,998,0
56,NKE,56,20120924,900,"The Zacks Analyst Blog Highlights:Dick's Sporting Goods, Nike, Under Armour, Foot Locker and Wal-Mart Stores",PR Newswire (U.S.),1403,0
57,NKE,57,20120924,900,Nike (NKE) Mkt On Close Buy Imbalance: Shrs 60800,Dow Jones News Service,114,0
58,NKE,58,20120924,931,"Zacks Bull and Bear of the Day Highlights: Berkshire Hathaway, Nabors Industries Ltd., Bank of America Corporation, Skechers U.S.A., Inc., Nike Inc. and Deckers Outdoor Corporation",PR Newswire (U.S.),397,0
59,NKE,59,20120922,NA,Soccer Still the Main Event for Advertisers,The Wall Street Journal Online,334,0
60,NKE,60,20120921,NA,Lagadere Confirms Target After Settlement With Football Federation,Dow Jones Global News Select,354,0
61,NKE,61,20120921,930,MARKET TALK: More Cautious Commentary About Nike,Dow Jones News Service,1213,0
62,NKE,62,20120921,2400,MARKET TALK: More Cautious Commentary About Nike,Dow Jones News Service,619,0
63,NKE,63,20120921,1544,"Corporate News: LeBron X Jumps, but Not Past $300 --- High-Tech Sneaker Will Cost $270; Nike Says Criticism Wasn't Factor in Price",The Wall Street Journal,1027,0
64,NKE,64,20120921,1529,"MARKET TALK: Citi Cuts Nike To Neutral; Ups Target Price, EPS",Dow Jones Global Equities News,1027,0
65,NKE,65,20120921,1119,Nike Inc Cut To Neutral From Buy By Citigroup,Dow Jones Global Equities News,497,0
66,NKE,66,20120919,2051,*DJ Nike Inc Cut To Neutral From Buy By Citigroup,Dow Jones Chinese Financial Wire,198,0
67,NKE,67,20120920,640,MARKET TALK: Citi's Nike Downgrade Comes Despite Target Raise,Dow Jones News Service,235,0
68,NKE,68,20120920,648,TEXT-S&P summary: NIKE Inc.,Reuters News,198,0
69,NKE,69,20120920,625,WSJ: Nike Says LeBron X Basketball Sneakers Will Go on Sale Sept.22 for $270,Dow Jones News Service,235,0
70,NKE,70,20120920,849,"Asian Innovation Awards 2012: Mirror, Mirror, What's the Weather? --- Web-Connected Devices Roam Far from the World of PCs and Smartphones...",The Wall Street Journal Asia,1299,0
71,NKE,71,20120920,849,WSJ LIVE BLOG/Digits: Apple Unveils iPhone 5 and Latest iPod Devices,Dow Jones News Service,132,0
72,NKE,72,20120920,2410,MARKET TALK: Coach Works to Fend Off Michael Kors -M Stanley,Dow Jones News Service,574,0
73,NKE,73,20120920,855,MARKET TALK: Coach Works to Fend Off Michael Kors -M Stanley,Dow Jones News Service,805,0
74,NKE,74,20120919,2039,Letters to the Editor,NYTimes.com Feed,10,0
75,NKE,75,20120919,930,Hall of Fame player Michael Jordan presents Nike co-founder Phil Knight during the 2012 Naismith Memorial Basketball Hall of Fame enshrinement ceremony in Springfield,Reuters Pictures,874,0
76,NKE,76,20120919,1545,Nike co-founder Phil Knight speaks during the 2012 Naismith Memorial Basketball Hall of Fame enshrinement ceremony in Springfield,Reuters Pictures,9,0
77,NKE,77,20120918,930,Hall of Fame player Michael Jordan presents Nike co-founder Phil Knight during the 2012 Naismith Memorial Basketball Hall of Fame enshrinement ceremony in Springfield,Reuters Pictures,1468,0
78,NKE,78,20120917,1046,Hall of Fame player Michael Jordan presents Nike co-founder Phil Knight during the 2012 Naismith Memorial Basketball Hall of Fame enshrinement ceremony in Springfield,Reuters Pictures,1060,0
79,NKE,79,20120917,NA,Nike (NKE) Mkt On Close Buy Imbalance: Shrs 113600,Dow Jones News Service,823,0
80,NKE,80,20120917,305,Big Data in Your Blood,NYT Blogs,157,0
81,NKE,81,20120917,250,Nike to supply next England soccer kit,Reuters News,157,0
82,NKE,82,20120914,2443,UPDATE 1-Retailer Zumiez sees 3rd-qtr profit below estimates,Reuters News,1511,0
83,NKE,83,20120914,2443,2nd UPDATE: WPP Cuts Revenue Forecast,Dow Jones Global News Select,102,0
84,NKE,84,20120914,NA,WPP Cuts 2012 Revenue Forecast,Dow Jones Global News Select,518,0
85,NKE,85,20120913,1653,Nike (NKE) Mkt On Close Sell Imbalance: Shrs 82400,Dow Jones News Service,510,0
86,NKE,86,20120913,608,UPDATE 1-Genesco raises profit view on high Schuh sales,Reuters News,165,0
87,NKE,87,20120913,531,WSJ BLOG/SE Asia Real Time: App Terbaik Untuk Olah Raga,Dow Jones Global Equities News,9,0
88,NKE,88,20120913,531,ENGLAND TO BE KITTED IN NIKE,Daily Mail,18,0
89,NKE,89,20120913,645,Armstrong's marketing appeal may survive title loss,Reuters Health E-Line,403,0
90,NKE,90,20120913,925,"Critical Alerts For Amazon.com, Nike, Peabody Energy, Onyx Pharmaceuticals, and Fifth Third Bancorp Released By InvestorsObserver",PR Newswire (U.S.),379,0
91,NKE,91,20120913,1359,"Technology (A Special Report) --- The Best Way To... Get Fit -- and Stay Fit: What to do, when to do it and how to do it the right way",The Wall Street Journal,177,0
92,NKE,92,20120912,NA,"U.S. News: As Marketers Stick With Cyclist, New Deals Are Unlikely",The Wall Street Journal,946,0
93,NKE,93,20120912,1456,"Lance Armstrong keeps Nike, Anheuser-Busch deals",CNN Wire,1861,0
94,NKE,94,20120912,1450,Lance Armstrong to keep Nike endorsement,CNN Wire,1814,0
95,NKE,95,20120912,1435,UPDATE 1-Armstrong's marketing appeal seen surviving title loss,Reuters News,1793,0
96,NKE,96,20120912,1427,"As Marketers Stick With Cyclist, New Deals Are Unlikely",The Wall Street Journal Online,1754,0
97,NKE,97,20120911,1123,Nike Supports Lance Armstrong After Doping Ruling,WSJ Blogs,1341,1
98,NKE,98,20120911,1123,MARKET TALK: Armstrong Keeps 2nd Big Backer in Anheuser-Busch,Dow Jones News Service,151,0
99,NKE,99,20120909,NA,MARKET TALK: Armstrong Keeps 2nd Big Backer in Anheuser-Busch,Dow Jones News Service,131,0
100,NKE,100,20120909,NA,WSJ BLOG/MarketBeat: Nike Supports Lance Armstrong After Doping Ruling,Dow Jones News Service,134,0
