,Ticker,Index,Date,Time,Headline,Source,NumWords,missing
1,NKE,1,20070929,NA,JJB drops Nike and Adidas deals.,Financial Times,409,0
2,NKE,2,20070928,NA,FT.com site : JJB drops Nike and Adidas deals.,Financial Times (FT.Com),402,0
3,NKE,3,20070928,NA,Dispatch: Reebok finally makes Yao Ming center of attention in China push,The Wall Street Journal Asia,1455,0
4,NKE,4,20070928,543,Shoe maker Yue Yuen's 9-month profit rises 6 pct,Reuters News,280,0
5,NKE,5,20070928,NA,"Yao Gives Reebok An Assist in China --- Long on Sneaker Giant's Marketing Sidelines, Basketball Star Is Now the Center of Its Ads",The Wall Street Journal,1280,0
6,NKE,6,20070928,NA,On Other Fronts -- Dispatch: Reebok finally makes Yao Ming center of attention in China push,The Wall Street Journal Europe,1449,0
7,NKE,7,20070928,435,Yue Yuen Industrial 1Q-3Q Net Pft US$281.5M Vs US$266.3M,Dow Jones International News,127,0
8,NKE,8,20070928,539,DJ  Yue Yuen Industrial 1Q-3Q Net Pft US$281.5M Vs US$266.3M,Dow Jones Chinese Financial Wire,125,0
9,NKE,9,20070927,1630,Nike Names Sandy Bodecker Vice President of Design,PR Newswire (U.S.),572,0
10,NKE,10,20070927,NA,Technology Journal: A fix-it-as-you-go rollout of software bucks tradition,The Wall Street Journal Asia,757,0
11,NKE,11,20070927,1630,Nike Names Sandy Bodecker Vice Pres Of Design,Dow Jones News Service,78,0
12,NKE,12,20070927,NA,A fix-it-as-you-go rollout of software bucks tradition,The Wall Street Journal Europe,751,0
13,NKE,13,20070927,1630,Nike Names Sandy Bodecker Vice President of Design,PR Newswire Europe,570,0
14,NKE,14,20070925,1400,Nike Unveils First-of-its-Kind Performance Shoe Designed Specifically for Native Americans; Profits from the Nike Air Native N7 shoe will go...,PR Newswire (U.S.),1076,0
15,NKE,15,20070925,NA,US retailers' sales LEX COLUMN.,Financial Times,321,0
16,NKE,16,20070925,1923,Nike Unveils Athletic Shoe Designed For American Indians,Dow Jones News Service,646,0
17,NKE,17,20070924,453,US Stocks To Watch Monday,Dow Jones Chinese Financial Wire,199,0
18,NKE,18,20070924,NA,Business Brief:  Nike Inc.,The Wall Street Journal Asia,152,0
19,NKE,19,20070921,NA,"Nike's 51% rise in profit spurred by Europe, Asia --- Company will focus on retail and explore sale of Bauer Hockey",The Wall Street Journal Europe,455,0
20,NKE,20,20070921,NA,Nike's Net Gets Big Boost From Overseas Markets,The Wall Street Journal,388,0
21,NKE,21,20070921,1650,"MARKET SNAPSHOT: U.S. Stocks Close Higher, Best Week Since March For Dow",Dow Jones Business News,877,0
22,NKE,22,20070921,1643,MARKET SNAPSHOT: U.S. Stock Indexes Poised For Weekly Gains Of Roughly 3%,Dow Jones Business News,877,0
23,NKE,23,20070921,1506,MARKET SNAPSHOT: U.S. Stock Indexes Poised For Weekly Gains Of Roughly 3%,Dow Jones Business News,905,0
24,NKE,24,20070921,1400,MARKET SNAPSHOT: U.S. Stock Indexes Poised For Weekly Gains Of Roughly 3%,Dow Jones Business News,850,0
25,NKE,25,20070921,1316,MARKET SNAPSHOT: U.S. Stock Indexes Poised For Weekly Gains Of Roughly 3%,Dow Jones Business News,758,0
26,NKE,26,20070921,2415,"MARKET SNAPSHOT: U.S. Stocks Lifted As  Nike,  Oracle Earnings Top Estimates",Dow Jones Business News,709,0
27,NKE,27,20070921,1106,"MARKET SNAPSHOT: U.S. Stocks Lifted As  Nike,  Oracle Earnings Top Estimates",Dow Jones Business News,694,0
28,NKE,28,20070921,1015,"MARKET SNAPSHOT: U.S. Stocks Lifted As  Nike,  Oracle Earnings Top Estimates",Dow Jones Business News,528,0
29,NKE,29,20070921,940,"MARKET SNAPSHOT: U.S. Stocks Lifted As  Nike,  Oracle Earnings Top Estimates",Dow Jones Business News,400,0
30,NKE,30,20070921,918,"MARKET SNAPSHOT: U.S. Stocks Expected To Open Ahead On  Nike,  Oracle Earnings",Dow Jones Business News,387,0
31,NKE,31,20070921,826,DJ Hot Stocks to Watch: NKE,Dow Jones Chinese Financial Wire,84,0
32,NKE,32,20070921,748,DJ U.S. Stock Futures Back On The Upswing As  Oracle Tops,Dow Jones Chinese Financial Wire,439,0
33,NKE,33,20070921,610,U.S. Stock Futures Back On The Upswing As  Oracle Tops,Dow Jones News Service,441,0
34,NKE,34,20070920,1729,NIKE Reports First Quarter Earnings Per Share of US$1.12,PR Newswire Europe,2262,0
35,NKE,35,20070920,1802,Nike exec optimistic about U.S. marketplace,Reuters News,96,0
36,NKE,36,20070920,1741,Nike raises fiscal 2008 revenue outlook,Reuters News,94,0
37,NKE,37,20070920,1700,After the Bell- Nike shares rise,Reuters News,76,0
38,NKE,38,20070920,1634,"UPDATE 4- Nike profit up 51 pct, results top Wall St targets",Reuters News,741,0
39,NKE,39,20070920,1657,DJ  Nike 1Q EPS $1.12 Vs 74c >NKE,Dow Jones Chinese Financial Wire,115,0
40,NKE,40,20070920,1848,NYSE Most Actives- Composite Trades 4-6:30 p.m. EDT,Dow Jones News Service,159,0
41,NKE,41,20070920,1835,2nd UPDATE:  Nike 1Q Net Up 51% On Strong Overseas Growth,Dow Jones News Service,423,0
42,NKE,42,20070920,1702,NIKE INC CL B (NKE) Resumed Trading,Dow Jones News Service,7,0
43,NKE,43,20070920,1659,UPDATE:  Nike 1Q Net Up 51% On Strong Overseas Growth,Dow Jones News Service,392,0
44,NKE,44,20070920,1629,Nike 1Q EPS $1.12 Vs 74c,Dow Jones News Service,116,0
45,NKE,45,20070920,1629,Nike 1Q Sales $4.66 Bln Vs $4.19 Bln,Dow Jones News Service,10,0
46,NKE,46,20070920,1636,NIKE Reports First Quarter Earnings Per Share of $1.12; Revenue up 11 percent; worldwide futures orders up 11.5 percent; One-time tax...,PR Newswire (U.S.),2199,0
47,NKE,47,20070920,NA,"Nike, Inc. Raises FY 2008 Revenue Guidance-Reuters",Reuters Significant Developments,78,0
48,NKE,48,20070919,931,"Seven Summits Research Releases Alerts on AXP, GLW, KMX, NKE and TOL",PR Newswire (U.S.),527,0
49,NKE,49,20070919,638,Nike Chairman Knight Sells $26M In Company Stock,Dow Jones Corporate Filings Alert,126,0
50,NKE,50,20070918,NA,"The products that never say die Companies such as Nike and Steelcase are discovering the benefits of designing their goods to be recycled, writes Sarah Murray.",Financial Times,1151,0
51,NKE,51,20070917,NA,FT.com site : The products that never say die.,Financial Times (FT.Com),1259,0
52,NKE,52,20070917,1255,German Agents Seize Suspected Knockoff Shoes -Newspaper,Dow Jones International News,98,0
53,NKE,53,20070917,1917,NYSE Most Actives- Composite Trades,Dow Jones News Service,152,0
54,NKE,54,20070916,NA,If Luxe Could Kill,The New York Times,578,0
55,NKE,55,20070914,1323,Stockholders Meetings For The Week Of Sept. 17,Dow Jones News Service,297,0
56,NKE,56,20070913,1337,"Kimberly-Clark Names Thomas J. Mielke Senior Vice President of Law, Government Affairs and Chief Compliance Officer",PR Newswire (U.S.),412,0
57,NKE,57,20070913,2453,"Payless ShoeSource Rounds Out New York Design Team With Three New Hires; Christopher Kittle, Most Recently at  Cole Haan, Heads up Me...",PR Newswire (U.S.),738,0
58,NKE,58,20070913,817,DJ Hot Stocks to Watch: NKE,Dow Jones Chinese Financial Wire,61,0
59,NKE,59,20070913,1338,"Kimberly-Clark Names Thomas J. Mielke Senior Vice Pres Of Law, Government Affairs And Chief Compliance Officer",Dow Jones News Service,91,0
60,NKE,60,20070912,1726,Nike names new global VP for sports marketing,Reuters News,85,0
61,NKE,61,20070912,1712,Nike Names John Slusher Vice Pres Of Global Sports Marketing,Dow Jones News Service,74,0
62,NKE,62,20070912,1712,"Nike Names John Slusher Vice President of Global Sports Marketing; Replaces Adam Helfant, who will leave the company",PR Newswire (U.S.),404,0
63,NKE,63,20070910,540,Yue Yuen August Operating Revenue US$349 Mln; Up 18% On Year,Dow Jones International News,159,0
64,NKE,64,20070910,650,DJ Yue Yuen August Operating Revenue US$349 Mln; Up 18% On Year,Dow Jones Chinese Financial Wire,157,0
65,NKE,65,20070910,1803,"NIKE, Inc. Announcing Q1 FY 2008 Earnings and Conference Call",PR Newswire (U.S.),298,0
66,NKE,66,20070907,2430,Recap of Dow Jones Special Reports For Sept. 7,Dow Jones News Service,170,0
67,NKE,67,20070907,830,Converse Performs Like An 'All Star' Under  Nike Ownership,Dow Jones News Service,805,0
68,NKE,68,20070907,1108,"Nike Captures the True Essence of Football in New 'LEAVE NOTHING' Campaign; Featuring Steven Jackson, Shawne Merriman, Steve Hutchinson, Ca...",PR Newswire (U.S.),447,0
69,NKE,69,20070906,1949,"West Coast Bank Will Sponsor the Doernbecher Freestyle on September 22, 2007; Fundraiser will unveil six  Nike shoes designed by patients",PR Newswire (U.S.),446,0
70,NKE,70,20070906,1059,"Seven Summits Research Releases Comments on COP, ANF, NKE, GIS, and LXK",PR Newswire (U.S.),505,0
71,NKE,71,20070905,1509,"Nike Sets Admin Chief McCray's Salary At $650,000",Dow Jones Corporate Filings Alert,163,0
72,NKE,72,20070904,NA,"Starwood taps outsider --- Coors official gets chief executive job, brings global touch",The Wall Street Journal Europe,544,0
73,NKE,73,20070903,NA,"Starwood names CEO --- Van Paasschen comes out of beer industry, brings gift for brands",The Wall Street Journal Asia,479,0
74,NKE,74,20070828,1847,NYSE Most Actives- Composite Trades 4-6:30 p.m. EDT,Dow Jones News Service,160,0
75,NKE,75,20070827,1019,UPDATE: Adidas Extends German Soccer Group Sponsorship Deal,Dow Jones International News,208,0
76,NKE,76,20070827,NA,Business Brief:  Adidas AG,The Wall Street Journal Europe,125,0
77,NKE,77,20070824,2047,Nike terminates contract with NFL player Vick,Reuters News,86,0
78,NKE,78,20070824,1300,Nike Assembles All-Star Cast Calling for Equality in Women's Sports; New Campaign Launches to Give Voice to ATHLETES Everywhere,PR Newswire (U.S.),1139,0
79,NKE,79,20070824,NA,Nike Puts Women Back on the Pedestal,The New York Times,900,0
80,NKE,80,20070824,1449,"Soccer-German FA turns down Nike offer, sticks with Adidas",Reuters News,177,0
81,NKE,81,20070823,NA,Financial Times Deutschland: Adidas close to agreement with DFB (Adidas-Chef Hainer sieht Einigung mit DFB).,Financial Times Deutschland,112,0
82,NKE,82,20070822,1815,Maria Sharapova Defends US Open Title in New York Style; Sharapova Unveils Custom Day and Evening Dresses Designed to Match Her Explosive...,PR Newswire (U.S.),1301,0
83,NKE,83,20070822,NA,Corporate News Brief -- Retail:  Nike wins counterfeit case against Chinese firms,The Wall Street Journal Europe,119,0
84,NKE,84,20070822,NA,News in Depth: Downstream effect: U.S. retailers impact China's water pollution --- Demand for low prices spurs shoddy practices; river runs...,The Wall Street Journal Europe,2674,0
85,NKE,85,20070822,1143,Adidas Close To German Soccer Team Sponsorship Deal - CEO,Dow Jones International News,144,0
86,NKE,86,20070822,NA,Ravaged Rivers: China Pays Steep Price As Textile Exports Boom --- Suppliers to U.S. Stores Accused of Dumping Dyes To Slash Their Costs,The Wall Street Journal,2722,0
87,NKE,87,20070822,NA,Shoe Merger Seeks Big Footprint,The Wall Street Journal,1014,0
88,NKE,88,20070822,NA,Downstream effect: U.S. retailers impact China's water pollution --- Demand for low prices spurs shoddy practices; river runs red with dye,The Wall Street Journal Asia,2677,0
89,NKE,89,20070822,NA,Corporate News Brief -- Retail:  Nike wins counterfeit case against Chinese firms,The Wall Street Journal Asia,125,0
90,NKE,90,20070820,2214,Knight donates $100 mln to University of Oregon,Reuters News,143,0
91,NKE,91,20070821,1202,Nike Wins Counterfeiting Lawsuit Against Chinese Shoemakers,Dow Jones International News,269,0
92,NKE,92,20070821,1312,Payless And Stride Rite Merge To Form A Grown-Up Shoe Seller,Dow Jones News Service,1066,0
93,NKE,93,20070819,1148,Nike Stands By Its Offer For German Soccer Sponsorship-Report,Dow Jones International News,141,0
94,NKE,94,20070817,2215,"Jordan Brand Trains Young Athletes in the Jordan Way; Pro Trainer Tim Grover, D-Train and Team Jordan Athlete, Mike Bibby Joined Jordan...",PR Newswire (U.S.),444,0
95,NKE,95,20070817,NA,Financial Times Deutschland: Settlement in sight between Adidas and DFB (Adidas und DFB signalisieren Vergleich).,Financial Times Deutschland,138,0
96,NKE,96,20070816,2459,"German Soccer Assoc, Adidas In ""Promising"" Arbitration Talks",Dow Jones International News,104,0
97,NKE,97,20070812,2232,DJ Yue Yuen July Operating Revenue US$365.0 Mln; Up 14% On Year,Dow Jones Chinese Financial Wire,158,0
98,NKE,98,20070813,1824,Nike Names Executives to Lead Regional Apparel Businesses,PR Newswire Europe,587,0
99,NKE,99,20070813,1300,Prime Tanning and Irving Tanning Merger Forms Largest Leather Tannery in the U.S.,PR Newswire Europe,536,0
100,NKE,100,20070813,NA,"Nike, Inc. Announces Declaration Of Dividend",Reuters Significant Developments,61,0
