,Ticker,Index,Date,Time,Headline,Source,NumWords,missing
1,NKE,1,20041231,NA,PERSONAL JOURNAL --- The Home Front -- Gearing Up: `But I Would Walk 500 Miles',The Wall Street Journal Europe,151,0
2,NKE,2,20041231,NA,NIKE TO APPEAL CHINESE COPYRIGHT RULING,The New York Times,136,0
3,NKE,3,20041231,NA,China Court Rules Nike Ads Copied Cartoonist,The Wall Street Journal,528,0
4,NKE,4,20041231,NA,Beijing Court Rules Nike Copied Chinese Cartoon --- Images in a 2002 Ad Campaign Were Offenders; Company Says It Will Continue Selling in...,The Asian Wall Street Journal,576,0
5,NKE,5,20041229,2352,Crt In China Rules Against Nike In 'Little Match Man' Row,Dow Jones Business News,294,0
6,NKE,6,20041229,2338,Crt In China Rules Against Nike In 'Little Match Man' Row,Dow Jones International News,294,0
7,NKE,7,20041230,128,DJ Crt In China Rules Against Nike In 'Little Match Man' Row,Dow Jones Chinese Financial Wire,292,0
8,NKE,8,20041229,2206,Nike kicks up fuss in China again with cartoon ad.,Reuters News,281,0
9,NKE,9,20041229,1215,=DJ NEWS WRAP: New Nike CEO Joins Board; Clarke Steps Down,Dow Jones Chinese Financial Wire,200,0
10,NKE,10,20041228,2030,NEWS WRAP: New Nike CEO Joins Board; Clarke Steps Down,Dow Jones News Service,202,0
11,NKE,11,20041229,1504,DJ Crt In China Rules Against Nike In 'Little Match Man' Row,OsterDowJones Commodity Wire,303,0
12,NKE,12,20041229,1600,CORPORATE FILINGS ALERT: THE AFTERNOON'S TOP NEWS,Dow Jones Corporate Filings Alert,184,0
13,NKE,13,20041229,1502,"Nike CEO Perez Also Gets Options On 200,000 Shares",Dow Jones Corporate Filings Alert,266,0
14,NKE,14,20041228,1630,"Nike Board Member Steps Down Tom Clarke to Continue as President, New Business Ventures",PR Newswire (U.S.),403,0
15,NKE,15,20041228,1700,UPDATE 1-Nike executive steps down from board.,Reuters News,187,0
16,NKE,16,20041228,1643,Nike executive steps down from company's board.,Reuters News,87,0
17,NKE,17,20041226,NA,The Hats (and Gloves) That Came In From the Cold,The New York Times,303,0
18,NKE,18,20041222,1134,"RESEARCH ALERT-Hilliard Lyons cuts Nike to ""neutral"".",Reuters News,49,0
19,NKE,19,20041221,922,"RESEARCH ALERT-Prudential starts Nike at ""neutral"".",Reuters News,80,0
20,NKE,20,20041220,1308,Nike USA Appoints 4 New Vice Presidents,PR Newswire (U.S.),601,0
21,NKE,21,20041220,234,SM Stocks to Watch: NKE,Dow Jones Chinese Financial Wire,23,0
22,NKE,22,20041220,NA,"Retail Brief -- Nike Inc.: Second-Quarter Net Surges On Demand From U.S., China",The Asian Wall Street Journal,162,0
23,NKE,23,20041217,745,"Adidas gains on Nike news, soccer marketing deal.",Reuters News,280,0
24,NKE,24,20041217,707,"U.S. stocks poised for flat start, inflation eyed.",Reuters News,594,0
25,NKE,25,20041217,707,"U.S. stocks poised for flat start, inflation eyed.",Reuters News,600,0
26,NKE,26,20041217,719,"Wall Street heads for flat start - Nike, CPI eyed.",Reuters News,554,0
27,NKE,27,20041216,1932,UPDATE 2-Nike's 2nd-quarter earnings jump 26 percent.,Reuters News,521,0
28,NKE,28,20041217,NA,NIKE REPORTS A 47% GAIN IN 2ND-QUARTER EARNINGS,The New York Times,99,0
29,NKE,29,20041217,NA,NIKE REPORTS A 47% GAIN IN 2ND-QUARTER EARNINGS,The New York Times Abstracts,42,0
30,NKE,30,20041217,NA,Nike Inc. Reports Profit Rose 46% In Latest Quarter,The Wall Street Journal,354,0
31,NKE,31,20041217,NA,Results a fitting send-off for Nike's Knight FOOTWEAR.,Financial Times,459,0
32,NKE,32,20041216,1912,Nike's New CEO Picked With Multi-Brand Strategy In Mind,Dow Jones News Service,598,0
33,NKE,33,20041217,NA,Nike's Profit Jumped 46% in Second Quarter,The Wall Street Journal Europe,346,0
34,NKE,34,20041216,1727,NIKE Reports Second Quarter Earnings Per Share Up 47 Percent; Worldwide Futures Orders Increase 9.1 Percent,PR Newswire Europe,2220,0
35,NKE,35,20041216,1625,NIKE Reports Second Quarter Earnings Per Share Up 47 Percent; Worldwide Futures Orders Increase 9.1 Percent Highlights: - Record second...,PR Newswire (U.S.),2142,0
36,NKE,36,20041216,1757,Nike sees 3rd-qtr revenues in low double digits.,Reuters News,91,0
37,NKE,37,20041216,1715,UPDATE 2-Shoemaker Nike's quarterly earnings rise.,Reuters News,252,0
38,NKE,38,20041216,1636,TABLE-Nike Inc. (NKE.N) Q2 results.,Reuters News,773,0
39,NKE,39,20041216,1632,Shoemaker Nike's quarterly earnings rise.,Reuters News,87,0
40,NKE,40,20041216,257,Adidas-Salomon Aims To Double Sales In Asia By 2009 -2-,Dow Jones Emerging Markets Report,116,0
41,NKE,41,20041216,220,Adidas-Salomon Aims To Double Sales In Asia By 2009,Dow Jones International News,535,0
42,NKE,42,20041216,220,Adidas-Salomon Aims To Double Sales In Asia By 2009,Dow Jones News Service,535,0
43,NKE,43,20041216,1746,Nike's Fiscal 2Q Net Soared 46% on Solid Sales Growth,Dow Jones Business News,369,0
44,NKE,44,20041216,1833,"DJ Nike 2Q, 6 Months Financial Table >NKE",Dow Jones Chinese Financial Wire,104,0
45,NKE,45,20041216,1814,"DJ Nike 2Q Net Jump 46%, Beats Street; Future Orders Rise",Dow Jones Chinese Financial Wire,190,0
46,NKE,46,20041216,1753,"WSJ UPDATE: Nike Reports Strong Demand In China, LatAm",Dow Jones News Service,655,0
47,NKE,47,20041216,1752,"Nike 2Q, 6 Months Financial Table",Dow Jones News Service,105,0
48,NKE,48,20041216,1729,WSJ.COM WRAP: Nike's Net Rises 46% On Solid Sales Growth,Dow Jones News Service,419,0
49,NKE,49,20041216,1717,NIKE INC (NKE) Resumed Trading,Dow Jones News Service,5,0
50,NKE,50,20041216,1626,NIKE Reports 2Q EPS Up 47 Percent;,Dow Jones News Service,391,0
51,NKE,51,20041215,206,AWSJ(12/15) New Export Tax Won't Deter China Textile Trade,Dow Jones Chinese Financial Wire,1136,0
52,NKE,52,20041215,239,"Adidas confirms outlook, sees soccer gains in 2005.",Reuters News,378,0
53,NKE,53,20041214,NA,China vs. Nike,The Wall Street Journal Europe,545,0
54,NKE,54,20041213,NA,Advertising: Chinese Regulators Draft Advertising Rules,The Asian Wall Street Journal,321,0
55,NKE,55,20041213,520,From Mount Everest to Madison Ave: High Fashion Footwear Hits the Streets with High Performance Vibram(R) Soles,PR Newswire (U.S.),388,0
56,NKE,56,20041209,2046,China To Draft New Rules To Stop Offensive TV Commercials,Dow Jones International News,340,0
57,NKE,57,20041209,2300,DJ China To Draft New Rules To Stop Offensive TV Commercials,Dow Jones Chinese Financial Wire,338,0
58,NKE,58,20041210,NA,China vs. Nike,The Asian Wall Street Journal,745,0
59,NKE,59,20041208,NA,China Bans Nike Ad With Kung Fu Theme,The Wall Street Journal Europe,561,0
60,NKE,60,20041207,NA,Double dribble - OBSERVER.,Financial Times,113,0
61,NKE,61,20041206,2143,AWSJ(12/7) Pulled Nike Ad In China Shows Cultural Pitfalls,Dow Jones Chinese Financial Wire,587,0
62,NKE,62,20041207,241,China kicks up a fuss over Nike footwear ad.,Reuters News,334,0
63,NKE,63,20041207,NA,Advertising: China Bans Nike's LeBron Ad As Offensive to Nation's Dignity,The Wall Street Journal,654,0
64,NKE,64,20041207,NA,Pulled Nike Ad In China Shows Cultural Pitfalls,The Asian Wall Street Journal,572,0
65,NKE,65,20041206,609,UPDATE: China Bans Nike Commercial;Insult To Natl Dignity,Dow Jones International News,469,0
66,NKE,66,20041206,349,China Bans Nike Commercial As Insult To National Dignity,Dow Jones International News,392,0
67,NKE,67,20041206,913,WSJ: 'Indignant' China Bans Nike's LeBron James Ad,Dow Jones News Service,588,0
68,NKE,68,20041206,1504,DJ China Bans Nike Commercial As Insult To National Dignity,OsterDowJones Commodity Wire,401,0
69,NKE,69,20041206,NA,Li & Fung's IDS Group to Expand,The Asian Wall Street Journal,365,0
70,NKE,70,20041203,900,"NIKE, Inc. to Webcast Earnings and Conference Call",PR Newswire (U.S.),295,0
71,NKE,71,20041203,139,INTERVIEW: IDS Grp Plans China Expansion Over Next 3 Yrs,Dow Jones International News,598,0
72,NKE,72,20041130,246,Nike Challenges Adidas Over Olympic Logo - Handelsblatt,Dow Jones International News,127,0
73,NKE,73,20041129,828,Hot Stocks To Watch In Barron's: NKE GOOG AMZN,Dow Jones News Service,206,0
74,NKE,74,20041129,714,HEADLINE STOCKS - U.S. stocks to watch on Nov 29.,Reuters News,371,0
75,NKE,75,20041128,1428,Barron's upbeat for Nike under new leadership.,Reuters News,240,0
76,NKE,76,20041126,943,Nike Graffiti Ads In Singapore Spark Controversy,Dow Jones International News,414,0
77,NKE,77,20041122,2254,Nike ads stir controversy in Singapore.,Reuters News,153,0
78,NKE,78,20041123,NA,Nike Increases Its Dividend 25%,The Wall Street Journal,123,0
79,NKE,79,20041122,900,Nike Boosts Quarterly Dividend 25 Percent,PR Newswire (U.S.),343,0
80,NKE,80,20041122,855,Converse(R) ICON(TM) Warrior Performance Basketball Shoe Debuts on Dwyane Wade and at U.S. Retailers Nov. 23rd Design Is Derivative of Game...,PR Newswire (U.S.),527,0
81,NKE,81,20041122,1602,UPDATE 1-Nike boosts dividend by 25 pct to 25 cents.,Reuters News,364,0
82,NKE,82,20041122,921,Nike boost dividend by 25 percent.,Reuters News,62,0
83,NKE,83,20041122,NA,Corrections &Amplifications,The Wall Street Journal,154,0
84,NKE,84,20041122,905,*DJ Nike Inc. Boosts Quarterly Div To 25c From 20c >NKE,Dow Jones Chinese Financial Wire,11,0
85,NKE,85,20041122,1615,Dividends Reported November 22,Dow Jones News Service,883,0
86,NKE,86,20041122,NA,"Consumer Products Brief -- Nike Inc.: Philip Knight to Step Down As President, CEO Next Month",The Asian Wall Street Journal,181,0
87,NKE,87,20041120,NA,Knight ends his Nike run.,Financial Times,321,0
88,NKE,88,20041120,NA,Nike - THE LEX COLUMN.,Financial Times,256,0
89,NKE,89,20041119,NA,Nike Founder Philip Knight Steps Down as Chief Executive,The Wall Street Journal Europe,360,0
90,NKE,90,20041119,NA,Founder of Nike To Hand Off Job To a New Chief,The New York Times,976,0
91,NKE,91,20041119,NA,FOUNDER OF NIKE TO HAND OFF JOB TO A NEW CHIEF,The New York Times Abstracts,62,0
92,NKE,92,20041119,NA,"Big Sneakers to Fill At Nike/Stocks UPdate, CNNfn",CNNfn: Street Sweep,753,0
93,NKE,93,20041119,1233,PRESS DIGEST - Washington Post Business - Nov. 19.,Reuters News,195,0
94,NKE,94,20041118,2023,UPDATE 3-Nike co-founder Knight stepping down as CEO.,Reuters News,604,0
95,NKE,95,20041119,NA,Nike Taps Perez Of S.C. Johnson To Follow Knight,The Wall Street Journal,1020,0
96,NKE,96,20041119,NA,Marathon runner takes lead at Nike.,Financial Times,439,0
97,NKE,97,20041119,NA,FT.com site : Lex: Nike.,Financial Times (FT.Com),263,0
98,NKE,98,20041119,NA,FT.com site : Knight ends his Nike run.,Financial Times (FT.Com),320,0
99,NKE,99,20041119,835,HOT STOCKS TO WATCH,Dow Jones News Service,273,0
100,NKE,100,20041119,743,Hot Stocks To Watch: DIS NKE ELBO GPS SIRI,Dow Jones News Service,278,0
