,Ticker,Index,Date,Time,Headline,Source,NumWords,missing
1,NKE,1,20020629,750,Adidas CEO - World Cup business exceeds plan - paper.,Reuters News,261,0
2,NKE,2,20020628,1900,WRAPUP 1-US stocks end worst 1st half in 30+ years.,Reuters News,1091,0
3,NKE,3,20020628,1659,U.S. stocks hold gains despite Xerox woes.,Reuters News,821,0
4,NKE,4,20020628,1457,U.S. stocks pare gains but still up after Xerox woes.,Reuters News,808,0
5,NKE,5,20020628,1407,U.S. hot stocks highlights - June 28 (afternoon).,Reuters News,337,0
6,NKE,6,20020628,1326,U.S. stocks up - market resiliance sparks buying.,Reuters News,955,0
7,NKE,7,20020628,1323,Nike shares up 8 percent after strong earnings.,Reuters News,254,0
8,NKE,8,20020628,2401,U.S. stocks hold gains - accounting issues loom.,Reuters News,698,0
9,NKE,9,20020628,1137,Nike shares up 8 percent after strong earnings.,Reuters News,254,0
10,NKE,10,20020628,1133,German DAX rallies as techs and financials bounce.,Reuters News,659,0
11,NKE,11,20020628,1100,U.S. stocks tick higher - Xerox in backdrop.,Reuters News,623,0
12,NKE,12,20020628,940,RESEARCH ALERT-Salomon ups Nike to 'buy'.,Reuters News,140,0
13,NKE,13,20020628,650,Insurers lead eurostocks' gains - Xerox eyed.,Reuters News,644,0
14,NKE,14,20020628,558,Eurostocks off insurance-led highs on Xerox report.,Reuters News,590,0
15,NKE,15,20020628,538,"Adidas, Puma score as German DAX heads higher.",Reuters News,12,0
16,NKE,16,20020628,454,"UK insurers, Terra give eurostocks end-quarter lift.",Reuters News,760,0
17,NKE,17,20020628,451,"Adidas and Puma dash on Nike profit jump, World Cup.",Reuters News,332,0
18,NKE,18,20020628,348,"Adidas on the offense, German DAX in buoyant mood.",Reuters News,13,0
19,NKE,19,20020628,248,"German DAX seen extending gains, Adidas in focus.",Reuters News,12,0
20,NKE,20,20020628,208,European stocks - Factors to watch on June 28.,Reuters News,760,0
21,NKE,21,20020627,2223,Nike fourth-quarter earnings rise 28 percent.,Reuters News,514,0
22,NKE,22,20020628,NA,Business Brief -- Nike Inc.: Brisk International Sales Pace 28% Jump in 4th-Quarter Net,The Wall Street Journal,171,0
23,NKE,23,20020628,NA,Quarterly Profits Jump 28% at Nike,The New York Times,289,0
24,NKE,24,20020628,NA,QUARTERLY PROFITS JUMP 28% AT NIKE,New York Times Abstracts,35,0
25,NKE,25,20020628,822,"Adidas Relishes World Cup Branding, As Do Counterfeiters",Dow Jones International News,1059,0
26,NKE,26,20020628,921,PRICE TARGET CHANGES: UBS Warburg,Dow Jones News Service,51,0
27,NKE,27,20020628,834,HOT STOCKS TO WATCH,Dow Jones News Service,218,0
28,NKE,28,20020628,755,Hot Stocks To Watch: NKE MANU INTU DTG ERTH,Dow Jones News Service,223,0
29,NKE,29,20020628,NA,COMPANIES &FINANCE INTERNATIONAL - Nike defies US sluggishness NEWS DIGEST.,Financial Times,207,0
30,NKE,30,20020628,NA,Nike fourth-quarter earnings rise 28%.,Financial Times (FT.Com),358,0
31,NKE,31,20020627,717,BC-DIARY-Today in U.S. Equities - June 27.,Reuters News,561,0
32,NKE,32,20020627,1814,"After The Bell - Lightbridge, Acclaim, Manugistics lower.",Reuters News,590,0
33,NKE,33,20020627,1724,Nike sees solid earnings per share growth in 2003.,Reuters News,149,0
34,NKE,34,20020627,1926,"UPDATE 2-Nike fourth-quarter earnings surge, shrs rise.",Reuters News,531,0
35,NKE,35,20020627,1647,TABLE-Nike Q4 shr rises.,Reuters News,319,0
36,NKE,36,20020627,1632,Nike fourth-quarter earnings rise sharply.,Reuters News,146,0
37,NKE,37,20020627,2414,FBI computer upgrades will not be an easy fix.,Reuters News,1053,0
38,NKE,38,20020627,1651,"NIKE, Inc. reports fourth quarter earnings per share up 28 percent - worldwide futures orders increase ...",PR Newswire Europe,1948,0
39,NKE,39,20020627,1617,"NIKE, Inc. Reports Fourth Quarter Earnings Per Share Up 28 Percent; Worldwide Futures Orders Increase Seven Percent",PR Newswire,1905,0
40,NKE,40,20020627,1741,Nike's 4th-Quarter Net Rose 28% Amid Strength Across the Board,Dow Jones Business News,477,0
41,NKE,41,20020627,1726,Nike: Slow High-End Sneaker Sales A 'Short-Term Issue',Dow Jones News Service,1149,0
42,NKE,42,20020627,1617,"NIKE, Inc. Reports 4Q EPS Up 28 Percent",Dow Jones News Service,1056,0
43,NKE,43,20020627,NA,"Nike, Inc. Reiterates FY 2003 Revenue Outlook-DJ",Reuters Significant Developments,53,0
44,NKE,44,20020626,1738,DIARY-U.S. Corporate earnings calendar June 27.,Reuters News,155,0
45,NKE,45,20020626,558,"Quiksilver Forms Entertainment Unit,Announces Cable Deals",Dow Jones News Service,874,0
46,NKE,46,20020624,1030,Stock Rating Reiterations: AXTI PLX ASYT NBIX FSH BBOX,Dow Jones News Service,269,0
47,NKE,47,20020621,804,"HK's Yue Yuen H1 net eases, sales edge up.",Reuters News,275,0
48,NKE,48,20020621,255,UK PRESS: Advertisers Fail To Score In World Cup Branding,Dow Jones International News,96,0
49,NKE,49,20020621,NA,FRONT PAGE - COMPANIES &MARKETS - Advertisers lose out on sporting chance - Many signed football stars ...,Financial Times,657,0
50,NKE,50,20020620,1113,Soccer-World-Own goal for advertisers as stars fail to shine.,Reuters News,567,0
51,NKE,51,20020619,NA,"Online Dressing Is Only Virtual, But the Payoffs Are Very Real",The Wall Street Journal,934,0
52,NKE,52,20020619,NA,Markets Keep Gains as IBM and Best Buy Slip,The Wall Street Journal,1415,0
53,NKE,53,20020619,1617,"NIKE, Inc. to Webcast Earnings Conference Call",PR Newswire,254,0
54,NKE,54,20020618,NA,INTERNATIONAL ECONOMY - Nike weighs return to Cambodia.,Financial Times,700,0
55,NKE,55,20020617,NA,Best on the Street (A Special Report): 2002 Analysts Review --- Textiles & Apparel,The Wall Street Journal,640,0
56,NKE,56,20020617,1522,Tiger Woods Tames Longest Course in Open History,PR Newswire,596,0
57,NKE,57,20020614,NA,Brand Names Are at the Virtual Mall --- Nike and Others See Promotional Value in Clothing Online Characters,The Wall Street Journal Europe,952,0
58,NKE,58,20020613,2025,Tiger Woods Makes Handy Switch Today,PR Newswire,500,0
59,NKE,59,20020613,1401,TALES OF THE TAPE: Stage Stores Stages A Comeback,Dow Jones News Service,1259,0
60,NKE,60,20020613,1401,TALES OF THE TAPE: Stage Stores Stages A Comeback,Dow Jones News Service,1259,0
61,NKE,61,20020613,NA,Nike and Other Brands See Promotional Value In Accessorizing Avatars,The Asian Wall Street Journal,942,0
62,NKE,62,20020612,1655,WSJ: Pillowtex Taps Reebok's Perdue As CEO>X.PTX RBK,Dow Jones Commodities Service,644,0
63,NKE,63,20020612,1655,WSJ: Pillowtex Taps Reebok's Perdue As CEO>X.PTX RBK,Dow Jones News Service,644,0
64,NKE,64,20020612,1435,Reebok Intl Appoints New President Of Reebok Brand,Dow Jones News Service,153,0
65,NKE,65,20020612,1357,UK Knight Avoids US Brokers After 'Boiler Room' Brush,Dow Jones News Service,1297,0
66,NKE,66,20020606,931,First 24-Hour College Sports Network Set to Debut First Quarter 2003,PR Newswire,686,0
67,NKE,67,20020603,2250,INTERVIEW: World Cup Sponsors May Get Ambushed By Rivals,Dow Jones Global Equities News,1000,0
68,NKE,68,20020604,1956,Nike Commits $1 Million to Benefit Oregon Public Schools,PR Newswire,683,0
69,NKE,69,20020530,1936,Nike Names New Vice Presidents,PR Newswire,464,0
70,NKE,70,20020530,NA,WESTERN COMPANIES WARM TO RUSSIA,New York Times Abstracts,171,0
71,NKE,71,20020530,817,Nike Inc Files To Offer $500M Of Medium-Term Notes,Dow Jones Corporate Filings Alert,258,0
72,NKE,72,20020530,1442,S&P:Assigns A To Nike $500M Sr Unsec Medium-Term Notes A,Dow Jones Capital Markets Report,317,0
73,NKE,73,20020529,1642,Nike Inc Files To Offer $500M Of Medium-Term Notes,Dow Jones Corporate Filings Alert,251,0
74,NKE,74,20020529,1155,ANALYSIS-Sleepy German town bets on World Cup fever.,Reuters News,789,0
75,NKE,75,20020529,120,Soccer-World-High-tech ball leaves some players flat.,Reuters News,550,0
76,NKE,76,20020527,NA,INSIDE TRACK - A new model for social auditing.,Financial Times,951,0
77,NKE,77,20020527,NA,A new model for social auditing.,Financial Times (FT.Com),921,0
78,NKE,78,20020523,2152,UPDATE 1-Vans warns of deeper fourth-quarter loss.,Reuters News,344,0
79,NKE,79,20020523,1313,/C O R R E C T I O N -- Nike Inc./,PR Newswire,76,0
80,NKE,80,20020523,1101,"Nike, Inc. and Delta Air Lines Present The Climate Trust With a $25,000 Donation to Address Climate Change",PR Newswire,1003,0
81,NKE,81,20020523,509,Tiger Mania Meets Bobble Head Mania,PR Newswire,489,0
82,NKE,82,20020516,1146,"Nike, Inc. Names Perry Ellis International, Inc. as U.S. Swimwear Licensee",PR Newswire,696,0
83,NKE,83,20020516,2436,Nike taps Perry Ellis to make swimwear.,Reuters News,141,0
84,NKE,84,20020516,441,HK stocks end shade lower as blue chip exporters fall.,Reuters News,689,0
85,NKE,85,20020515,2100,FEATURE-Soccer-World-Advertisers stumble at open goal.,Reuters News,1058,0
86,NKE,86,20020516,NA,"Nike, Inc. Names Perry Ellis International, Inc. as U.S. Swimwear Licensee",Reuters Significant Developments,70,0
87,NKE,87,20020515,NA,A Blow to Free Speech,The Asian Wall Street Journal,391,0
88,NKE,88,20020514,NA,Swoosh Goes the First Amendment,The Wall Street Journal,619,0
89,NKE,89,20020513,1617,NIKE Declares Dividend,PR Newswire,86,0
90,NKE,90,20020513,1349,Nike Golf Learning Center Now Open at American Golf's Pumpkin Ridge Golf Club And Persimmon Country Club in Oregon,PR Newswire,869,0
91,NKE,91,20020510,NA,Raw Innovation: Forget the Billboards And TV Ads: Puma Uses Sushi to Sell Cleats --- World Cup's Japanese Angle Inspires An Offbeat...,The Asian Wall Street Journal,680,0
92,NKE,92,20020509,NA,"Nike Tells Ask Jeeves, Inc. to Just Do It Online",Reuters Significant Developments,39,0
93,NKE,93,20020507,NA,"About Advertising: Nike Bets on Soccer --- Despite Popularity, Sport Doesn't Spur Shoe Sales",The Wall Street Journal Europe,1120,0
94,NKE,94,20020507,NA,Shoe Strategy: Nike Is Gambling Soccer Will Become Its New Basketball --- World's Most Popular Sport Is Key to Boosting Overseas Sales,The Asian Wall Street Journal,1095,0
95,NKE,95,20020506,NA,FILMING AN ART-HEIST MYSTERY AND HOPING FOR A HAPPY ENDING,New York Times Abstracts,61,0
96,NKE,96,20020506,NA,"Is Soccer the New Basketball for Nike? --- Big Sneaker Maker Is Betting On World's Most Popular Sport To Boost Sales of Shoes, Apparel",The Wall Street Journal,1357,0
97,NKE,97,20020506,NA,LET NIKE STAY IN THE GAME,New York Times Abstracts,143,0
98,NKE,98,20020504,NA,COMMUNIST DEFENDS CAPTALIST GIANT,New York Times Abstracts,44,0
99,NKE,99,20020503,NA,Business Brief -- Nike Inc.: California High Court Permits Suit Over Advertising Claims,The Wall Street Journal,173,0
100,NKE,100,20020503,845,Vietnam labour body defends Nike after court ruling.,Reuters News,465,0
