,Ticker,Index,Date,Time,Headline,Source,NumWords,missing
1,NKE,1,20110630,NA,Tiger Wins A New Gig: Heat Rub Spokesman,The Wall Street Journal,314,0
2,NKE,2,20110630,NA,Tiger Woods to Pitch Heat Rub in Japan,The Wall Street Journal Online,489,0
3,NKE,3,20110630,1545,Nike Inc (NKE) Mkt On Close Sell Imbalance: Shrs 460300,Dow Jones News Service,10,0
4,NKE,4,20110630,659,"WSJ BLOG/MarketBeat: Morning MarketBeat: Stocks Look to Extend Win Streak as QE2, Quarter Ends",Dow Jones News Service,1273,0
5,NKE,5,20110630,658,Nike's resurgence boosts hopes that broader rally will gather pace,Financial Times,1274,0
6,NKE,6,20110630,654,Resurgent Nike boosts hopes for wider equities rebound,Financial Times,1274,0
7,NKE,7,20110629,NA,"Zacks Bull and Bear of the Day Highlights: Standard Motor Products, Research In Motion, Nike, Brown Shoe Company, Delta Air Lines",PR Newswire (U.S.),837,0
8,NKE,8,20110629,NA,DJIA Nets Biggest Gain in Two Months,The Wall Street Journal Online,429,0
9,NKE,9,20110629,930,Nike Raised To Buy From Hold By Capstone Investments,Dow Jones International News,1379,0
10,NKE,10,20110628,2059,MARKET TALK: Yue Yuen +1.8%; Nike Results Have Flip Side - CS,Dow Jones International News,703,0
11,NKE,11,20110629,657,*DJ Nike Raised To Buy From Hold By Capstone Investments >NKE,Dow Jones Chinese Financial Wire,9,0
12,NKE,12,20110628,2343,DJ Nike CEO Sparks Further Share Gains With Boosted Revenue View,Dow Jones Chinese Financial Wire,200,0
13,NKE,13,20110628,2351,Nike Inc (NKE) Mkt On Close Sell Imbalance: Shrs 58400,Dow Jones News Service,207,0
14,NKE,14,20110628,2351,US and China sales lift Nike,Financial Times (FT.Com),203,0
15,NKE,15,20110629,658,UPDATE 5-Nike raises sales forecast; to lift prices,Reuters News,20,0
16,NKE,16,20110628,2239,REFILE-Wall Street stock futures slip; Greece in focus,Reuters News,429,0
17,NKE,17,20110628,1426,Demand for Nike Brand Helps It in Fourth Quarter,The New York Times,423,0
18,NKE,18,20110628,1315,Corporate News: Nike Sales Power Profit Rise --- Athletic-Shoe Maker's Shares Jump in After-Hours Trading; Costs Hit Margins,The Wall Street Journal,424,0
19,NKE,19,20110629,1545,Nike sales strong despite price rises,Financial Times,10,0
20,NKE,20,20110628,NA,"Nike CFO Gives View Of Gross Margin Pressure, Revenue Growth",Dow Jones Business News,396,0
21,NKE,21,20110628,NA,Tanger Buys Simon Property Outlet Center In Ohio For $134 Million,Dow Jones Business News,400,0
22,NKE,22,20110628,1416,Nike VP: Price Increases Planned For Second Half Of Fiscal Year,Dow Jones Business News,528,0
23,NKE,23,20110628,1000,Nike Sales Power Profit Rise; Athletic-Shoe Maker's Shares Jump in After-Hours Trading; Costs Hit Margins,The Wall Street Journal Online,433,0
24,NKE,24,20110628,NA,"Stocks to Watch: Nike, Accenture, Youku.com and More",WSJ Blogs,338,1
25,NKE,25,20110628,NA,Nike CFO: Not That Concerned About Inventory -CNBC,Dow Jones International News,601,0
26,NKE,26,20110628,NA,"MARKET TALK: Adidas, Puma Shrs Aided By Nike Results -LBBW",Dow Jones International News,135,0
27,NKE,27,20110628,1802,MARKET TALK: Adidas Shrs Seen Benefiting From Nike 4Q Figures,Dow Jones International News,486,0
28,NKE,28,20110628,1702,News Highlights: Top Equities Stories Of The Day,Dow Jones International News,500,0
29,NKE,29,20110628,1727,DJ Hot Stocks: NKE,Dow Jones Chinese Financial Wire,295,0
30,NKE,30,20110628,1609,DJ Hot Stocks:NKE,Dow Jones Chinese Financial Wire,445,0
31,NKE,31,20110628,1452,"DJ Nike 4Q Net Up 14%; North America, China Sales Surge",Dow Jones Chinese Financial Wire,444,0
32,NKE,32,20110628,NA,"NIKE, Inc. Raises FY15 Rev Target To $28-30B",Dow Jones News Service,576,0
33,NKE,33,20110628,910,Weak Economic Data May Not Signal Earnings Disappointments,Dow Jones News Service,367,0
34,NKE,34,20110628,1455,"US HOT STOCKS: Sealy, Ashford Hospitality Active In Late Trade",Dow Jones News Service,127,0
35,NKE,35,20110628,503,MARKET TALK: Nike Stock Has Historic Day On Upbeat Guidance,Dow Jones News Service,125,0
36,NKE,36,20110628,244,MARKET TALK: Nike Stock Has Historic Day On Upbeat Guidance,Dow Jones News Service,128,0
37,NKE,37,20110627,2100,Nike Inc (NKE) Mkt On Close Sell Imbalance: Shrs 497600,Dow Jones News Service,179,0
38,NKE,38,20110628,1431,Table of Unusual NYSE Stock Moves From RealTick,Dow Jones News Service,101,0
39,NKE,39,20110628,1143,MARKET TALK: Nike Investor Day Yields 'Relentless' Stock,Dow Jones News Service,58,0
40,NKE,40,20110628,730,MARKET TALK: Nike Investor Day Yields 'Relentless' Stock,Dow Jones News Service,67,0
41,NKE,41,20110627,2027,"MARKET TALK: Outlook, Not 4Q Beat, May Well Drive Nike's Stock",Dow Jones News Service,694,0
42,NKE,42,20110627,1735,"MARKET TALK: Outlook, Not 4Q Beat, May Well Drive Nike's Stock",Dow Jones News Service,740,0
43,NKE,43,20110627,1720,"StockTwits: Social media, Nike in focus",CNN Wire,740,0
44,NKE,44,20110628,1717,UPDATE 5-Nike quarterly net income rises 14 percent,Reuters News,10,0
45,NKE,45,20110628,1651,US/Canada daily earnings hits & misses June 27 - 1800 ET,Reuters News,927,0
46,NKE,46,20110628,1641,"Seven Summits Research Releases Comments on Google, Nike, Constellation Brands, Monsanto and Darden Restaurants",PR Newswire (U.S.),2241,0
47,NKE,47,20110628,1338,Ahead of the Tape,The Wall Street Journal,2139,0
48,NKE,48,20110628,1046,"Nike 4Q Net Up 14% On Surge in North American, Chinese Sales",Dow Jones Business News,1799,0
49,NKE,49,20110628,1628,Nike Reports Strong Quarter: Hint of Things to Come?,WSJ Blogs,1462,1
50,NKE,50,20110628,1628,DJ US HOT STOCKS: NKE,Dow Jones Chinese Financial Wire,143,0
51,NKE,51,20110628,1545,US HOT STOCKS: Nike Active In Late Trading,Dow Jones News Service,10,0
52,NKE,52,20110628,1526,MARKET TALK: Nike's Wide EPS Beat Sends Stock Sprinting,Dow Jones News Service,268,0
53,NKE,53,20110628,1443,MARKET TALK: Nike's Wide EPS Beat Sends Stock Sprinting,Dow Jones News Service,1360,0
54,NKE,54,20110628,1443,Nike Inc 4Q EPS $1.24,Dow Jones News Service,160,0
55,NKE,55,20110628,720,Nike Inc (NKE) Mkt On Close Sell Imbalance: Shrs 551500,Dow Jones News Service,536,0
56,NKE,56,20110628,720,Calendar Of U.S. Earnings Expected In The Week Ahead,Dow Jones News Service,165,0
57,NKE,57,20110628,1318,Investor's Calendar,The Wall Street Journal Sunday,366,0
58,NKE,58,20110627,1627,"Drinking Wine With Kyle MacLachlan; The actor on Washington wines, high alcohol content and playing affable but murderous oddballs",The Wall Street Journal Online,487,0
59,NKE,59,20110627,1802,US EQUITIES WEEK AHEAD: IMF Appointment Expected; US Auto Data,Dow Jones Business News,187,0
60,NKE,60,20110627,931,Nike Inc (NKE) Mkt On Close Sell Imbalance: Shrs 537800,Dow Jones News Service,403,0
61,NKE,61,20110627,NA,Nike Inc (NKE) Mkt On Close Sell Imbalance: Shrs 539200,Dow Jones News Service,417,0
62,NKE,62,20110627,NA,Calendar Of U.S. Earnings Expected In The Week Ahead,Dow Jones News Service,407,0
63,NKE,63,20110627,NA,Nike Inc (NKE) Mkt On Close Buy Imbalance: Shrs 70100,Dow Jones News Service,412,0
64,NKE,64,20110627,1654,Boston mayor wants Nike shirts out of window,CNN Wire,406,0
65,NKE,65,20110627,1639,MARKET TALK: FootJoy Brings Irish Luck To Korea's Fila,Dow Jones News Service,406,0
66,NKE,66,20110627,1629,MARKET TALK: FootJoy Brings Irish Luck To Korea's Fila,Dow Jones News Service,213,0
67,NKE,67,20110627,1732,Pantaloon Retail Executive: May Look At Selling Stakes In Businesses If FDI Rules Eased,Dow Jones International News,53,0
68,NKE,68,20110627,1656,Nike Inc (NKE) Mkt On Close Sell Imbalance: Shrs 60800,Dow Jones News Service,2360,0
69,NKE,69,20110627,1638,Jill K. Conway And Ralph D. DeNunzio Announce Retirement From Nike Bd Of Directors,Dow Jones News Service,1336,0
70,NKE,70,20110627,1638,Collective Brands CEO Resigns,The Wall Street Journal Online,131,0
71,NKE,71,20110627,1615,The First Nationwide Golf Tournament in Sweden: Dormy Major Saturdays,PR Newswire Europe,51,0
72,NKE,72,20110627,1545,"Collective Brands Chairman, Chief Rubel Resigns",Dow Jones News Service,10,0
73,NKE,73,20110627,600,Nike Inc (NKE) Mkt On Close Sell Imbalance: Shrs 56900,Dow Jones News Service,294,0
74,NKE,74,20110626,NA,"The Zacks Analyst Blog Highlights: Lululemon Athletica, Nike, Under Armour, Citigroup and Ness Technologies",PR Newswire (U.S.),306,0
75,NKE,75,20110625,NA,Nike Inc (NKE) Mkt On Close Sell Imbalance: Shrs 52600,Dow Jones News Service,1347,0
76,NKE,76,20110625,NA,"Critical Alerts For Research In Motion, Nike, Starwood Hotels & Resorts, Cummins, and Cree Released By Seven Summits Research",PR Newswire (U.S.),1411,0
77,NKE,77,20110624,1351,Nike Inc (NKE) Mkt On Close Sell Imbalance: Shrs 97100,Dow Jones News Service,1015,0
78,NKE,78,20110624,1336,Nike Started At Buy By ISI Group,Dow Jones International News,1015,0
79,NKE,79,20110624,1545,Nike Inc (NKE) Mkt On Close Buy Imbalance: Shrs 50600,Dow Jones News Service,10,0
80,NKE,80,20110623,1545,MARKET TALK: Go 'Aspirational' In Softlines Retail,Dow Jones News Service,10,0
81,NKE,81,20110623,1300,MARKET TALK: Go 'Aspirational' In Softlines Retail,Dow Jones News Service,300,0
82,NKE,82,20110622,1545,Nike Started At Buy By WJB Capital,Dow Jones International News,10,0
83,NKE,83,20110622,1826,UPDATE 1-G-III Apparel posts narrower Q1 loss; sees weak Q2,Reuters News,277,0
84,NKE,84,20110620,2423,Nike Inc (NKE) Mkt On Close Sell Imbalance: Shrs 58600,Dow Jones News Service,1383,0
85,NKE,85,20110620,2423,"MARKET TALK: Use Foot Locker, Dick's As Nike Beneficiaries",Dow Jones News Service,145,0
86,NKE,86,20110617,1233,"MARKET TALK: Use Foot Locker, Dick's As Nike Beneficiaries",Dow Jones News Service,235,0
87,NKE,87,20110617,1545,Nike Tries to Enter The Niche Sports It Has Missed,The New York Times,10,0
88,NKE,88,20110616,1642,Nike Inc (NKE) Mkt On Close Sell Imbalance: Shrs 53600,Dow Jones News Service,14,0
89,NKE,89,20110615,1641,Adidas eyes Olympics to take Nike's UK crown,Reuters News,266,0
90,NKE,90,20110615,955,Three Li Ning Executives Leave,The Wall Street Journal Online,800,0
91,NKE,91,20110615,1628,Three Li Ning Executives Step Down,The Wall Street Journal Asia,309,0
92,NKE,92,20110614,1545,Nike Inc (NKE) Mkt On Close Buy Imbalance: Shrs 101900,Dow Jones News Service,10,0
93,NKE,93,20110614,930,"NIKE, Inc. Announces Leadership Changes At Umbro, Converse And Hurley",Dow Jones News Service,1348,0
94,NKE,94,20110610,1545,UPDATE 1-Foot Locker Q1 sprints past Street on demand for running shoes,Reuters News,10,0
95,NKE,95,20110609,931,UPDATE 1-Nike shakes up affiliates as Umbro leader retires,Reuters News,439,0
96,NKE,96,20110609,1545,=DJ Two Sigma Investments 1Q 13F: Hldgs As Of Mar 31,Dow Jones Institutional News,10,0
97,NKE,97,20110608,844,=DJ Caxton Associates LP 1Q 13F: Hldgs As Of Mar 31,Dow Jones Institutional News,7,0
98,NKE,98,20110608,1545,"MARKET TALK: Growth Of Running Shoes A Marathon, Not A Sprint",Dow Jones News Service,10,0
99,NKE,99,20110608,2431,"MARKET TALK: Growth Of Running Shoes A Marathon, Not A Sprint",Dow Jones News Service,1303,0
100,NKE,100,20110608,2431,"Nike, Inc. Declares $0.31 Quarterly Dividend",Reuters Significant Developments,142,0
