,Ticker,Index,Date,Time,Headline,Source,NumWords,missing
1,NKE,1,20100630,1545,Nike Inc (NKE) Mkt On Close Sell Imbalance: Shrs 142900,Dow Jones News Service,10,0
2,NKE,2,20100629,601,Nike Inc Files 8K - Operations And Financial Condition,Dow Jones Corporate Filings Alert,157,0
3,NKE,3,20100628,1545,Nike Inc (NKE) Mkt On Close Sell Imbalance: Shrs 56100,Dow Jones News Service,10,0
4,NKE,4,20100628,902,"PRICE TARGET CHANGES: FRIEDMAN, BILLINGS & RAMSEY",Dow Jones News Service,104,0
5,NKE,5,20100628,NA,"Will Earnings Surprise the Bears? With Companies Optimistic About Second-Quarter Numbers, Battered Stocks Have Room to Rise",The Wall Street Journal Online,1021,0
6,NKE,6,20100625,1008,"Large Trades Made by Insiders in Coca-Cola, Nike, Host Hotels & Resorts, Bed Bath & Beyond, Discover Financial Services, & Mattel; Reported by Insiderslab.com",PR Newswire Asia,678,0
7,NKE,7,20100625,1000,Nike Inc (NKE) Mkt On Close Sell Imbalance: Shrs 239200,Dow Jones News Service,704,0
8,NKE,8,20100625,1545,"Large Stock Focus: Darden, Macy's Fall; Bank Stocks Decline",The Wall Street Journal,10,0
9,NKE,9,20100625,NA,"U.S. financial overhaul, Greek bonds hit banks",The Wall Street Journal Asia,665,0
10,NKE,10,20100625,NA,"Perry Ellis, PolyOne, Sotheby's Drop",The Wall Street Journal Online,461,0
11,NKE,11,20100625,NA,"Darden, Macy's Fall; Bank Stocks Decline",The Wall Street Journal Online,744,0
12,NKE,12,20100625,NA,Corporate News: Nike's Quarterly Profit Jumps 53%,The Wall Street Journal,882,0
13,NKE,13,20100624,NA,STOCKS NEWS ASIA-Shares to falter on economic gloom,Reuters News,460,0
14,NKE,14,20100623,1718,US STOCKS-Market sinks on fragile recovery fears,Reuters News,481,0
15,NKE,15,20100623,1638,Nike's Quarterly Profit Jumps 53%,The Wall Street Journal Online,475,0
16,NKE,16,20100623,1653,MARKET SNAPSHOT: Stocks Close Near Intraday Lows; S&P Down 4th Day,Dow Jones Global News Select,475,0
17,NKE,17,20100624,1841,"MARKET SNAPSHOT: Stocks Hit By Bank-capital Deal, Retail Outlook",Dow Jones Global News Select,485,0
18,NKE,18,20100624,720,"MARKET SNAPSHOT: Stocks Drop On Bank-capital Deal, Retail Outlook",Dow Jones Global News Select,849,0
19,NKE,19,20100624,NA,MARKET TALK: Adidas Shares Drop After Nike 4Q Data,Dow Jones International News,461,0
20,NKE,20,20100624,1700,DJ Hot Stocks: NKE,Dow Jones Chinese Financial Wire,679,0
21,NKE,21,20100624,1543,DJ US Stock Futures Lower Ahead Of Jobless Claims,Dow Jones Chinese Financial Wire,774,0
22,NKE,22,20100624,1440,US HOT STOCKS: Oracle Active In Late Trading,Dow Jones News Service,641,0
23,NKE,23,20100624,1316,Nike Inc (NKE) Mkt On Close Buy Imbalance: Shrs 59200,Dow Jones News Service,621,0
24,NKE,24,20100624,2415,"Retail Stocks Lower As Cautious Views, Macro Concerns Weigh",Dow Jones News Service,723,0
25,NKE,25,20100624,810,MARKET TALK: Nike Investors Unsettled By Margin Pressure View,Dow Jones News Service,126,0
26,NKE,26,20100624,1407,MARKET TALK: Nike Investors Unsettled By Margin Pressure View,Dow Jones News Service,62,0
27,NKE,27,20100624,1105,"US HOT STOCKS: Bed Bath & Beyond, Pfizer, Hasbro, Nike",Dow Jones News Service,62,0
28,NKE,28,20100624,853,"MARKET TALK: Higher Costs, Forex Seen As Headwinds For Nike",Dow Jones News Service,67,0
29,NKE,29,20100624,743,"MARKET TALK: Higher Costs, Forex Seen As Headwinds For Nike",Dow Jones News Service,371,0
30,NKE,30,20100624,552,BEFORE THE BELL:US Stock Futures Lower On Economic Worries,Dow Jones News Service,373,0
31,NKE,31,20100624,1657,"Nike's Profit Rises 53%, But It Misses Forecasts",The New York Times,1906,0
32,NKE,32,20100624,1314,"UPDATE 3-Nike profit matches view, sees pressure ahead",Reuters News,1740,0
33,NKE,33,20100624,1545,AFTER THE BELL-Nike shares fall after Q4 results,Reuters News,10,0
34,NKE,34,20100624,1418,Ahead of the Tape,The Wall Street Journal,573,0
35,NKE,35,20100624,1136,Nike Inc Files 8K - Operations And Financial Condition,Dow Jones Corporate Filings Alert,1364,0
36,NKE,36,20100624,1136,DJ US HOT STOCKS: NKE,Dow Jones Chinese Financial Wire,139,0
37,NKE,37,20100624,1039,UPDATE: Nike 4Q Jumps 53% But Revenue Disappoints,Dow Jones News Service,1476,0
38,NKE,38,20100624,741,"Nike, Inc. Comments On Q1 2011 Revenue Guidance; Issues FY 2011 Revenue Guidance Below Analysts' Estimates-Conference Call",Reuters Significant Developments,288,0
39,NKE,39,20100624,741,Thinking of Buying Nike Shares? Just Do It,The Wall Street Journal Online,147,0
40,NKE,40,20100624,741,"US HOT STOCKS: Herman Miller, Paychex Active In Late Trading",Dow Jones News Service,1334,0
41,NKE,41,20100624,NA,"MARKET TALK: Nike Shares Fall After Hours, Top Line Miss",Dow Jones News Service,335,0
42,NKE,42,20100623,1703,"MARKET TALK: Nike Shares Fall After Hours, Top Line Miss",Dow Jones News Service,566,0
43,NKE,43,20100623,1624,Nike Inc (NKE) Mkt On Close Buy Imbalance: Shrs 56400,Dow Jones News Service,61,0
44,NKE,44,20100623,NA,BEFORE THE BELL: US Stock Futures Climb Before Fed Decision,Dow Jones News Service,412,0
45,NKE,45,20100623,1620,"STOCKS NEWS EUROPE- Euro zone PMIs, Fed decision on Wed",Reuters News,150,0
46,NKE,46,20100623,1718,"MARKET TALK: Nike's Forex, Product Cost Will Be A Focus",Dow Jones News Service,68,0
47,NKE,47,20100623,1845,"MARKET TALK: Nike's Forex, Product Cost Will Be A Focus",Dow Jones News Service,662,0
48,NKE,48,20100623,1900,Retailers' New Frontier Goes Beyond BRIC Countries,Dow Jones News Service,662,0
49,NKE,49,20100623,NA,Nike aims to lift World Cup and sales,Financial Times,100,0
50,NKE,50,20100623,NA,Soccer-Related Spots Score With Consumers; Diversity of U.S. Audience for Sport Makes World Cup a Big Draw for Many TV Advertisers,The Wall Street Journal Online,411,0
51,NKE,51,20100623,1649,Adidas Sees Strong Soccer Sales,The Wall Street Journal Online,2181,0
52,NKE,52,20100623,1646,"MARKET TALK: China, Emerging Markets Will Be Key In Nike F4Q",Dow Jones News Service,1208,0
53,NKE,53,20100623,1646,"MARKET TALK: China, Emerging Markets Will Be Key In Nike F4Q",Dow Jones News Service,151,0
54,NKE,54,20100623,1545,MARKET TALK: Will Nike Remain Range-Bound?,Dow Jones News Service,10,0
55,NKE,55,20100623,751,MARKET TALK: Will Nike Remain Range-Bound?,Dow Jones News Service,1268,0
56,NKE,56,20100623,558,"Seven Summits Research Releases Comments on Apple, Walgreen, Adobe, Nike and Jabil",PR Newswire (U.S.),1070,0
57,NKE,57,20100622,952,WSJ: Soccer-Related Spots Score With Consumers,Dow Jones News Service,87,0
58,NKE,58,20100622,1531,MARKET SNAPSHOT: Stocks May Track Historical Or Technical Trends,Dow Jones Global News Select,1279,0
59,NKE,59,20100622,1531,Marketers dribble near FIFA at World Cup,The Wall Street Journal Asia,135,0
60,NKE,60,20100621,1440,"US EQUITIES WEEK AHEAD: Fed, G-20 Meetings; May Home Sales Data",Dow Jones News Service,590,0
61,NKE,61,20100621,NA,A Handbag That Will Go Anywhere; Fashion reporter Teri Agins answers readers' questions,The Wall Street Journal Online,286,0
62,NKE,62,20100621,NA,"Who's Winning the World Cup? Online, It's Nike",WSJ Blogs,866,1
63,NKE,63,20100621,1051,"Forget Teams, Nike May Be Big Winner Of World Cup",Dow Jones News Service,241,0
64,NKE,64,20100621,1506,"Yue Yuen Industrial 1st Half Net Profit US$210.8 Million, Down 3.2%",Dow Jones Business News,1359,0
65,NKE,65,20100621,1506,Unofficial World Cup ads grab the lead; MEDIA,Financial Times,107,0
66,NKE,66,20100621,2417,SOCCER-WORLD-Ambush marketing gives Nike leg up for World Cup,Reuters News,1237,0
67,NKE,67,20100621,2417,Football battle between Nike and Adidas intensifies off pitch,Financial Times,119,0
68,NKE,68,20100621,931,US HOT STOCKS: Questcor Pharma Active In Late Trading,Dow Jones News Service,399,0
69,NKE,69,20100620,2003,MARKET TALK: Shoe Stocks Run Higher,Dow Jones News Service,890,0
70,NKE,70,20100619,1205,MARKET TALK: Shoe Stocks Run Higher,Dow Jones News Service,988,0
71,NKE,71,20100618,NA,Nike Inc (NKE) Mkt On Close Sell Imbalance: Shrs 54800,Dow Jones News Service,862,0
72,NKE,72,20100617,NA,"Corporate News: Nike plays on Umbro brand's revival --- As World Cup nears, the soccer-shirt maker hopes to find a broader audience on t...",The Wall Street Journal Asia,875,0
73,NKE,73,20100617,NA,Nike plays on Umbro revival --- Sports giant hopes to find bigger audience for faded brand on back of England's team,The Wall Street Journal Europe,851,0
74,NKE,74,20100618,1433,Nike Inc (NKE) Mkt On Close Sell Imbalance: Shrs 59300,Dow Jones News Service,1036,0
75,NKE,75,20100617,NA,Nike Plays on Umbro's Revival; Soccer-Shirt Maker Hopes to Find Bigger Audience on Back of England's Team,The Wall Street Journal Online,320,0
76,NKE,76,20100617,1705,Nike Removed From Top Picks Live List By Citi,Dow Jones News Service,496,0
77,NKE,77,20100617,1135,Polar and Nike Introduce Heart Rate Training to Millions of Nike+ Runners,PR Newswire (U.S.),764,0
78,NKE,78,20100615,2421,Corporate News: Advertising: Electronic Arts ads lighten up on Tiger Woods,The Wall Street Journal Asia,167,0
79,NKE,79,20100615,2400,EA Ads Lighten Up on Tiger Woods,The Wall Street Journal Online,163,0
80,NKE,80,20100612,NA,HTC Profile On The Rise As Smartphones Enjoy Flagship Status,Dow Jones Business News,470,0
81,NKE,81,20100611,1308,Nike Inc (NKE) Mkt On Close Sell Imbalance: Shrs 115600,Dow Jones News Service,663,0
82,NKE,82,20100611,2407,Nike Sportswear and The FADER Present Pitch Perfect: A Global Celebration of the Culture Surrounding Football and South Africa,PR Newswire Europe,660,0
83,NKE,83,20100611,1410,WSJ: EA Advertisements Lighten Up On Tiger Woods,Dow Jones News Service,678,0
84,NKE,84,20100611,NA,Nike Inc (NKE) Mkt On Close Buy Imbalance: Shrs 82900,Dow Jones News Service,645,0
85,NKE,85,20100610,NA,"Protobrand 25 Ranks ESPN, GE, and Dunkin' Donuts as New England's Most Powerful Brands for 2010; New National Study Reveals Top New England...",PR Newswire (U.S.),641,0
86,NKE,86,20100611,1656,"Critical Alerts for Potash Corp. of Saskatchewan, DIRECTV, AK Steel, Nike, and Celgene Released by Seven Summits Research",PR Newswire (U.S.),2352,0
87,NKE,87,20100611,1315,Nike Raised To Buy From Hold By Argus - Briefing.com,Dow Jones International News,2285,0
88,NKE,88,20100611,2426,"RPT-ANALYSIS-In rush to outlets, U.S. retailers tread fine line",Reuters News,1297,0
89,NKE,89,20100611,2426,Nike Inc (NKE) Mkt On Close Sell Imbalance: Shrs 53600,Dow Jones News Service,130,0
90,NKE,90,20100610,1545,"Treme Neighborhood School Goes Solar With Entergy, Nike, Winrock International, U.S. Green Building Council Partnership, City of New Orleans",PR Newswire (U.S.),10,0
91,NKE,91,20100609,NA,UPDATE 1-Nike promotes branding exec to emerging markets job,Reuters News,621,0
92,NKE,92,20100607,NA,"Mad Men, Meet the Dumbo Crew",The Wall Street Journal Online,747,0
93,NKE,93,20100608,NA,"NIKE, Inc. Announces Strategic Management Changes",Dow Jones News Service,829,0
94,NKE,94,20100606,2016,Nike Inc (NKE) Mkt On Close Buy Imbalance: Shrs 728000,Dow Jones News Service,810,0
95,NKE,95,20100608,1545,A Facebook Goal for Nike Football,NYT Blogs,10,0
96,NKE,96,20100607,NA,Nike Inc (NKE) Mkt On Close Buy Imbalance: Shrs 1029100,Dow Jones News Service,811,0
97,NKE,97,20100607,1000,FOCUS: Hanesbrands Takes On Everest To Win Over Customers,Dow Jones News Service,140,0
98,NKE,98,20100607,937,Nike Inc (NKE) Mkt On Close Buy Imbalance: Shrs 737800,Dow Jones News Service,950,0
99,NKE,99,20100604,NA,Reebok Redeems Adidas With 'Sculpting' Sneaker,The Wall Street Journal Online,434,0
100,NKE,100,20100603,NA,Nike Inc (NKE) Mkt On Close Buy Imbalance: Shrs 463600,Dow Jones News Service,430,0
