,Ticker,Index,Date,Time,Headline,Source,NumWords,missing
1,NKE,1,20140331,NA,All the Rage | Just Wear It,NYT Blogs,119,0
2,NKE,2,20140331,930,"Alcoa, Nike, FedEx and Oracle are part of Zacks Earnings Preview:",PR Newswire (U.S.),1006,0
3,NKE,3,20140327,930,"Let's get physical! Cheyenne Tozzi, Laura Dundovic and Carissa Walford take exercising in their stride as they prepare for Nike She Runs event",Mail Online,913,0
4,NKE,4,20140317,930,"Financial Results, Stock Movement, Management Changes, and New Partnership - Analyst Notes on Nike, Coach, Iconix Brand, Steven Madden, and Vera Bradley",PR Newswire (U.S.),1035,0
5,NKE,5,20140330,2359,"Bright schoolgirl, 15, 'accidentally shot dead as she dropped off £100 Nike trainers at her boyfriend's birthday party'",Mail Online,258,0
6,NKE,6,20140328,800,Nike Sales Leap 13% on Broad Growth,Dow Jones Newswires Chinese (English),1443,0
7,NKE,7,20140319,801,"Sales Surging Ahead of World Cup, Nike Posts a Higher Profit",NYTimes.com Feed,1285,0
8,NKE,8,20140324,1025,Nike FX Headwinds Send Shares Lower -- Market Talk,Dow Jones Institutional News,1057,0
9,NKE,9,20140320,2010,Nike FX Headwinds Send Shares Lower -- Market Talk,Dow Jones Institutional News,412,0
10,NKE,10,20140320,1731,Nike Loses A Top Runner To Upstart,Dow Jones Institutional News,412,0
11,NKE,11,20140320,1856,Nike Inc gives Q4 2014 revenue guidance; gives FY 2014 revenue guidance below analysts' estimates; gives FY 2015 EPS guidance - Conference Call,Reuters Significant Developments,466,0
12,NKE,12,20140320,1841,Morning MoneyBeat: Janet Yellen Goes Off Script -- WSJ Blog,Dow Jones Institutional News,466,0
13,NKE,13,20140320,1633,Morning MoneyBeat: Janet Yellen Goes Off Script -- WSJ Blog,Dow Jones Institutional News,408,0
14,NKE,14,20140321,NA,Nike shares slip on 2015 growth forecast,Financial Times (FT.Com),177,0
15,NKE,15,20140321,NA,Nike 3Q Cont Ops EPS 76c >NKE,Dow Jones Newswires Chinese (English),179,0
16,NKE,16,20140321,736,Nike 3Q Cont Ops EPS 76c >NKE,Dow Jones Newswires German,112,0
17,NKE,17,20140321,736,Nike Sales Leap 13% on Broad Growth,Dow Jones Top North American Equities Stories,1027,0
18,NKE,18,20140320,2009,"American Marathoner Kara Goucher Leaves Nike, Signs With Seattle Start-Up Oiselle -- Update",Dow Jones Institutional News,580,0
19,NKE,19,20140321,NA,Nike Results Send Shares to New Heights -- Market Talk,Dow Jones Institutional News,583,0
20,NKE,20,20140321,NA,Nike Results Send Shares to New Heights -- Market Talk,Dow Jones Institutional News,116,0
21,NKE,21,20140320,603,Ahead of the Tape,The Wall Street Journal,1461,0
22,NKE,22,20140320,912,"BRIEF-NIKE CFO says forex will hit EPS growth for Q4, fiscal 2015",Reuters News,1461,0
23,NKE,23,20140320,1911,"UPDATE 2-Nike warns FX fluctuations to slam profit, expects weak China sales",Reuters News,503,0
24,NKE,24,20140320,1615,Nike profit rises; future orders soar 14 percent,Reuters News,27,0
25,NKE,25,20140320,1615,"American Marathoner Kara Goucher Leaves Nike, Signs With Seattle Startup Oiselle; Quarterly Earnings Rise on Strong Global Demand",The Wall Street Journal Online,95,0
26,NKE,26,20140320,1646,UPDATE 2-China sportswear makers talk up recovery from Beijing Olympics binge,Reuters News,436,0
27,NKE,27,20140320,1646,Kolorful Kloss: Karlie stuns in green dress for NYC gala after modeling hot pink attire at Nike shoot,Mail Online,436,0
28,NKE,28,20140320,1842,Foot Locker Keeps Up Sales Growth Trend,Dow Jones Top North American Equities Stories,755,0
29,NKE,29,20140320,1637,"Financial Results and Reports, New Company Appointee, and Stock Price Movement - Analyst Notes on Nike, Ralph Lauren, Hanesbrands, Steve Madden, and Wolverine",PR Newswire (U.S.),1466,0
30,NKE,30,20140320,1637,Kristen Stewart 'offered Nike endorsement deal' after wearing trainers on the red carpet,Mail Online,129,0
31,NKE,31,20140320,NA,The Monitored Man,NYT Blogs,413,0
32,NKE,32,20140320,1141,Adidas and Nike battle for soccer supremacy in World Cup year,Reuters News,398,0
33,NKE,33,20140320,1446,United to be handed £600m boost by signing new 10 year kit deal with Nike,Mail Online,398,0
34,NKE,34,20140319,2457,"Inside a Nike Family Feud --- Salazar, Schumacher Train Rival Groups on Company Campus",The Wall Street Journal,397,0
35,NKE,35,20140319,1639,Cressida Bonas is casual but cool in sequinned Converse trainers as she and Princess Beatrice support Prince Harry at charity event ,Mail Online,414,0
36,NKE,36,20140320,1757,"Inside a Nike Family Feud; Salazar, Schumacher Train Rival Groups on Company Campus",The Wall Street Journal Online,106,0
37,NKE,37,20140320,1858,Converse Announces Next Three Artists. One Song Track,PR Newswire (U.S.),480,0
38,NKE,38,20140320,1630,"Critical Alerts For United Health, Sysco, Nike, Consolidated Edison, and Myriad Genetics Released By InvestorsObserver",PR Newswire (U.S.),139,0
39,NKE,39,20140320,1442,"The Zacks Analyst Blog Highlights: Nike, Pixelworks, iShares Biotech Index ETF, ABB and Intel",PR Newswire (U.S.),749,0
40,NKE,40,20140317,436,Foot Locker Keeps Up Sales Growth Trend -- Update,Dow Jones Institutional News,757,0
41,NKE,41,20140316,1700,Adidas and Nike go toe to toe in World Cup battle as they release new SOCK football boots,Mail Online,638,0
42,NKE,42,20140313,1627,"YOURS FOR £230, NIKE'S ECHO OF SIR STANLEY",Daily Mail,388,0
43,NKE,43,20140311,821,Manziel signs with Nike,Reuters News,170,0
44,NKE,44,20140307,329,"Press Release: NIKE, Inc. Announces Third Quarter Fiscal 2014 Earnings and Conference Call",Dow Jones Institutional News,263,0
45,NKE,45,20140307,728,Press Release: NIKE Changes Football Boots Forever With New Magista,Dow Jones Institutional News,170,0
46,NKE,46,20140311,1117,Adidas and Nike go toe to toe in World Cup battle as they release new SOCK football boots,Mail Online,1223,0
47,NKE,47,20140310,1327,Pistorius Neighbor: 'Bloodcurdling Screams' the Night of Killing; Olympian Pleads Not Guilty to Murdering Girlfriend Reeva Steenkamp,The Wall Street Journal Online,293,0
48,NKE,48,20140310,1314,NIKE WANT STERLING AS BRAZIL POSTER BOY,Daily Mail,289,0
49,NKE,49,20140310,2443,"DJ NIKE Inc Class B, Inst Holders, 4Q 2013 (NKE)",Dow Jones Institutional News,266,0
50,NKE,50,20140310,2422,Converse Returns To Austin To Unleash The Creative Spirit,PR Newswire (U.S.),265,0
51,NKE,51,20140310,NA,Press Release: Vivint Taps Nike Veteran Jeff Lyman for Chief Marketing Officer,Dow Jones Institutional News,1445,0
52,NKE,52,20140310,946,Huawei's Answer to FuelBand and Fitbit -- WSJ Blog,Dow Jones Newswires Chinese (English),890,0
53,NKE,53,20140309,1003,UPDATE 2-Puma hopes top signings will stop sales slump in 2014,Reuters News,231,0
54,NKE,54,20140308,NA,The night on the town that's fun AND will get you fit... Nike's all female We Own The Night 10k returns,Mail Online,689,0
55,NKE,55,20140307,1841,Press Release: NIKE Announces Anthony Watson as New Chief Information Officer,Dow Jones Institutional News,693,0
56,NKE,56,20140307,1642,Rory's Year,Dow Jones Institutional News,567,0
57,NKE,57,20140307,907,Nike Back To The Future Trainers 'Out In 2015',Dow Jones Institutional News,563,0
58,NKE,58,20140307,1425,"Back to the Future becomes a reality (well, sort of...): Nike to sell Marty McFly's self-tying Power Laces in 2015",Mail Online,702,0
59,NKE,59,20140307,2419,Nike Inc declares $0.24 quarterly dividend,Reuters Significant Developments,525,0
60,NKE,60,20140307,931,Nike Started at Buy by Nomura >NKE,Dow Jones Newswires Chinese (English),372,0
61,NKE,61,20140307,930,Nike Started at Buy by Nomura >NKE,Dow Jones Newswires German,2226,0
62,NKE,62,20140307,829,Press Release: NIKE Declares $0.24 Quarterly Dividend,Dow Jones Institutional News,345,0
63,NKE,63,20140307,728,"Nike sells out of long-promised $245 Kanye West-designed sneakers in 11 MINUTES: Hawkers immediately put them on eBay for $7,500",Mail Online,285,0
64,NKE,64,20140307,211,"'Nike Air Yeezy 2′ Surprises Kanye West Fans, Sells Out Quickly",WSJ Blogs,1687,1
65,NKE,65,20140306,943,Nike join forces with Brazil teams to create unique yellow third kits in support of national team's 2014 World Cup campaign,Mail Online,1185,0
66,NKE,66,20140306,940,Under Armour Not Just Lifting Its Own Stock -- Market Talk,Dow Jones Institutional News,1686,0
67,NKE,67,20140306,848,"3M, Exxon Mobil, Boeing Skip DJIA's Rebound Rally -- Market Talk",Dow Jones Institutional News,1186,0
68,NKE,68,20140306,841,Under Armour Not Just Lifting Its Own Stock -- Market Talk,Dow Jones Institutional News,1186,0
69,NKE,69,20140306,830,EXCLUSIVE: Sportswear giants Nike and adidas battle it out for United's mega £70m-a-year kit deal,Mail Online,1105,0
70,NKE,70,20140306,821,Puma replaces Nike with five-year Arsenal kit deal; TRAVEL & LEISURE,Financial Times,871,0
71,NKE,71,20140307,NA,Man Utd broadens kit supply talks beyond Nike,Reuters News,288,0
72,NKE,72,20140306,2049,"Critical Alerts For Amazon, Ciena, Paychex, Sysco, and Nike Released By InvestorsObserver",PR Newswire (U.S.),187,0
73,NKE,73,20140306,1616,UPDATE 1-Soccer-Germany's Puma ousts Nike as Arsenal kit supplier,Reuters News,284,0
74,NKE,74,20140306,834,Soccer-Germany's Puma ousts Nike as Arsenal kit supplier,Reuters News,568,0
75,NKE,75,20140306,748,Puma to Outfit Arsenal Football Club; Deal Part of Bid to Revitalize Sportswear Brand,The Wall Street Journal Online,581,0
76,NKE,76,20140306,745,*S&P Raises NIKE Short-Term CCR And CP Rtgs To 'A-1+',Dow Jones Institutional News,581,0
77,NKE,77,20140306,727,ARENA --- Sports -- The Count: Michael Jordan: The Key to Grammy Gold,The Wall Street Journal,597,0
78,NKE,78,20140306,724,Michael Jordan: The Key to Grammy Gold,The Wall Street Journal Online,609,0
79,NKE,79,20140303,634,"The Zacks Analyst Blog Highlights:eBay, Amazon.com, Apple, Nike and Gap",PR Newswire (U.S.),750,0
80,NKE,80,20140301,NA,World News: Garment Brands Confront Cambodia,The Wall Street Journal Europe,434,0
81,NKE,81,20140228,1809,Sexing up the gym! Mena Suvari flashes her metallic bra in all-black Nike ensemble after work out,Mail Online,439,0
82,NKE,82,20140228,955,"Word ""Rafa"" and logo of a bull are seen on Nadal of Spain's pair of Nike shoes as he serves to Kokkinakis of Australia during their men's singles match at Australian Open tennis tournament in Melbourne",Reuters Pictures,658,0
83,NKE,83,20140222,312,Under Armour Hires Chris Gates as CIO,CIO Report,663,1
84,NKE,84,20140227,1100,Sterne Agee Completes its Finish Line Mea Culpa -- Market Talk,Dow Jones Institutional News,1210,0
85,NKE,85,20140226,800,Sterne Agee Completes its Finish Line Mea Culpa -- Market Talk,Dow Jones Institutional News,560,0
86,NKE,86,20140226,800,Pimp sues Nike for $100m because they didn't warn him about dangers of using Air Jordans to stomp on man's face,Mail Online,505,0
87,NKE,87,20140221,912,Kara Goucher Is Looking to Leave Nike,WSJ Blogs,370,1
88,NKE,88,20140220,649,Tishman Digs In on China Office Sector,The Wall Street Journal Asia,730,0
89,NKE,89,20140219,1042,"Zacks Earnings Trends Highlights: Oracle, FedEx, Nike, Bank of America and Chubb",PR Newswire (U.S.),543,0
90,NKE,90,20140218,1615,Adidas names brand chief to take up battle with Nike,Reuters News,386,0
91,NKE,91,20140218,2450,Tishman Speyer Doubles Down on China; New York Developer Bets Big on Office Market Despite Signs of a Cooling Economy,The Wall Street Journal Online,60,0
92,NKE,92,20140217,1348,Apple Opens Store on Alibaba's Tmall,WSJ Blogs,53,1
93,NKE,93,20140217,833,Smartwatches Pop Up All Over CES,Dow Jones Newswires Chinese (English),577,0
94,NKE,94,20140217,806,Smartwatches Pop Up All Over CES,Dow Jones Newswires Chinese (English),586,0
95,NKE,95,20140217,659,UPDATE 1-Customer services provider Convergys to buy Stream Global,Reuters News,583,0
96,NKE,96,20140213,NA,Oops! Kim Kardashian squeezes her famous derrière into NIKE leggings as she heads to Adidas meeting with Kanye West,Mail Online,50,0
97,NKE,97,20140213,822,Small sports shops facing closure after Nike and adidas say they will only supply major outlets,Mail Online,17,0
