,Ticker,Index,Date,Time,Headline,Source,NumWords,missing
1,NKE,1,20130329,844,=DJ CFA Substantial Insider Sales: Morning Report,Dow Jones Institutional News,897,0
2,NKE,2,20130328,1456,Finish Line's Profit Drops 18%,The Wall Street Journal Online,500,0
3,NKE,3,20130328,1143,Nike (NKE) Mkt On Close Buy Imbalance: Shrs 104100,Dow Jones News Service,919,0
4,NKE,4,20130328,746,Nike Resumed at Buy by Goldman Sachs,Dow Jones Global Equities News,873,0
5,NKE,5,20130328,1545,MARKET TALK: Finish Line's Basketball Gains Offset Running Woes,Dow Jones News Service,9,0
6,NKE,6,20130328,812,MARKET TALK: Finish Line's Basketball Gains Offset Running Woes,Dow Jones News Service,7,0
7,NKE,7,20130328,918,"MARKET TALK: Nike, VF Win Goldman Favor Among Athletic Peers",Dow Jones News Service,1352,0
8,NKE,8,20130328,918,"MARKET TALK: Nike, VF Win Goldman Favor Among Athletic Peers",Dow Jones News Service,124,0
9,NKE,9,20130328,849,=DJ CFA Substantial Insider Sales: Morning Report,Dow Jones Institutional News,1400,0
10,NKE,10,20130328,849,PAY EXTRA FOR DIRTY SHOES,Irish Daily Mail,138,0
11,NKE,11,20130327,844,Pushback on Nike Ad Celebrating Woods,The New York Times,807,0
12,NKE,12,20130327,NA,Nike (NKE) Mkt On Close Sell Imbalance: Shrs 239300,Dow Jones News Service,145,0
13,NKE,13,20130325,NA,Nike’s Congratulatory Woods Ad Sends Questionable Message,NYT Blogs,147,0
14,NKE,14,20130324,1838,Li Ning Posts Deeper-Than-Expected Annual Loss,Dow Jones Global Equities News,159,0
15,NKE,15,20130327,NA,Nike (NKE) Mkt On Close Sell Imbalance: Shrs 52300,Dow Jones News Service,534,0
16,NKE,16,20130327,1545,MARKET TALK: US Basketball-Footwear Sales Staying Buoyant,Dow Jones News Service,9,0
17,NKE,17,20130326,NA,MARKET TALK: US Basketball-Footwear Sales Staying Buoyant,Dow Jones News Service,572,0
18,NKE,18,20130326,530,Cyprus-Debt Concerns Ease and Market Rebounds with Help from Strong Corporate Earnings. Nike Shares Soar to a Record,PR Newswire Europe,652,0
19,NKE,19,20130326,1545,Men's Wearhouse Should Sell Worn Out K&G Brand,Dow Jones Top News & Commentary,9,0
20,NKE,20,20130326,952,Nike (NKE) Mkt On Close Buy Imbalance: Shrs 221700,Dow Jones News Service,1383,0
21,NKE,21,20130326,952,All Things Digital: MySpace Hires Two VPs to Prep for Re-Launch,Dow Jones News Service,132,0
22,NKE,22,20130325,945,"Earnings Forecast Trading Report: Oracle, Mondelez International, Tibco Software, NIKE, JPMorgan Chase, and Best Buy",PR Newswire (U.S.),900,0
23,NKE,23,20130325,946,"RPT-Hurting at home, China's Li Ning courts U.S. glitz",Reuters News,894,0
24,NKE,24,20130325,1133,Nike boosted on strong earnings; WALL STREET,Financial Times,796,0
25,NKE,25,20130320,1608,Barron's: The Trader: Is The Market Seeking An Excuse To Correct?,Dow Jones Institutional News,730,0
26,NKE,26,20130320,922,Barron's: The Trader: Is The Market Seeking An Excuse To Correct?,Dow Jones Chinese Financial Wire,781,0
27,NKE,27,20130320,908,Barron's: The Trader: Is The Market Seeking An Excuse To Correct?,Dow Jones Newswires Chinese (English),762,0
28,NKE,28,20130325,1545,DJ U.S. Stock Futures Flat; Cyprus Races to Secure Rescue,Dow Jones Institutional News,9,0
29,NKE,29,20130325,1503,"WSJ BLOG: Stocks to Watch: Nike, Tiffany, Tibco Software, Tiffany,",Dow Jones News Service,130,0
30,NKE,30,20130325,901,Nike given spring in its step despite China sales slump; personal goods,Financial Times,543,0
31,NKE,31,20130324,1646,Nike soars but China sales remain its Achilles heel,Financial Times,1235,0
32,NKE,32,20130323,2104,Bangladesh Instability May Derail Its Textile Boon,Dow Jones Top Global Market Stories,1222,0
33,NKE,33,20130323,NA,DJ US HOT STOCKS: NKE,Dow Jones Chinese Financial Wire,643,0
34,NKE,34,20130323,NA,DJ US HOT STOCKS TO WATCH: NKE,Dow Jones Chinese Financial Wire,770,0
35,NKE,35,20130323,1208,NYSE Net Change Percentage Gainers & Losers,Dow Jones News Service,2106,0
36,NKE,36,20130323,221,Nike (NKE) Mkt On Close Sell Imbalance: Shrs 124100,Dow Jones News Service,1785,0
37,NKE,37,20130323,222,"U.S. HOT STOCKS: Nike, Micron Technology, Tibco Software, Mondelez",Dow Jones News Service,1784,0
38,NKE,38,20130322,620,MARKET TALK: Athletic Stocks Jump Amid Nike-Led Drive,Dow Jones News Service,1710,0
39,NKE,39,20130322,620,MARKET TALK: Athletic Stocks Jump Amid Nike-Led Drive,Dow Jones News Service,1681,0
40,NKE,40,20130322,859,"WSJ BLOG: Forty-Five Seconds Over Wall Street, AM",Dow Jones News Service,688,0
41,NKE,41,20130322,859,"Nike Profit Rises, Despite Weak China Sales",NYTimes.com Feed,697,0
42,NKE,42,20130322,859,"MARKET PULSE-Tiffany, Tibco Software, Nike, Micron, Avid",Reuters News,645,0
43,NKE,43,20130322,NA,"MARKET PULSE-Tiffany, Tibco Software, Nike, Halozyme, BlackBerry",Reuters News,434,0
44,NKE,44,20130322,NA,"MARKET PULSE-Tiffany, Tibco Software, Nike",Reuters News,231,0
45,NKE,45,20130322,1429,"MARKET PULSE-Tiffany, Tibco Software, Nike, Monster Beverage",Reuters News,1502,0
46,NKE,46,20130322,NA,"MARKET PULSE-Tiffany, Tibco Software, Nike, Monster Beverage",Reuters News,1196,0
47,NKE,47,20130321,1934,"MARKET PULSE-Tibco Software, Tech Data, Nike, Monster Beverage",Reuters News,1500,0
48,NKE,48,20130321,1421,"Nike's Profit Leaps 55%; Company Turns In Strong Future Orders, Breaks Declining Streak in Gross Margins",The Wall Street Journal Online,1511,0
49,NKE,49,20130322,1037,News Highlights: Top Equities Stories of the Day,Dow Jones Global Equities News,156,0
50,NKE,50,20130322,643,Nike Inc Comments On FY 2014 Guidance-Conference Call,Reuters Significant Developments,80,0
51,NKE,51,20130321,1808,"U.S. RESEARCH ROUNDUP: Micron, KB Home, Tibco, Nike, Family Dollar",Reuters News,78,0
52,NKE,52,20130322,1734,World News: Bangladesh Riots Threaten Its Boom,The Wall Street Journal,295,0
53,NKE,53,20130322,1545,Nike sprints past expectations,Financial Times (FT.Com),9,0
54,NKE,54,20130322,1346,*DJ Nike 4th-Quarter Sales Expected to Rise at Mid Single-Digit Rate,Dow Jones Chinese Financial Wire,1227,0
55,NKE,55,20130322,1034,*DJ Nike Shares Rise 5.9% After Hours,Dow Jones Chinese Financial Wire,952,0
56,NKE,56,20130322,1013,*DJ Nike 3Q Rev $6.2B NKE,Dow Jones Chinese Financial Wire,1449,0
57,NKE,57,20130322,1013,*DJ Nike 3Q Net $866M NKE,Dow Jones Chinese Financial Wire,111,0
58,NKE,58,20130322,921,"Coach, Nike, Crocs, and Deckers Outdoor Under StockCall's Microscope",PR Newswire (U.S.),130,0
59,NKE,59,20130322,NA,"Men's Wearhouse: Limited Downside, Potential Upside",Dow Jones Top North American Equities Stories,481,0
60,NKE,60,20130322,NA,"UPDATE: Nike Third-Quarter Profit Jumps 55%, Shares Rise",Dow Jones Global News Select,481,0
61,NKE,61,20130322,1413,"Nike 3rd-Quarter Profit Jumps 55%, Shares Rise",Dow Jones Global News Select,1639,0
62,NKE,62,20130322,1314,MARKET TALK: Nike Still Views China as a Work in Progress,Dow Jones News Service,1557,0
63,NKE,63,20130322,2403,MARKET TALK: Nike Still Views China as a Work in Progress,Dow Jones News Service,1358,0
64,NKE,64,20130322,1042,"US HOT STOCKS: Nike, Tech Data, Micron Active in Late Trading",Dow Jones News Service,1178,0
65,NKE,65,20130322,946,MARKET TALK: Nike Maintains Enviable Running Stride,Dow Jones News Service,697,0
66,NKE,66,20130322,906,MARKET TALK: Nike Ends Two-Year Streak of Margin Declines,Dow Jones News Service,1057,0
67,NKE,67,20130322,804,MARKET TALK: Nike Ends Two-Year Streak of Margin Declines,Dow Jones News Service,788,0
68,NKE,68,20130322,648,MARKET TALK: Nike Future Orders Best Olympic Comparison,Dow Jones News Service,618,0
69,NKE,69,20130321,2013,MARKET TALK: Nike's China Results Remain a Bit Choppy,Dow Jones News Service,776,0
70,NKE,70,20130322,NA,MARKET TALK: Nike's China Results Remain a Bit Choppy,Dow Jones News Service,583,0
71,NKE,71,20130321,1654,Nike 3Q Worldwide Futures Orders Up 6%,Dow Jones News Service,557,0
72,NKE,72,20130321,1654,Nike (NKE) Mkt On Close Buy Imbalance: Shrs 671500,Dow Jones News Service,557,0
73,NKE,73,20130321,1935,WSJ BLOG: Morning MarketBeat: Bernanke Not Impressed by Rally He Helped Build,Dow Jones News Service,859,0
74,NKE,74,20130321,1641,Analyst Estimates for U.S. Earnings Thursday,Dow Jones News Service,799,0
75,NKE,75,20130321,1737,"UPDATE 4-Nike profit tops Wall Street estimates, shares rise",Reuters News,860,0
76,NKE,76,20130321,2100,BRIEF-Nike shares up 5.2 pct after the bell,Reuters News,231,0
77,NKE,77,20130322,NA,WSJ BLOG: Microsoft Taps Popular China Shopping Site,Dow Jones Chinese Financial Wire,84,0
78,NKE,78,20130322,1540,Nike (NKE) Mkt On Close Buy Imbalance: Shrs 91800,Dow Jones News Service,1543,0
79,NKE,79,20130322,NA,"Sustaining Growth: New Product Innovations - Research Report on Nike, Mohawk Industries Fossil, Sony and Wabash National",PR Newswire (U.S.),723,0
80,NKE,80,20130321,NA,Corporate News -- The Week Ahead: Nike's Running Shoes May Tell Industry Tale,The Wall Street Journal Asia,253,0
81,NKE,81,20130321,1741,"Skullcandy Names Nike's Hoby Darling to CEO, President Posts",Dow Jones Top North American Equities Stories,36,0
82,NKE,82,20130321,1740,Williams-Sonoma 4th-Quarter Profit Rose 9.1%,Dow Jones Top News & Commentary,37,0
83,NKE,83,20130321,1617,DJ US HOT STOCKS TO WATCH: SKUL NKE,Dow Jones Chinese Financial Wire,31,0
84,NKE,84,20130321,1617,"U.S. HOT STOCKS: Williams-Sonoma, Adobe, Francesca's, Active in Late Trading",Dow Jones News Service,25,0
85,NKE,85,20130321,1615,MARKET TALK: A Lot to Ponder When Nike Reports Thursday,Dow Jones News Service,19,0
86,NKE,86,20130321,1615,MARKET TALK: A Lot to Ponder When Nike Reports Thursday,Dow Jones News Service,14,0
87,NKE,87,20130321,1037,WSJ BLOG: Why Samsung Might Be Testing a Digital 'Smart Watch',Dow Jones News Service,688,0
88,NKE,88,20130321,638,"U.S. HOT STOCKS: Hospitality Properties, Juniper Networks, Skullcandy -2-",Dow Jones News Service,770,0
89,NKE,89,20130321,1731,"WSJ BLOG: Stocks to Watch: AmerisourceBergen, EA, Lululemon",Dow Jones News Service,616,0
90,NKE,90,20130321,1715,MARKET TALK: New Skullcandy CEO Has Right Experiences for Co,Dow Jones News Service,598,0
91,NKE,91,20130321,1641,MARKET TALK: New Skullcandy CEO Has Right Experiences for Co,Dow Jones News Service,1056,0
92,NKE,92,20130321,1656,Skullcandy appoints Nike executive as CEO,Reuters News,449,0
93,NKE,93,20130321,1915,Corporate News -- The Week Ahead: Nike's Running Shoes Need Speed,The Wall Street Journal,455,0
94,NKE,94,20130321,1753,"Zacks Earnings Preview: Alcoa, FedEx, Oracle and Nike",PR Newswire (U.S.),1385,0
95,NKE,95,20130321,1730,Nike's Running Shoes May Tell Industry Tale,The Wall Street Journal Online,1325,0
96,NKE,96,20130321,1753,"Retailers, Oracle, FedEx to Report Earnings",Dow Jones Top North American Equities Stories,114,0
97,NKE,97,20130321,1747,"US HOT STOCKS: Skullcandy, Intersections, Electronic Arts Active in Late Trading",Dow Jones News Service,946,0
98,NKE,98,20130321,1730,MARKET TALK: Skullcandy Names Nike Executive to CEO Post,Dow Jones News Service,114,0
99,NKE,99,20130321,1636,MARKET TALK: Skullcandy Names Nike Executive to CEO Post,Dow Jones News Service,1330,0
100,NKE,100,20130321,1635,Skullcandy Names Hoby Darling Pres And CEO,Dow Jones News Service,1297,0
