,Ticker,Index,Date,Time,Headline,Source,NumWords,missing
1,NKE,1,20030930,611,UPDATE: Manchester Utd FY Pre-Tax Pft Up 22%; Ups Div,Dow Jones International News,532,0
2,NKE,2,20030930,441,NEWS SNAP:Manchester Utd FY Pre-Tax Pft Up 22%; Ups Div,Dow Jones International News,441,0
3,NKE,3,20030930,1950,P. Diddy plans to raise $1 million in NY marathon.,Reuters News,231,0
4,NKE,4,20030928,2153,PRESS DIGEST - Thai newspapers September 29.,Reuters News,312,0
5,NKE,5,20030929,NA,"Without humility, initiatives soon breed cynicism - COMMUNICATING CSR ACTIVITIES - Corporate messages on ...",Financial Times,997,0
6,NKE,6,20030925,1953,Chinese NBA Star Yao Close To Deal With Reebok - Source,Dow Jones International News,288,0
7,NKE,7,20030925,NA,"An Online Retail Giant Targets Further Growth Through `Mall' Strategy --- Amazon.com Courts Diverse Partners For Site, but Some Companies...",The Asian Wall Street Journal,2261,0
8,NKE,8,20030925,NA,Consumer Products Brief -- Nike Inc.: Suit Filed Against Association Rebuts Claim of Infringement,The Wall Street Journal,148,0
9,NKE,9,20030924,1829,Nike Sues Over Trademark Rights To Women's Soccer,Dow Jones News Service,282,0
10,NKE,10,20030922,2446,DIARY-Events for S&P 500 companies from Sept. 22.,Reuters News,2365,0
11,NKE,11,20030922,NA,Nike Posts $261.2 Million Net,The Asian Wall Street Journal,134,0
12,NKE,12,20030922,1546,"Basketball Out, Soccer In At Nike Shareholder Meet",Dow Jones News Service,713,0
13,NKE,13,20030922,700,"Stockholder Meetings For Monday, Sept. 22",Dow Jones News Service,33,0
14,NKE,14,20030922,1601,Nike holders clear increase in stock option pool.,Reuters News,198,0
15,NKE,15,20030922,657,DIARY-Today in U.S. Equities - September 22.,Reuters News,372,0
16,NKE,16,20030920,NA,NIKE EXCEEDS QUARTERLY PROFIT ESTIMATE,The New York Times Abstracts,34,0
17,NKE,17,20030920,NA,Nike Exceeds Quarterly Profit Estimate,The New York Times,220,0
18,NKE,18,20030919,1028,DIARY-Events for S&P 500 companies from Sept. 19.,Reuters News,1607,0
19,NKE,19,20030919,743,Hot Stocks To Watch: COMS PALM HAND NKE FL,Dow Jones News Service,193,0
20,NKE,20,20030919,NA,Nike Sees Profit On Overseas Sales And Weak Dollar,The Wall Street Journal Europe,285,0
21,NKE,21,20030919,NA,"Nike Inc. Laces Up a Profit, Assisted by Record Revenue",The Wall Street Journal,494,0
22,NKE,22,20030919,NA,Nike breaks own record for revenues SPORTSWEAR.,Financial Times,330,0
23,NKE,23,20030919,1725,"Nike to Host Annual Shareholders Meeting Monday, September 22, 2003",PR Newswire,189,0
24,NKE,24,20030919,1627,LATE TRADING: News Of H-P Stock Buyback Lifts Shares,Dow Jones News Service,389,0
25,NKE,25,20030919,1129,Stockholder Meetings For The Week Of Sept. 22,Dow Jones News Service,235,0
26,NKE,26,20030919,1823,U.S. daily earnings hits/misses - First Call.,Reuters News,296,0
27,NKE,27,20030919,1631,US stocks end lower - investors lock in rally gains.,Reuters News,624,0
28,NKE,28,20030919,1437,U.S. stocks ease as investors lock in gains.,Reuters News,574,0
29,NKE,29,20030919,1349,U.S. stocks slip after Thursday's big rally.,Reuters News,524,0
30,NKE,30,20030919,2458,U.S. stocks inch lower after Thursday's run-up.,Reuters News,449,0
31,NKE,31,20030919,1151,U.S. stocks slip after previous day's rally.,Reuters News,433,0
32,NKE,32,20030919,1106,U.S. stocks ease after Thursday's run-up.,Reuters News,378,0
33,NKE,33,20030919,1015,U.S. stocks trade flat after Thursday's run.,Reuters News,352,0
34,NKE,34,20030919,942,Nike shares rise on strong earnings.,Reuters News,532,0
35,NKE,35,20030919,913,"Before the Bell-Cima Labs, Nike rise.",Reuters News,453,0
36,NKE,36,20030919,852,"Before the Bell-Protein Design Labs, Nike rise.",Reuters News,407,0
37,NKE,37,20030919,710,HEADLINE STOCKS - U.S. stocks to watch on Sept. 19.,Reuters News,382,0
38,NKE,38,20030919,658,Wall St seen flat - Nike earnings please.,Reuters News,442,0
39,NKE,39,20030919,645,RESEARCH ALERT-Lehman ups Nike price target to $68.,Reuters News,48,0
40,NKE,40,20030919,629,RESEARCH ALERT-CSFB raises Nike 12-month price target.,Reuters News,51,0
41,NKE,41,20030919,157,German stocks - Factors to watch on Sept 19.,Reuters News,179,0
42,NKE,42,20030918,2449,DIARY-Events for S&P 500 companies from Sept. 18.,Reuters News,2088,0
43,NKE,43,20030918,1756,Nike Swung to Fiscal 1Q Profit as Revenue Rose 8.2%,Dow Jones Business News,298,0
44,NKE,44,20030918,1931,"WSJ UPDATE: Nike Swings To 1Q Profit, Aided By Weak Dollar",Dow Jones News Service,566,0
45,NKE,45,20030918,1817,"CORRECT: Wellington, Fidelity Held i2 Shares End Of June",Dow Jones News Service,126,0
46,NKE,46,20030918,1802,NEWS WRAP: Nike Posts Record $3B Revenue In Fiscal 1Q,Dow Jones News Service,323,0
47,NKE,47,20030918,1724,"Nike Sees 'Mid Single Digit' Percent Rev Growth In 2Q, 4Q",Dow Jones News Service,794,0
48,NKE,48,20030918,1619,Nike Reports 1Q EPS Up 21 % Before Prior Yr Acctg Change; Worldwide Futures Orders Increase 10.5 %,Dow Jones News Service,355,0
49,NKE,49,20030918,NA,Nike breaks own record for revenues.,Financial Times (FT.Com),327,0
50,NKE,50,20030918,NA,"Nike, Inc. Issues Q2 '04, Q3 '04, and Q4 '04 Revenue Growth Outlook-DJ",Reuters Significant Developments,121,0
51,NKE,51,20030918,1658,Nike reports first quarter earnings per share up 21 percent before prior year accounting change; Worldwide futures orders increase 10.5...,PR Newswire Europe,1856,0
52,NKE,52,20030918,1811,Nike Reports First Quarter Earnings Per Share Up 21 Percent Before Prior Year Accounting Change; Worldwide Futures Orders Increase 10.5...,PR Newswire,1771,0
53,NKE,53,20030918,1619,Nike Reports First Quarter Earnings Per Share Up 21 Percent Before Prior Year Accounting Change; Worldwide Futures Orders Increase 10.5...,PR Newswire,1724,0
54,NKE,54,20030918,1729,"After the Bell-Nike gains after earnings, J. Jill sinks.",Reuters News,423,0
55,NKE,55,20030918,1651,UPDATE 1-Nike posts quarterly profit vs year-ago loss.,Reuters News,213,0
56,NKE,56,20030918,1637,TABLE - Nike (NKE.N) Q1 net profit v. loss.,Reuters News,260,0
57,NKE,57,20030918,1627,Nike posts quarterly profit vs year-ago loss.,Reuters News,89,0
58,NKE,58,20030918,620,"Wall St seen up as jobs data awaited, results eyed.",Reuters News,488,0
59,NKE,59,20030918,1603,DIARY - Day ahead in the FX and debt markets.,Reuters News,422,0
60,NKE,60,20030917,1848,DIARY-U.S. Corporate earnings calendar Sept. 18.,Reuters News,178,0
61,NKE,61,20030916,1400,TALES OF THE TAPE: i2's Stock Eyed By Bargain Hunters,Dow Jones News Service,2973,0
62,NKE,62,20030915,NA,Nike Settles Case With an Activist For $1.5 Million,The Wall Street Journal,755,0
63,NKE,63,20030915,NA,Nike to Pay $1.5 Million to Settle Commercial-Speech Case,The Asian Wall Street Journal,761,0
64,NKE,64,20030915,NA,"Nike, Inc. and Kasky Announce Settlement of Kasky v. Nike First Amendment Case",Reuters Significant Developments,139,0
65,NKE,65,20030913,NA,Nike settles lawsuit on workplace conditions.,Financial Times,419,0
66,NKE,66,20030913,NA,Nike Move Ends Case Over Firms' Free Speech,The New York Times,732,0
67,NKE,67,20030912,800,"Nike, Inc. and Kasky Announce Settlement of Kasky v. Nike First Amendment Case Mutually Agreed Upon Terms Include Greater Investment in...",PR Newswire,1120,0
68,NKE,68,20030912,1352,DIARY-U.S. corporate earnings calendar Sept 15 to Sept 19.,Reuters News,354,0
69,NKE,69,20030912,1351,UPDATE 4-Nike settles free-speech case over labor claims.,Reuters News,669,0
70,NKE,70,20030912,2407,UPDATE 3-Nike settles free-speech case over labor claims.,Reuters News,456,0
71,NKE,71,20030912,931,UPDATE 1-Nike settles free-speech case over labor claims.,Reuters News,192,0
72,NKE,72,20030912,827,Nike says settles free-speech case.,Reuters News,92,0
73,NKE,73,20030912,1045,Nike Settles Lawsuit With California Activist,Dow Jones Business News,260,0
74,NKE,74,20030912,1527,UPDATE:Nike Settles Commercial Free Speech Case For $1.5M,Dow Jones International News,499,0
75,NKE,75,20030912,339,Taiwan's Pou Chen Applies To Issue US$300 Mln Conv Bond,Dow Jones International News,134,0
76,NKE,76,20030912,1855,Nike's $1.5M Settlement Is Big Boost For Small Watchdog,Dow Jones News Service,646,0
77,NKE,77,20030912,1156,WSJ.COM WRAP: Nike Agrees To Settle Free-Speech Case,Dow Jones News Service,405,0
78,NKE,78,20030912,801,"Nike, Inc. And Kasky Announce Settlement Of Kasky V. Nike First Amendment Case",Dow Jones News Service,262,0
79,NKE,79,20030910,1848,"NIKE, Inc. to webcast earnings conference call, annual meeting of shareholders and investor meeting",PR Newswire Europe,403,0
80,NKE,80,20030910,1809,"NIKE, Inc. to Webcast Earnings Conference Call, Annual Meeting of Shareholders and Investor Meeting",PR Newswire,367,0
81,NKE,81,20030909,727,UPDATE 3-Man United shares trip as CEO defects to Chelsea.,Reuters News,695,0
82,NKE,82,20030909,539,UPDATE 1-Investors see red as Man Utd chief quits for Blues.,Reuters News,307,0
83,NKE,83,20030905,NA,See spot run OBSERVER.,Financial Times,246,0
84,NKE,84,20030904,NA,"Nike, Inc. Completes Acquisition of Converse, Inc.",Reuters Significant Developments,27,0
85,NKE,85,20030904,1130,"NIKE, Inc. Completes Acquisition of Converse, Inc.",PR Newswire,416,0
86,NKE,86,20030904,830,Finish Line Reports Record 21% Increase In 2Q Comparable Store Sales,Dow Jones News Service,465,0
87,NKE,87,20030904,1637,Nike completes Converse deal.,Reuters News,123,0
88,NKE,88,20030904,1315,DIARY-Events for S&P 500 companies from Sept 4.,Reuters News,446,0
89,NKE,89,20030904,1042,UPDATE 1-Finish Line same-store sales jump.,Reuters News,225,0
90,NKE,90,20030904,901,Finish Line August same-store sales jump 29 pct.,Reuters News,118,0
91,NKE,91,20030903,1123,DIARY-Events for S&P 500 companies from Sept 3.,Reuters News,464,0
92,NKE,92,20030902,1151,DIARY-Events for S&P 500 companies from Sept 2.,Reuters News,473,0
93,NKE,93,20030829,652,"INTERVIEW-Philips says more telco, brand alliances coming.",Reuters News,159,0
94,NKE,94,20030829,804,"UPDATE 2-Philips sees more telco, big brand alliances.",Reuters News,550,0
95,NKE,95,20030829,918,WSJE: Philips CEO Sees Rebound In Consumer Electronics,Dow Jones News Service,710,0
96,NKE,96,20030828,NA,Nike Names 5 People To Executive Positions,The Wall Street Journal Europe,234,0
97,NKE,97,20030828,353,UPDATE 1-Adidas sees sales growth of 3-5 percent in 2004.,Reuters News,270,0
98,NKE,98,20030828,NA,NIKE ANNOUNCES THE FILLING OF 5 EXECUTIVE POSITIONS,The New York Times Abstracts,62,0
99,NKE,99,20030828,1446,"Nike Golf Wants to Know, 'Have You Seen Your Mojo?' New Golf Ball Promises Enlightenment - Get Long. Get Feel. Get Real.",PR Newswire,379,0
100,NKE,100,20030827,2450,"Intl Bonds-Autos lead corps higher, Adidas makes debt debut.",Reuters News,668,0
