,Ticker,Index,Date,Time,Headline,Source,NumWords,missing
1,NKE,101,20080116,1152,DJ UK's Office Of Fair Trade Clears  Nike's Umbro Acquisition,Dow Jones Chinese Financial Wire,344,0
2,NKE,102,20080115,1352,RPT-US footwear stocks fall after Goldman warns of recession hit,Reuters News,564,0
3,NKE,103,20080110,544,Yue Yuen Dec Operating Revenue US$401.4M; Up 19.4% On Year,Dow Jones International News,151,0
4,NKE,104,20080110,746,DJ Yue Yuen Dec Operating Revenue US$401.4M; Up 19.4% On Year,Dow Jones Chinese Financial Wire,149,0
5,NKE,105,20080108,1107,"Seven Summits Research Releases Comments on SBUX, BSC, NKE, ISRG, and BG",PR Newswire (U.S.),505,0
