,Ticker,Index,Date,Time,Headline,Source,NumWords,missing
1,NKE,101,20030827,411,Intl Bonds-U.S. equities support lower-rated bonds.,Reuters News,493,0
2,NKE,102,20030827,1314,"UPDATE 5-Adidas makes solid debt debut, shares rally.",Reuters News,481,0
3,NKE,103,20030826,2139,UPDATE 1-Adidas launches 400 million euro convertible bond.,Reuters News,292,0
4,NKE,104,20030826,2050,Adidas launches 400 million euro convertible bond.,Reuters News,117,0
5,NKE,105,20030827,2420,UPDATE:Adidas-Salomon Taps Bond Market At The Right Time,Dow Jones International News,935,0
6,NKE,106,20030827,901,"Nike Appoints Five New Vice Presidents At World Headquarters In Beaverton, Oregon",Dow Jones News Service,302,0
7,NKE,107,20030827,901,"Nike Appoints Five New Vice Presidents at World Headquarters in Beaverton, Oregon",PR Newswire,686,0
8,NKE,108,20030821,2038,WRAPUP 1-Sporting goods retailers see bright 2nd-half.,Reuters News,698,0
9,NKE,109,20030821,1058,Foot Locker and Nike to pair up on more products.,Reuters News,113,0
10,NKE,110,20030821,1104,NEWS WRAP: Foot Locker 2Q Net Up 16% On Strong Sales,Dow Jones News Service,244,0
11,NKE,111,20030821,1037,WSJ: Coke: Kobe Bryant Remains Under Contract Through '05,Dow Jones News Service,706,0
12,NKE,112,20030821,1025,Foot Locker Now Sees Nike 38%-40% Of 2003 Purchases,Dow Jones News Service,422,0
13,NKE,113,20030821,1023,WSJ.COM/Seven Questions: Fund Manager Favors Paying Debt,Dow Jones News Service,1835,0
14,NKE,114,20030821,NA,"Nike, Inc. Plans Women's Golf Equipment Line",Reuters Significant Developments,80,0
15,NKE,115,20030821,1456,"Nike Golf Offers Women First Complete Equipment Lineup New Irons, Woods and Driver Available This Holiday Season",PR Newswire,957,0
16,NKE,116,20030819,1301,Jordan Goes 'Melo' With Latest Team Addition Carmelo Anthony Joins Team Jordan - Professional Sports' Most Exclusive Club,PR Newswire,608,0
17,NKE,117,20030813,NA,U.S. Soccer Sensation Kicks Off --- Under-17 World Championship Will Give Freddy Adu a Chance To Show Scouts It's Not Just Hype,The Wall Street Journal Europe,1329,0
18,NKE,118,20030813,1408,Tiger Woods Steps Out in New Look From Nike Golf at PGA Fellow Nike Golf Tour Staff Players Debut New SP-7 and SP-5 Footwear,PR Newswire,863,0
19,NKE,119,20030812,1318,Eddie George Joins Team Jordan Four Time Pro Bowler is Newest Member of Professional Sports' Most Exclusive Club,PR Newswire,678,0
20,NKE,120,20030812,2413,Soccer-Libya link leaves Juve fans without European shirt.,Reuters News,249,0
21,NKE,121,20030812,NA,Nike Supplier Sees $6.4 Million Raised in IPO,The Asian Wall Street Journal,271,0
22,NKE,122,20030811,1617,NIKE declares dividend,PR Newswire Europe,205,0
23,NKE,123,20030811,1617,NIKE Declares Dividend,PR Newswire,177,0
24,NKE,124,20030811,1034,"Cendant Unveils Travelport(R) as New, Full-Service Provider of Tools & Services for Corporate Travel Market Combines Cendant's Online...",PR Newswire,1306,0
25,NKE,125,20030809,NA,NIKE EXPECTS DISPUTE TO CONTINUE TO HURT SALES,The New York Times Abstracts,49,0
26,NKE,126,20030809,1813,Nike-Foot Locker Feud Seen Easing As Orders Increase,Dow Jones International News,308,0
27,NKE,127,20030808,730,Nike Golf Celebrates Opening of State-of-the-Art Golf Club Research And Design Facility,PR Newswire,831,0
28,NKE,128,20030808,911,Soccer-Arsenal tie up $88.5 million kit deal with Nike.,Reuters News,176,0
29,NKE,129,20030808,1045,Nike Sees US Footwear Rev Below Past Levels Thru 1H FY04,Dow Jones Corporate Filings Alert,343,0
30,NKE,130,20030807,1506,UDPATE 1-Foot Locker same-store sales down 4.4 percent.,Reuters News,365,0
31,NKE,131,20030806,1346,UPDATE 4-Adidas Q2 profit skids as N. America sours sales.,Reuters News,634,0
32,NKE,132,20030805,1619,Basketball star Kevin Garnett signs Adidas deal.,Reuters News,402,0
33,NKE,133,20030805,639,"UPDATE 1-Adidas Q2 profit up, weaker sales in euros-source.",Reuters News,233,0
34,NKE,134,20030804,1933,Corporate sponsor moves Bryant to the bench.,Reuters News,412,0
35,NKE,135,20030804,750,UPDATE 1-Adidas second-qtr sales fall in N. America-source.,Reuters News,347,0
36,NKE,136,20030804,706,Adidas' saw N.American sales decline in Q2-source.,Reuters News,223,0
37,NKE,137,20030804,NA,How to keep doing it all over the world.,Financial Times (FT.Com),1986,0
38,NKE,138,20030804,1508,REPEAT&CORRECT:Italy Co Won't Renew Deal With Kobe Bryant,Dow Jones International News,372,0
39,NKE,139,20030804,2424,Italy Co Won't Renew Deal With Kobe Bryant,Dow Jones International News,739,0
40,NKE,140,20030801,1727,Tiger's driver switch seen as a blow to Nike.,Reuters News,407,0
41,NKE,141,20030801,512,Germany's Borussia Dortmund Signs Sponsor Deal With Nike,Dow Jones International News,81,0
42,NKE,142,20030801,NA,"Philips Will Cut Costs At Consumer Division --- Electronics Maker to Trim Warehouses, Production, Information Technology",The Asian Wall Street Journal,534,0
43,NKE,143,20030801,NA,"Advertising: With Racier Ads, More Marketers In U.S. Look Less Buttoned-Down",The Asian Wall Street Journal,595,0
44,NKE,144,20030801,1607,Finish Line Breaks 'Cross-Country Spirit' Commercial Featuring Nike Shox NZ,PR Newswire,384,0
45,NKE,145,20030731,1710,FEATURE-Manchester United make big sales pitch in America.,Reuters News,778,0
46,NKE,146,20030731,103,FEATURE-Sporty boss put the roar in ailing Puma.,Reuters News,782,0
47,NKE,147,20030728,805,chemistri Adds 'Top 50' Creative Talent to Lead Cadillac Creative Work,PR Newswire,654,0
48,NKE,148,20030728,1118,UPDATE 2-Amer (AMEAS.HE) warns U.S. to hit 2003 profit.,Reuters News,410,0
49,NKE,149,20030724,1734,UPDATE 3-Reebok net rises on Nike's feud with Foot Locker.,Reuters News,725,0
50,NKE,150,20030724,825,Reebok 2nd-qtr earnings rise.,Reuters News,162,0
51,NKE,151,20030724,NA,Corrections &Amplifications,The Wall Street Journal,265,0
52,NKE,152,20030723,NA,ABOUT ADVERTISING: Star Basketball Player Retains His Ad Deals As Sex Scandal Swirls,The Wall Street Journal Europe,861,0
53,NKE,153,20030723,1048,UPDATE 1-Puma head says on track for 50 pct profit rise.,Reuters News,559,0
54,NKE,154,20030723,1002,INTERVIEW-Puma CEO says on track to hit '03 goals.,Reuters News,146,0
55,NKE,155,20030723,652,EU adopts tougher rules against counterfeiting.,Reuters News,305,0
56,NKE,156,20030723,NA,Advertising: Basketball Star Keeps Ad Deals Amid a Scandal,The Asian Wall Street Journal,848,0
57,NKE,157,20030722,NA,Should Brands Bryant Endorses Keep Him On?,The Wall Street Journal,840,0
58,NKE,158,20030721,939,SUBSTANTIAL INSIDER TRANSACTIONS REPORTED ON 7/18,Dow Jones Corporate Filings Alert,987,0
59,NKE,159,20030718,2120,Kobe's sponsors await trial of public opinion.,Reuters News,470,0
60,NKE,160,20030718,2249,UPDATE 4-Basketball star Kobe Bryant charged with rape.,Reuters News,675,0
61,NKE,161,20030718,1354,Adidas Willing To Forego Breakup Fee To Bid For Top-Flite,Dow Jones Corporate Filings Alert,548,0
62,NKE,162,20030714,503,THE BOTTOM LINE: Philips Tries Electric Shock Tactics,Dow Jones International News,924,0
63,NKE,163,20030714,815,IPO Outlook: Technology Showing Unlikely Leadership,Dow Jones News Service,731,0
64,NKE,164,20030713,NA,Investor's Calendar,The Wall Street Journal Sunday,472,0
65,NKE,165,20030711,926,HOT STOCKS TO WATCH -2,Dow Jones News Service,1592,0
66,NKE,166,20030711,829,HOT STOCKS TO WATCH,Dow Jones News Service,993,0
67,NKE,167,20030711,NA,Nike to Buy Converse for $305 Million,The Asian Wall Street Journal,736,0
68,NKE,168,20030711,NA,Nike Will Acquire Converse for About $305 Million --- Cultural Impact Will Outweigh Monetary Significance of Deal As High-Tech Meets Old...,The Wall Street Journal Europe,751,0
69,NKE,169,20030710,2038,Prosecutors to decide next week on Bryant case.,Reuters News,323,0
70,NKE,170,20030710,NA,"Nike, Inc. to Acquire Converse, Inc.",Reuters Significant Developments,73,0
71,NKE,171,20030710,NA,Leading the News: Nike to Swoosh Up Old-Line Converse For $305 Million --- High-Tech Shoe Titan to Buy Maker of Chuck Taylor All-Star Canvas...,The Wall Street Journal,935,0
72,NKE,172,20030710,NA,Nike buys Converse.,Financial Times,45,0
73,NKE,173,20030710,1033,Stock Rating Reiterations: HOTT KMT CVH TXN MEL,Dow Jones News Service,111,0
74,NKE,174,20030710,930,HOT STOCKS TO WATCH -2,Dow Jones News Service,363,0
75,NKE,175,20030710,923,Hot Stocks To Watch: NKE PEP VIA SHRP ICTG CSTR,Dow Jones News Service,368,0
76,NKE,176,20030710,2401,U.S. hot stocks highlights - July 10 (afternoon).,Reuters News,505,0
77,NKE,177,20030710,958,U.S. hot stocks highlights - July 10 (morning).,Reuters News,465,0
78,NKE,178,20030710,917,"US stocks to drop on disappointing earnings, data.",Reuters News,507,0
79,NKE,179,20030710,801,U.S. stocks to slip as tech rally loses steam.,Reuters News,634,0
80,NKE,180,20030710,704,HEADLINE STOCKS - U.S. stocks to watch on July 10.,Reuters News,315,0
81,NKE,181,20030710,222,PRESS DIGEST - Wall Street Journal - July 10.,Reuters News,276,0
82,NKE,182,20030710,153,German stocks - Factors to watch on July 10.,Reuters News,250,0
83,NKE,183,20030710,NA,"Nike Purchasing Converse, A Legend on the Blacktop",The New York Times,602,0
84,NKE,184,20030709,1930,Nike Agrees to Buy Converse,Dow Jones Business News,822,0
85,NKE,185,20030709,1856,Nike To Buy Converse -2: Nike To Assume Debt,Dow Jones News Service,110,0
86,NKE,186,20030709,1836,WSJ UPDATE: High-Tech Nike To Buy Old-School Converse,Dow Jones News Service,834,0
87,NKE,187,20030709,1754,"NIKE, Inc. To Buy Converse, Inc.",Dow Jones News Service,107,0
88,NKE,188,20030709,NA,The Washington Post: The New Corporate Shakedown,The Wall Street Journal Europe,700,0
89,NKE,189,20030709,1933,UPDATE 3-Nike ties up deal for sneaker rival Converse.,Reuters News,529,0
90,NKE,190,20030709,1846,Colo. crime lab tests evidence in Kobe Bryant case.,Reuters News,644,0
91,NKE,191,20030709,1914,CORRECTED - UPDATE 2-Nike to buy sneaker rival Converse for $305 mln.,Reuters News,525,0
92,NKE,192,20030709,1807,Nike to buy sneaker rival Converse for $305 mln.,Reuters News,85,0
93,NKE,193,20030708,NA,Baseball Pitches All-Star Change --- World Series Advantage Could Wind Up Bringing Major-League Ratings,The Wall Street Journal,872,0
94,NKE,194,20030707,2017,UPDATE 1-Colo. prosecutor mulls charges against Kobe Bryant.,Reuters News,677,0
95,NKE,195,20030707,409,NBA's Kobe Bryant Turns Himself In On Sex Assault Charge,Dow Jones International News,474,0
96,NKE,196,20030707,1648,Prosecutors mull charges against L.A. Lakers star.,Reuters News,527,0
97,NKE,197,20030707,248,UPDATE 2-NBA-Kobe Bryant accused of sexual assault.,Reuters News,535,0
98,NKE,198,20030706,1201,Nike and the Free-Speech Knot; Can't companies engage in public debate?,The Wall Street Journal (Online and Print),1000,0
99,NKE,199,20030702,1840,SMARTMONEY.COM:Sector Patrol:Time To Ketchup With Friends,Dow Jones News Service,1139,0
100,NKE,200,20030701,1029,Stock Rating Reiterations: STAA VTR BEV EDMC CNXT,Dow Jones News Service,83,0
