,Ticker,Index,Date,Time,Headline,Source,NumWords,missing
1,NKE,201,20140708,1327,Value Of Adidas Sponsorship Offer For Manchester United Prompts Nike To Drop Out -Source,Dow Jones Newswires Chinese (English),39,0
2,NKE,202,20140708,1327,Adidas Offers To Pay More Than GBP60 Million A Year To Sponsor Manchester United -Source,Dow Jones Newswires Chinese (English),40,0
3,NKE,203,20140708,2452,Nike End Man Utd Sponsorship,Dow Jones Institutional News,56,0
4,NKE,204,20140708,2444,NIKE REMAIN IN MAN UNITED TALKS,Mail Online,54,0
5,NKE,205,20140707,2048,First Person: Joe Diorio,Financial Times,141,0
6,NKE,206,20140705,NA,"Zacks.com featured expert Kevin Matras highlights: Nike, Kraft Foods, Genuine Parts Co., Cintas and Rockwell Automation",PR Newswire (U.S.),741,0
