,Ticker,Index,Date,Time,Headline,Source,NumWords,missing
1,NKE,101,20110513,1545,Nike Inc (NKE) Mkt On Close Sell Imbalance: Shrs 68000,Dow Jones News Service,10,0
2,NKE,102,20110510,930,"Zacks Sell List Highlights: StoneMor Partners, XL Group plc, NIKE and The New York Times Company",PR Newswire (U.S.),1077,0
3,NKE,103,20110509,1422,Apparel Makers' Increased Inventories Run Risks,Dow Jones News Service,758,0
4,NKE,104,20110506,1449,"For Consumers And Companies, Commodity Fall Damps Cost Fears",Dow Jones Business News,717,0
5,NKE,105,20110506,1434,"For Consumers And Companies, Commodity Fall Damps Cost Fears",Dow Jones News Service,717,0
6,NKE,106,20110506,1008,"The Zacks Analyst Blog Highlights: Fortune Brands, Diageo, Brown-Forman, Masco Corporation and Nike",PR Newswire (U.S.),924,0
7,NKE,107,20110505,930,Adidas Boosts Sales Outlook for Year,The Wall Street Journal Online,1228,0
8,NKE,108,20110505,1306,B-School Bulletin,The Wall Street Journal Online,662,0
9,NKE,109,20110505,701,"MARKET TALK: Adidas 1Q Strong, Ahead Of Peers -Merck Finck",Dow Jones International News,687,0
10,NKE,110,20110505,1510,Wal-Mart India JV Accelerates Expansion; Plans 10-12 New Stores By 2011 End,Dow Jones International News,584,0
11,NKE,111,20110505,NA,UPDATE: Adidas Raises Guidance For Full Year As Net Profit Jumps 25%,Dow Jones International News,460,0
12,NKE,112,20110505,616,Adidas 1Q Net Pft EUR209M,Dow Jones International News,143,0
13,NKE,113,20110505,805,WSJ BLOG/Market Beat: The SEC: Staving Off Short-Selling Hordes,Dow Jones News Service,349,0
14,NKE,114,20110505,355,"With Prices Low, It's Time to Pick Up Nike Shares",The Wall Street Journal Online,651,0
15,NKE,115,20110505,130,Culture Hopping In a Fedora,The New York Times,295,0
16,NKE,116,20110504,1545,Nike Inc (NKE) Mkt On Close Sell Imbalance: Shrs 76500,Dow Jones News Service,467,0
17,NKE,117,20110430,2157,MARKET TALK: Sterne Agee Sees More Hurdles For Skechers,Dow Jones News Service,506,0
18,NKE,118,20110501,NA,MARKET TALK: Sterne Agee Sees More Hurdles For Skechers,Dow Jones News Service,516,0
19,NKE,119,20110501,NA,"UPDATE 1-Callaway Golf Q1 results trails, suspends 2011 outlook",Reuters News,892,0
20,NKE,120,20110428,1545,"HOT STOCKS TO WATCH IN BARRON'S: Nike, Zipcar, OmniVision",Dow Jones News Service,10,0
21,NKE,121,20110428,1316,Nike shares could rise over next 1.5 yrs-Barron's,Reuters News,1351,0
22,NKE,122,20110428,1316,"Converse Unveils Basketball Courts at Atlanta's Historic Piedmont Park; Atlanta Mayor Kasim Reed, Atlanta City Council President Ceasar...",PR Newswire (U.S.),115,0
23,NKE,123,20110428,1710,Nike Inc (NKE) Mkt On Close Sell Imbalance: Shrs 62700,Dow Jones News Service,230,0
24,NKE,124,20110425,920,Carlyle Sells The Mill To Barclays Private Equity For GBP119 Million,Dow Jones Business News,443,0
25,NKE,125,20110424,2413,Carlyle Sells The Mill To Barclays PLC's Barclays Private Equity For GBP119 Million-DJ,Reuters Significant Developments,145,0
26,NKE,126,20110421,1500,"UPDATE 1-Citigroup ups Finish Line, adds Foot Locker to top picks live list",Reuters News,831,0
27,NKE,127,20110420,1545,"US HOT STOCKS: Google, Merck, Assured Guaranty, MBIA, Mattel, Merck, Assured Guaranty, MBIA,",Dow Jones News Service,10,0
28,NKE,128,20110419,741,"MARKET TALK: Citi Sees Strong Sneaker, Athletic Wear Sales",Dow Jones News Service,269,0
29,NKE,129,20110419,726,"MARKET TALK: Citi Sees Strong Sneaker, Athletic Wear Sales",Dow Jones News Service,268,0
30,NKE,130,20110419,NA,"Golf-Woods still number one in Asia, says Nike golf chief",Reuters News,107,0
31,NKE,131,20110415,822,DJ Hot Stocks to Watch: NKE,Dow Jones Chinese Financial Wire,224,0
32,NKE,132,20110415,1042,"US Stock Futures Fall After Jobs, PPI Data; DJIA Off 57",Dow Jones News Service,1999,0
33,NKE,133,20110415,712,"US Stock Futures Down Before Jobless Claims, PPI Reports",Dow Jones News Service,603,0
34,NKE,134,20110415,712,"Stocks to Watch: J.B. Hunt, Nike, RailAmerica",WSJ Blogs,105,1
35,NKE,135,20110414,532,Nike Inc (NKE) Mkt On Close Sell Imbalance: Shrs 93800,Dow Jones News Service,706,0
36,NKE,136,20110414,654,UPDATE 1-Nike unit Hurley gets new CEO,Reuters News,46,0
37,NKE,137,20110414,831,Nike Names Jim Calhoun New CEO Of Hurley,Dow Jones News Service,1211,0
38,NKE,138,20110414,619,Nike Inc (NKE) Mkt On Close Sell Imbalance: Shrs 71000,Dow Jones News Service,928,0
39,NKE,139,20110414,833,Nike Names Levi Executive Calhoun As CEO Of Hurley Brand,Dow Jones Business News,358,0
40,NKE,140,20110414,1545,RBC Capital move,Financial Times,10,0
41,NKE,141,20110413,1624,Nike Inc (NKE) Mkt On Close Sell Imbalance: Shrs 64200,Dow Jones News Service,135,0
42,NKE,142,20110413,1605,Nike Inc (NKE) Mkt On Close Buy Imbalance: Shrs 88500,Dow Jones News Service,8,0
43,NKE,143,20110413,1545,WSJ: Lebron James In Deal With Fenway Sports,Dow Jones News Service,10,0
44,NKE,144,20110413,1706,Nike Inc (NKE) Mkt On Close Sell Imbalance: Shrs 141300,Dow Jones News Service,154,0
45,NKE,145,20110412,NA,Nike Inc (NKE) Mkt On Close Sell Imbalance: Shrs 53500,Dow Jones News Service,89,0
46,NKE,146,20110411,1545,Nike Unveils Jordan Fly Wade,Dow Jones News Service,10,0
