,Ticker,Index,Date,Time,Headline,Source,NumWords,missing
1,NKE,1,20060328,1037,American Express Expands Membership Rewards(R) Program With Unique Rewards Offerings and New Retail and Travel Partners; - Apple iTunes...,PR Newswire (U.S.),1239,0
2,NKE,2,20060323,NA,Corporate News: Nike runs up profit on China strength,The Wall Street Journal Asia,312,0
3,NKE,3,20060322,742,US Hot Stocks To Watch: NKE RGS ANGO,Dow Jones News Service,202,0
4,NKE,4,20060322,NA,Nike profits rise in spite of difficulties in Europe CONSUMER GOODS.,Financial Times,395,0
5,NKE,5,20060322,NA,FT.com site : Nike profits rise despite challenges.,Financial Times (FT.Com),387,0
6,NKE,6,20060322,NA,Nike's earnings outrun weakness in West Europe,The Wall Street Journal Europe,222,0
7,NKE,7,20060321,2001,"=DJ Nike Sees Sales Higher In 2007, But Margins May Decline",Dow Jones Chinese Financial Wire,598,0
8,NKE,8,20060322,NA,"Nike, Inc. Comments on Q4 and FY 2006 Revenue Guidance-Conference Call",Reuters Significant Developments,95,0
9,NKE,9,20060321,2056,RPT-UPDATE 4-Nike profit up on strong U.S. footwear sales,Reuters News,721,0
10,NKE,10,20060322,NA,Nike's Profit Outruns Weakness In Western Europe and Japan,The Wall Street Journal,320,0
11,NKE,11,20060321,1706,"UPDATE: Nike Profit Soars 19%, Revenue Climbs To $3.6 Billion",Dow Jones Business News,386,0
12,NKE,12,20060321,1751,"DJ Nike Earnings Rise 19%, Revenue Up 9% To $3.6B >NKE",Dow Jones Chinese Financial Wire,123,0
13,NKE,13,20060321,1803,"WSJ UPDATE: Nike 3Q Net Up; US Sales Strong, Europe Weak",Dow Jones News Service,655,0
14,NKE,14,20060321,1729,WSJ.COM WRAP: Nike's 3Q Profit Rises 19%,Dow Jones News Service,332,0
15,NKE,15,20060321,1725,Nike Sees 4Q Revenue Up 5%-7%,Dow Jones News Service,597,0
16,NKE,16,20060321,1615,"NIKE Reports 3Q EPS Of $1.24, Up 23 % From Prior Yr",Dow Jones News Service,233,0
17,NKE,17,20060321,1751,Nike sees 5-7 pct revenue growth in fourth quarter,Reuters News,108,0
18,NKE,18,20060321,1641,TABLE-Nike Q3 earnings rise,Reuters News,74,0
19,NKE,19,20060321,1622,UPDATE 4-Nike profit up on strong U.S. footwear sales,Reuters News,715,0
20,NKE,20,20060321,NA,Ahead of the Tape,The Wall Street Journal,440,0
21,NKE,21,20060321,NA,Nike out of step with low-profile shoes trend.,Financial Times,537,0
22,NKE,22,20060320,931,"Seven Summits Research Releases Comments on ORCL, MS, FDX, ADBE, NKE.",PR Newswire (U.S.),406,0
23,NKE,23,20060309,1600,Phoenix Footwear Appoints Krista Treide as President of Tommy Bahama Footwear Division,PR Newswire (U.S.),450,0
24,NKE,24,20060308,909,Tefron 4Q Losses 12c/Shr Vs 24c,Dow Jones News Service,177,0
25,NKE,25,20060307,1722,"Susquehanna downgrades Nike to ""neutral""",Reuters News,316,0
26,NKE,26,20060306,1945,Nike details non-compete deal with new CEO,Reuters News,193,0
27,NKE,27,20060302,1928,UPDATE 1-Nike names exec to lead action lifestyle push,Reuters News,256,0
28,NKE,28,20060301,319,HK Yue Yuen Expects Only Minor Impact From EU's Tariff,Dow Jones International News,411,0
29,NKE,29,20060301,722,DJ HK Yue Yuen Expects Only Minor Impact From EU's Tariff,Dow Jones Chinese Financial Wire,409,0
30,NKE,30,20060227,1600,Perry Ellis Intl Extends License For Nike Swim,Dow Jones News Service,94,0
31,NKE,31,20060221,1302,"Pop icons step into shoe biz, but a shoo-in it's not",Reuters News,756,0
32,NKE,32,20060221,920,"UPDATE 1-Nike declares dividend, adopts majority voting",Reuters News,227,0
33,NKE,33,20060221,NA,"Politics &Economics: Shoemakers of China, Vietnam Join to Fight Proposed EU Tariffs",The Wall Street Journal,446,0
34,NKE,34,20060221,NA,Apparel Brief -- Nike Inc.: Lawsuit Is Filed Against Adidas Claiming Patent Infringement,The Wall Street Journal,184,0
35,NKE,35,20060221,NA,"Asian shoemakers get set to fight proposed tariffs --- China, Vietnam gird for battle with EU; legal help enlisted",The Wall Street Journal Asia,799,0
36,NKE,36,20060221,NA,Leading the News: Asian shoemakers to fight EU tariffs,The Wall Street Journal Europe,534,0
37,NKE,37,20060220,NA,"Corporate News Brief -- Shoes: Nike, in suit, says Adidas violates cushioning patent",The Wall Street Journal Asia,112,0
38,NKE,38,20060220,NA,"Corporate News Brief -- Shoes: Nike, in suit, says Adidas violates cushioning patent",The Wall Street Journal Europe,110,0
39,NKE,39,20060219,1435,"Pop icons step into shoe biz, but a shoo-in it's not",Reuters News,766,0
40,NKE,40,20060218,NA,Feuding Nike and Adidas intensify their war of words - SPORTING GOODS.,Financial Times,413,0
41,NKE,41,20060217,NA,"Nike, Inc. Files Patent Infringement Action Against Adidas-Salomon",Reuters Significant Developments,114,0
42,NKE,42,20060216,2046,DJ Nike Files Patent Lawsuit Against Adidas-Salomon >NKE,Dow Jones Chinese Financial Wire,310,0
43,NKE,43,20060216,2003,Nike Files Patent Lawsuit Against Adidas-Salomon,Dow Jones News Service,311,0
44,NKE,44,20060216,2157,RPT-UPDATE 2-Nike says suing Adidas for patent infringement,Reuters News,245,0
45,NKE,45,20060216,2123,UPDATE 2-Nike says suing Adidas for patent infringement,Reuters News,234,0
46,NKE,46,20060217,826,UPDATE 3-Nike says suing Adidas for patent infringement,Reuters News,287,0
47,NKE,47,20060217,854,Adidas-Salomon Says Examining Nike Patent Allegations,Dow Jones International News,169,0
48,NKE,48,20060215,915,James Seuss New CEO Of Cole Haan,Dow Jones News Service,82,0
49,NKE,49,20060215,NA,"Nike Targets Women With New Hip-Hop Line --- Fitness-Dance Gear, Moves Go From Gym to Nightclub; A Sweat-Wicking Corset",The Wall Street Journal,1062,0
50,NKE,50,20060215,915,James Seuss New CEO of Cole Haan; Nike Inc. Hires Veteran Luxury Goods Retail Executive to Lead Its Dress and Casual Footwear and...,PR Newswire (U.S.),651,0
51,NKE,51,20060215,920,Nike names new CEO for Cole Haan brand,Reuters News,72,0
52,NKE,52,20060214,NA,Nike begins pitch battle.,Financial Times,339,0
53,NKE,53,20060214,316,"RESEARCH ALERT-Equinet cuts Puma to ""reduce""",Reuters News,78,0
54,NKE,54,20060207,1921,Target hires new advertising agencies for projects,Reuters News,202,0
55,NKE,55,20060206,730,Before the Bell-Huntsman falls 10.2 percent on Inet,Reuters News,216,0
56,NKE,56,20060206,636,"UPDATE 1-RESEARCH ALERT-UBS raises Nike to ""buy"", target to $103",Reuters News,196,0
57,NKE,57,20060205,1652,Nike shares set to rise this year-Barron's,Reuters News,75,0
58,NKE,58,20060203,NA,Sales call: More ads hit U.S. cellphone screens --- American firms take a tip from Europe to tap mobile crowd,The Wall Street Journal Europe,782,0
59,NKE,59,20060202,2332,India Gokaldas Sees Net Profit Up 46%-51% This FY - Exec,Dow Jones International News,487,0
60,NKE,60,20060202,729,Katrina Victims To Get Knock-Off Clothing From New York,Dow Jones International News,116,0
61,NKE,61,20060131,NA,"Amex 'pulls' consumers to push its plastic - MARKETING STRATEGY: The credit card giant aims to win customers through attractive ideas, says...",Financial Times,801,0
62,NKE,62,20060128,NA,Bono's Red revolution - Mass marketing gives way to corporate social opportunity.,Financial Times,518,0
63,NKE,63,20060128,NA,SLIGHTLY TESTY NIKE DIVORCE CAME DOWN TO DATA VS. FEEL,The New York Times Abstracts,62,0
64,NKE,64,20060128,NA,Nike Has a New Rival in Developing Markets,The New York Times,1555,0
65,NKE,65,20060128,NA,Slightly Testy Nike Divorce Came Down to Data vs. Feel,The New York Times,892,0
66,NKE,66,20060126,NA,Bono sees Red as means to fight Aids in Africa.,Financial Times,493,0
67,NKE,67,20060126,631,"Bono Announces ""Red"" Brand To Fund Africa AIDS Programs",Dow Jones International News,209,0
68,NKE,68,20060126,1817,The Scotts Miracle-Gro Company Announces Results of Annual Shareholders' Meeting,PR Newswire (U.S.),452,0
69,NKE,69,20060126,756,Adidas to get Reebok lift but faces work-analysts,Reuters News,480,0
70,NKE,70,20060126,NA,Business Brief: Reebok International Ltd.,The Wall Street Journal Europe,108,0
71,NKE,71,20060125,NA,FT.com site : Bono sees Red as means to fight Aids in Africa.,Financial Times (FT.Com),497,0
72,NKE,72,20060125,1039,Adidas set to win Reebok shareholder nod -analysts,Reuters News,506,0
73,NKE,73,20060125,NA,Business Brief: Adidas-Salomon AG,The Wall Street Journal Europe,129,0
74,NKE,74,20060125,NA,"Knight, Perez have different tales of issues at Nike",The Wall Street Journal Europe,626,0
75,NKE,75,20060125,2444,NEWS WRAP: Reebok Hldrs Approve $3.8B Buyout By Adidas,Dow Jones News Service,288,0
76,NKE,76,20060125,NA,Nike's big leadership change pits Perez's story against Knight's,The Wall Street Journal Asia,858,0
77,NKE,77,20060124,NA,Another Outsider Falls Casualty to Nike's Insider Culture,The New York Times,880,0
78,NKE,78,20060124,NA,ANOTHER OUTSIDER FALLS CASUALTY TO NIKE'S INSIDER CULTURE,The New York Times Abstracts,110,0
79,NKE,79,20060123,1912,Nike CEO ouster shows tough to follow a founder,Reuters News,589,0
80,NKE,80,20060124,NA,"He Said/He Said: Knight, Perez Tell Different Nike Tales",The Wall Street Journal,1238,0
81,NKE,81,20060124,NA,Perez resigns as Nike chief.,Financial Times,407,0
82,NKE,82,20060124,NA,Nike chief quits after year in job - Shares fall as Perez departure announced - Differences with founder Knight cited.,Financial Times,468,0
83,NKE,83,20060124,NA,Nike - LEX COLUMN.,Financial Times,288,0
84,NKE,84,20060124,NA,Nike chief departs under fire --- Clashes with Knight result in shake-up; Parker to take reins,The Wall Street Journal Europe,998,0
85,NKE,85,20060124,2430,EU Clears Adidas-Salomon To Buy Reebok With No Sell-Offs,Dow Jones International News,355,0
86,NKE,86,20060124,NA,Corporate News: Nike CEO quits after clashing with co-founder,The Wall Street Journal Asia,381,0
87,NKE,87,20060123,429,"Nike, Inc. Names Mark Parker CEO, William D. Perez Resigns; Charlie Denson Appointed President, Nike brand",PR Newswire (U.S.),876,0
88,NKE,88,20060123,1506,= BEFORE THE BELL: Ford Rises On Stronger-Than-Seen 4Q -2-,Dow Jones Commodities Service,461,0
89,NKE,89,20060123,1135,EU To OK Adidas-Reebok Deal With No Sell-Offs -Sources,Dow Jones Energy Service,262,0
90,NKE,90,20060123,NA,"Nike, Inc. Appoints Mark Parker as President and CEO Following Resignation of William D. Perez",Reuters Significant Developments,117,0
91,NKE,91,20060123,925,Nike to pay departing CEO 2 years salary,Reuters News,143,0
92,NKE,92,20060123,447,RPT-Nike CEO resigns amid clashes with founder,Reuters News,122,0
93,NKE,93,20060123,444,Nike CEO resigns amid clashes with founder,Reuters News,125,0
94,NKE,94,20060123,424,UPDATE 5-Nike CEO resigns amid clashes with founder,Reuters News,709,0
95,NKE,95,20060123,NA,Nike's Chief to Exit After 13 Months --- Shakeup Follows Clashes With Co-Founder Knight; Veteran Parker to Take Over,The Wall Street Journal,1005,0
96,NKE,96,20060123,NA,FT.com site : Lex: Nike.,Financial Times (FT.Com),286,0
97,NKE,97,20060123,NA,FT.com site : Nike swift to remove trace of former CEO.,Financial Times (FT.Com),518,0
98,NKE,98,20060123,NA,FT.com site : Nike CEO Perez quits over differences with founder.,Financial Times (FT.Com),382,0
99,NKE,99,20060123,NA,FT.com site : Perez kicked out of Nike for strategic differences.,Financial Times (FT.Com),329,0
100,NKE,100,20060123,851,Nike: Departing CEO To Get $1.4M/Yr Salary For Two Years,Dow Jones Corporate Filings Alert,477,0
