,Ticker,Index,Date,Time,Headline,Source,NumWords,missing
1,NKE,201,20120404,NA,Nike Shows NFL Gear --- League's New Uniform Supplier Will Launch Consumer Line at End of April,The Wall Street Journal,632,0
2,NKE,202,20120404,913,Judge Extends Ban Blocking Reebok Tebow Sales,The Wall Street Journal Online,629,0
3,NKE,203,20120404,1735,"Executive: Reebok Wanted to Make Manning Broncos Gear, Too",WSJ Blogs,614,1
4,NKE,204,20120404,1707,SportsTicker: Reebok Seeks To Return To Selling NY Tebow Items,Dow Jones Business News,665,0
5,NKE,205,20120404,1727,WSJ: Judge Extends Restraining Order Prohibiting Reebok Sales Of Tebow Jerseys,Dow Jones News Service,319,0
6,NKE,206,20120404,1759,Table Of Recent Stock Buyback Announcements,Dow Jones News Service,360,0
7,NKE,207,20120404,1727,UPDATE 1-Nike scores against Reebok in Tebow case,Reuters News,339,0
8,NKE,208,20120404,633,=DJ CFA Substantial Insider Sales: Morning Report,Dow Jones Institutional News,162,0
9,NKE,209,20120404,618,NFL and Nike Unveil New Team Jerseys,The Wall Street Journal Off Duty,162,1
10,NKE,210,20120404,1551,Reebok: Nike suit over Tebow gear not a good call,Reuters News,360,0
11,NKE,211,20120404,1000,UPDATE: Nike's New NFL Uniforms To Generate Buzz For Apparel,Dow Jones Business News,281,0
12,NKE,212,20120404,1618,Nike's New NFL Uniforms To Generate Buzz For Apparel,Dow Jones Business News,634,0
13,NKE,213,20120403,844,"In Nike's Rollout, Flash Everywhere but in Uniforms",NYT Blogs,922,0
14,NKE,214,20120403,NA,Reebok Says It Was Cleared to Sell Tebow Jets Gear,WSJ Blogs,706,1
15,NKE,215,20120403,1637,Table Of Recent Stock Buyback Announcements,Dow Jones News Service,525,0
16,NKE,216,20120403,1707,=DJ CFA Retail:Insider Review For Week Ended March 30,Dow Jones Institutional News,912,0
17,NKE,217,20120403,1652,=DJ CFA Retail:Insider Review For Week Ended March 30 -3-,Dow Jones Institutional News,912,0
18,NKE,218,20120403,1159,Nike founder Knight holds his jersey given to him as a member of the Basketball Hall of Fame in New Orleans,Reuters Pictures,609,0
19,NKE,219,20120403,1145,Nike founder Knight looks at his jersey given to him as a member of the Basketball Hall of Fame in New Orleans,Reuters Pictures,609,0
20,NKE,220,20120403,NA,WSJ BLOG/Deal Journal: Who is Coty?: The Company Makes a Run at Avon,Dow Jones News Service,869,0
21,NKE,221,20120403,1616,"WSJ BLOG/Law: The AM Roundup: Biden's Bet, Leo Strine, Blogger or Journalist, More",Dow Jones News Service,414,0
