,Ticker,Index,Date,Time,Headline,Source,NumWords,missing
1,NKE,101,20120601,1701,"Nike Hires Goldman Sachs To Lead Sale Of Umbro, Cole Haan -CNBC",Dow Jones Business News,100,0
2,NKE,102,20120601,1639,"*DJ Nike Hires Goldman Sachs To Lead Sale Of Umbro, Cole Haan Brands -CNBC NKE",Dow Jones Chinese Financial Wire,101,0
3,NKE,103,20120601,1733,WSJ BLOG/Deal Journal: Deals of the Day: Probe of J.P. Morgan Widens,Dow Jones News Service,106,0
4,NKE,104,20120601,1640,"Critical Alerts For Schlumberger, CBS, Nike, Citrix Systems, and Mobile Telesystems Released By InvestorsObserver",PR Newswire (U.S.),38,0
5,NKE,105,20120601,928,"In New U.S. Uniforms, Stripes Are the Stars",NYT Blogs,498,0
6,NKE,106,20120531,931,Nike to Shed Cole Haan and Umbro Brands,NYT Blogs,385,0
7,NKE,107,20120531,NA,"MARKET PULSE: U.S. stocks on the move: Joy Global, Talbots, Apple",Reuters News,613,0
8,NKE,108,20120531,NA,UPDATE 2-Nike looking to sell Cole Haan and Umbro brands,Reuters News,282,0
9,NKE,109,20120531,1115,Nike Shedding Cole Haan and Umbro Layers: Who Could Buy?,WSJ Blogs,671,1
10,NKE,110,20120531,843,"Nike, Inc. To Divest Of Cole Haan And Umbro To Focus On Accelerating Growth Through NIKE And Complementary Sport Brands",Reuters Significant Developments,511,0
11,NKE,111,20120531,1611,Nike to divest Umbro and Cole Haan brands,Financial Times (FT.Com),178,0
12,NKE,112,20120531,NA,"2nd UPDATE: Nike To Divest Cole Haan, Umbro Brands",Dow Jones Business News,57,0
13,NKE,113,20120531,NA,"Nike To Divest Cole Haan, Umbro Brands",Dow Jones Business News,418,0
14,NKE,114,20120531,1624,WSJ BLOG/Deal Journal: Nike Shedding Cole Haan and Umbro Layers: Who Could Buy?,Dow Jones News Service,801,0
15,NKE,115,20120531,2432,"MARKET TALK: Citi Mulls Who Might Acquire Umbro, Cole Haan",Dow Jones News Service,602,0
16,NKE,116,20120531,1609,"MARKET TALK: Citi Mulls Who Might Acquire Umbro, Cole Haan",Dow Jones News Service,801,0
17,NKE,117,20120531,2417,MARKET TALK: Narrower Portfolio Suits Nike -Stern Agee,Dow Jones News Service,602,0
18,NKE,118,20120531,921,MARKET TALK: Narrower Portfolio Suits Nike -Stern Agee,Dow Jones News Service,239,0
19,NKE,119,20120531,906,MARKET TALK: Could Nike Be Buying Into Its Own Hype?,Dow Jones News Service,239,0
20,NKE,120,20120531,1612,MARKET TALK: Could Nike Be Buying Into Its Own Hype?,Dow Jones News Service,221,0
21,NKE,121,20120531,1611,Nike to sell Cole Haan and Umbro brands,CNN Wire,225,0
22,NKE,122,20120531,1531,Nike to Sell Cole Haan and Umbro,The Wall Street Journal Online,1442,0
23,NKE,123,20120531,1531,UPDATE 1-Finish Line raises 1st quarter profit estimate,Reuters News,148,0
24,NKE,124,20120531,1053,UPDATE: Finish Line Defends Higher Spending Strategy,Dow Jones Business News,1331,0
25,NKE,125,20120531,1053,"Finish Line Boosts 1Q Earnings, Same-Store Sales Forecast",Dow Jones News Service,144,0
26,NKE,126,20120531,1031,MARKET TALK: JPMorgan Initiates Adidas At Neutral,Dow Jones International News,1296,0
27,NKE,127,20120531,1031,"S&P Capital IQ Publishes Quality Trends, an in-depth analysis of ""quality"" in the equity markets",PR Newswire (U.S.),141,0
28,NKE,128,20120531,1739,Career girl: Maria Sharapova's sweet plan for success,CNN Wire,433,0
29,NKE,129,20120531,1737,President of Nike Brand Denson speaks during his keynote speech at the SportAccord convention in Quebec City,Reuters Pictures,433,0
30,NKE,130,20120531,1736,President of Nike Brand Denson speaks during his keynote speech at the SportAccord convention in Quebec City,Reuters Pictures,433,0
31,NKE,131,20120531,1735,MARKET TALK: Canaccord Cautious On Nike's Inventory Position,Dow Jones News Service,433,0
32,NKE,132,20120531,1334,MARKET TALK: Canaccord Cautious On Nike's Inventory Position,Dow Jones News Service,502,0
33,NKE,133,20120530,730,MARKET TALK: Foot Locker Says Fit Key To Winning Over Women,Dow Jones News Service,188,0
34,NKE,134,20120530,1600,MARKET TALK: Foot Locker Says Fit Key To Winning Over Women,Dow Jones News Service,800,0
35,NKE,135,20120530,1545,2nd UPDATE: Foot Locker 1Q Net Jumps 36% As Sales Rise,Dow Jones News Service,800,0
36,NKE,136,20120530,735,Foot Locker 1Q Net Jumps 36%; Same-Store Sales Up 9.7%,Dow Jones News Service,262,0
37,NKE,137,20120529,250,WSJ BLOG/SE Asia Real Time: Pacquiao and Mayweather Duke It Out Over Gay Marriage,Dow Jones International News,119,0
38,NKE,138,20120524,1034,Planet Fashion Gets Some Fresh Looks,NYT Blogs,1228,0
39,NKE,139,20120524,830,"UPDATE 2-PacSun posts narrower loss, banks on Nike to expand margins",Reuters News,1263,0
40,NKE,140,20120523,1109,DJ Two Sigma Investments 1Q: Hldgs As Of Mar 31,Dow Jones Institutional News,63,0
41,NKE,141,20120523,1107,DJ The Vanguard Grp 1Q: Hldgs As Of Mar 31,Dow Jones Institutional News,61,0
42,NKE,142,20120523,1138,DJ S.A.C. Capital Advisors LP 1Q: Hldgs As Of Mar 31,Dow Jones Institutional News,1429,0
43,NKE,143,20120523,1138,DJ Chilton Investment Co. 1Q: Hldgs As Of Mar 31,Dow Jones Institutional News,145,0
44,NKE,144,20120522,1009,DJ OZ Mgmt 1Q: Hldgs As Of Mar 31,Dow Jones Institutional News,1283,0
45,NKE,145,20120522,1009,Asia's Best Analysts: 2012 Survey (A Special Report) --- Personal & Household Goods,The Wall Street Journal Asia,160,0
46,NKE,146,20120518,2420,"Nike, Inc. Declares $0.36 Quarterly Dividend",Reuters Significant Developments,743,0
47,NKE,147,20120518,842,MARKET TALK: Athletic/Footwear Stocks May See Little 1Q Bang,Dow Jones News Service,500,0
48,NKE,148,20120518,2435,MARKET TALK: Athletic/Footwear Stocks May See Little 1Q Bang,Dow Jones News Service,743,0
49,NKE,149,20120518,857,Best on the Street: 2012 Analysts Survey (A Special Report) --- Clothing & Accessories,The Wall Street Journal,500,0
50,NKE,150,20120518,734,Nike (NKE) Mkt On Close Sell Imbalance: Shrs 58800,Dow Jones News Service,255,0
51,NKE,151,20120517,345,=DJ CFA Retail:Insider Review For Week Ended May 4,Dow Jones Institutional News,685,0
52,NKE,152,20120517,NA,=DJ CFA Retail:Insider Review For Week Ended May 4 -2-,Dow Jones Institutional News,722,0
53,NKE,153,20120517,1634,Ready For The Sizzle: Let Your Toes Do the Twinkling,The New York Times,435,0
54,NKE,154,20120516,1418,Manchester City signs up to kit deal with Nike,Financial Times,12490,0
55,NKE,155,20120516,1511,=DJ CFA Substantial Insider Sales: Morning Report,Dow Jones Institutional News,10246,0
56,NKE,156,20120516,1555,Nike (NKE) Mkt On Close Buy Imbalance: Shrs 89200,Dow Jones News Service,12597,0
57,NKE,157,20120516,1454,Nike (NKE) Mkt On Close Sell Imbalance: Shrs 58300,Dow Jones News Service,5174,0
58,NKE,158,20120516,1552,UPDATE: Adidas Raises Guidance As Profit Beats Expectations,Dow Jones Business News,7207,0
59,NKE,159,20120514,NA,=DJ CFA Substantial Insider Sales: Morning Report,Dow Jones Institutional News,455,0
60,NKE,160,20120513,2310,"Patagonia's Founder Is America's Most Unlikely Business Guru; For years, Yvon Chouinard kept his eco-conscious, employee-friendly practices largely to himself. Now megacorporations like Walmart, Levi Straus and Nike are following his lead.",WSJ. The Magazine from The Wall Street Journal,447,0
61,NKE,161,20120514,NA,"Critical Alerts For Nike, Dendreon, SunTrust Banks, Tractor Supply Co, and Aruba Networks Released By InvestorsObserver",PR Newswire (U.S.),59,0
62,NKE,162,20120514,1040,=DJ CFA Retail:Insider Review For Week Ended April 20 -2-,Dow Jones Institutional News,1464,0
63,NKE,163,20120514,1040,UBM TechWeb's Mobile Connect Announces Keynote Speaker & Conference Highlights,PR Newswire (U.S.),144,0
64,NKE,164,20120510,NA,"Amid Inquiry, SoHo Recalls a Less-Fashionable Past",The New York Times,452,0
65,NKE,165,20120509,1545,Nike Started At Buy By Benchmark Co,Dow Jones International News,9,0
66,NKE,166,20120507,713,MARKET TALK: Benchmark Picks Team In Athletic Sector,Dow Jones News Service,538,0
67,NKE,167,20120423,712,MARKET TALK: Benchmark Picks Team In Athletic Sector,Dow Jones News Service,512,0
68,NKE,168,20120507,713,=DJ CFA Substantial Insider Sales: Morning Report,Dow Jones Institutional News,879,0
69,NKE,169,20120506,NA,MARKET TALK: Twitter Hashtag A Must For Next Sneakerhead Rush,Dow Jones News Service,96,0
70,NKE,170,20120505,NA,MARKET TALK: Twitter Hashtag A Must For Next Sneakerhead Rush,Dow Jones News Service,160,0
71,NKE,171,20120504,NA,=DJ CFA Retail:Insider Review For Week Ended April 13,Dow Jones Institutional News,150,0
72,NKE,172,20120503,844,New Home Jersey: Hoops 'R' U.S.,NYT Blogs,1425,0
73,NKE,173,20120503,1545,MARKET TALK: Janney Issues Playbook On Athletic Stocks,Dow Jones News Service,9,0
74,NKE,174,20120502,1545,MARKET TALK: Janney Issues Playbook On Athletic Stocks,Dow Jones News Service,9,0
75,NKE,175,20120430,340,Nike gets off on right foot but can still trip up at the finish; Sportswear,Financial Times,688,0
76,NKE,176,20120430,238,WSJ BLOG/Bankruptcy Beat: The Daily Docket: Trustee May Sue MF Global Officials,Dow Jones News Service,504,0
77,NKE,177,20120430,325,*DJ Nike Started At Buy By Janney NKE,Dow Jones Chinese Financial Wire,688,0
78,NKE,178,20120430,131,Nike Inc (NKE) Mkt On Close Buy Imbalance: Shrs 97000,Dow Jones News Service,502,0
79,NKE,179,20120427,844,Kick Starter | Missoni for Converse,NYT Blogs,709,0
80,NKE,180,20120426,2023,German stocks - Factors to watch on April 11,Reuters News,2999,0
81,NKE,181,20120425,931,Court ruling settles Nike and Reebok NFL kit row,Financial Times,389,0
82,NKE,182,20120423,711,MARKET TALK: Nike's Offensive Moves Paying Dividends -Barclays,Dow Jones News Service,640,0
83,NKE,183,20120420,1339,MARKET TALK: Nike's Offensive Moves Paying Dividends -Barclays,Dow Jones News Service,812,0
84,NKE,184,20120420,NA,=DJ CFA Substantial Insider Sales: Morning Report,Dow Jones Institutional News,795,0
85,NKE,185,20120420,NA,Reebok to Stop Selling Tebow Jerseys,The Wall Street Journal Online,763,0
86,NKE,186,20120420,640,"Reebok Gives Up Tebow Fight, Settles Nike Lawsuit",WSJ Blogs,7,1
87,NKE,187,20120420,953,Indian May Ease Rules for Foreign Single-Brand Retailers – Report,WSJ Blogs,1440,1
88,NKE,188,20120420,953,"RPT-UPDATE 1-Reebok, Nike settle suit over Tebow apparel sales",Reuters News,143,0
89,NKE,189,20120419,844,MARKET TALK: Electronics Manufacturing Probes Likely Lift Costs,Dow Jones News Service,832,0
90,NKE,190,20120419,1601,MARKET TALK: Electronics Manufacturing Probes Likely Lift Costs,Dow Jones News Service,1409,0
91,NKE,191,20120419,1601,=DJ CFA Retail:Insider Review For Week Ended April 6,Dow Jones Institutional News,160,0
92,NKE,192,20120416,712,=DJ CFA Retail:Insider Review For Week Ended April 6 -2-,Dow Jones Institutional News,1128,0
93,NKE,193,20120416,NA,Woods' mother Kultida sits with Nike Chairman Knight as they watch Woods during second round play in the 2012 Masters Golf Tournament in...,Reuters Pictures,410,0
94,NKE,194,20120413,1123,Woods' mother Kultida sits with Nike Chairman Knight as they watch Woods during second round play in the 2012 Masters Golf Tournament in...,Reuters Pictures,1360,0
95,NKE,195,20120413,1123,German stocks - Factors to watch on April 5,Reuters News,146,0
96,NKE,196,20120413,NA,Reuters Sports News Summary,Reuters News,219,0
97,NKE,197,20120413,940,Reuters Sports News Summary,Reuters News,367,0
98,NKE,198,20120412,1607,=DJ CFA Substantial Insider Sales: Morning Report,Dow Jones Institutional News,31,0
99,NKE,199,20120412,1545,"In Nike's Rollout, Flash Everywhere but in Uniforms",The New York Times,10,0
100,NKE,200,20120412,NA,"IN NIKE'S ROLLOUT, FLASH EVERYWHERE BUT IN UNIFORMS",The New York Times Abstracts,214,0
