,Ticker,Index,Date,Time,Headline,Source,NumWords,missing
1,NKE,1,20090326,NA,Business Brief: Nike Inc.,The Wall Street Journal Europe,145,0
2,NKE,2,20090326,NA,"UPDATE 2-Nike pulls output at 4 Asia plants, more may come",Reuters News,151,0
3,NKE,3,20090324,1529,Business Brief: Nike Inc.,The Wall Street Journal Europe,667,0
4,NKE,4,20090320,NA,Nike winded,Financial Times,114,0
5,NKE,5,20090320,NA,"NIKE, Inc. Announces Nike Brand Geographical Restructuring To Enhance Consumer Focus",Dow Jones News Service,330,0
6,NKE,6,20090320,900,"Nike, Inc. To Restructure Brand; May Cut Jobs-Reuters",Reuters Significant Developments,346,0
7,NKE,7,20090320,NA,Business Brief: Nike Inc.,The Wall Street Journal Asia,51,0
8,NKE,8,20090320,NA,Nike Signals Tougher Outlook,The Wall Street Journal (Online and Print),208,0
9,NKE,9,20090319,NA,Corporate News: Nike Signals Tougher Outlook,The Wall Street Journal,423,0
10,NKE,10,20090319,NA,DJ Hot Stocks to Watch: NKE,Dow Jones Chinese Financial Wire,422,0
11,NKE,11,20090319,637,"UPDATE 3-Nike orders shrink, hopes revenue grows next year",Reuters News,81,0
12,NKE,12,20090318,1815,"=DJ Nike 3Q Net Slumps 47% On Charge As Rev, Margins Fall >NKE",Dow Jones Chinese Financial Wire,862,0
13,NKE,13,20090318,1955,"PRESS RELEASE: NIKE, Inc. Reports Fiscal Third Quarter 2009 Results",Dow Jones News Service,610,0
14,NKE,14,20090318,1615,"Nike, Inc. Comments On Q4 2009, Q1, Q2 2010 And H2 2010 Revenue Outlook-Conference Call",Reuters Significant Developments,3925,0
15,NKE,15,20090318,NA,Nike seeks 'opportunities' in turmoil,Financial Times,169,0
16,NKE,16,20090316,NA,Nike Creates 'Men vs. Women' Virtual Running Race to Declare Winner in Age-Old Rivalry,PR Newswire Europe,244,0
17,NKE,17,20090313,300,Spring is All About the Coveted Canvas Classic for Kids Foot Locker,PR Newswire (U.S.),650,0
18,NKE,18,20090311,507,Where is the Market Bottom? Reposition your Portfolio Now,PR Newswire (U.S.),345,0
19,NKE,19,20090310,1330,Pinstripe Wizard,The New York Times,418,0
20,NKE,20,20090308,NA,Carrying Charges,The New York Times,145,0
21,NKE,21,20090308,NA,=DJ Adidas Aims To Trim Costs; Sees Lower '09 Sales,Dow Jones Chinese Financial Wire,50,0
22,NKE,22,20090304,2228,Adidas warns of lower 2009 sales,The Wall Street Journal Europe,692,0
23,NKE,23,20090304,1109,2nd UPDATE: Adidas Aims To Cut Costs; Sees Lower '09 Sales,Dow Jones International News,638,0
24,NKE,24,20090305,NA,"CORRECT: Adidas Meets '08 Goals, Expects Declines In '09",Dow Jones International News,395,0
25,NKE,25,20090305,NA,"Nike Director Jeanne P. Jackson Appointed As Pres Of Direct To Consumer For NIKE, Inc.",Dow Jones News Service,404,0
26,NKE,26,20090304,558,Yue Yuen In Talks With Banks To Refinance US$260M Conv Bonds,Dow Jones Global Equities News,515,0
27,NKE,27,20090304,716,"Companies cheer Tiger Woods's return --- PepsiCo, GE, LVMH among those seeking boost from comeback",The Wall Street Journal Asia,334,0
28,NKE,28,20090304,1635,Photos: Berenson Associates Announces New Stores,PR Newswire (U.S.),15,0
29,NKE,29,20090227,513,/C O R R E C T I O N -- Cole Haan/,PR Newswire (U.S.),180,0
30,NKE,30,20090226,NA,"XplosiveStocks.com: V, CF, LMT, MOS, RE, NKE Hot Stock Alerts!",PR Newswire (U.S.),975,0
31,NKE,31,20090226,NA,"UPDATE 1-Citi: Nike to post double-digit EPS growth in '09,'10",Reuters News,856,0
32,NKE,32,20090225,NA,Nike says to build logistics centre in China,Reuters News,957,0
33,NKE,33,20090223,1311,Technology (A Special Report): Front &Forward --- The Latest Buzz on...,The Wall Street Journal,513,0
34,NKE,34,20090223,1110,"Nike, Inc. Declares Quarterly Dividend",Reuters Significant Developments,509,0
35,NKE,35,20090222,2207,"H&M’s New CEO, L’Oreal Halts Russia Shipments, Nike Job Cuts, Fashion Designers Toast Barbie’s 50th Birthday",WSJ Blogs,402,1
36,NKE,36,20090218,1530,Corporate News: Nike Mulls Jobs Cuts Amid Revamp,The Wall Street Journal,320,0
37,NKE,37,20090218,1010,ANALYSIS-UPDATE 1-Nike likely to cut 2009 marketing budget,Reuters News,177,0
38,NKE,38,20090217,2126,=DJ Nike Mulls 4% Work Force Cut In Restructuring Plan >NKE,Dow Jones Chinese Financial Wire,200,0
39,NKE,39,20090217,NA,N AMERICAN MORNING BRIEFING: Stks Seen Up But Bailout Weighs,Dow Jones News Service,685,0
40,NKE,40,20090213,NA,Nike Mulls Jobs Cuts Amid Revamp,The Wall Street Journal (Online and Print),62,0
41,NKE,41,20090211,939,Cole Haan Debuts Spring 2009 Ad Campaign Featuring Maria Sharapova,PR Newswire (U.S.),511,0
42,NKE,42,20090211,NA,"Nike, Inc. Announces Corporate Restructuring and Cost Reductions",Reuters Significant Developments,225,0
43,NKE,43,20090211,1739,"NIKE, Inc. Announces Corporate Restructuring And Cost Reductions To Enhance Consumer Focus And Drive Innovation More Quickly To Market",Dow Jones News Service,740,0
44,NKE,44,20090210,2000,CONSUMER FINANCE: Think Investing When Celebrity-Gazing,Dow Jones News Service,250,0
45,NKE,45,20090211,633,DAVOS-Nike CEO sees big jump in online sales,Reuters News,1620,0
46,NKE,46,20090211,NA,"Big brands recruiting ""Consumer Kids"" to sell wares",Reuters News,226,0
47,NKE,47,20090210,1201,DJ Hot Stocks: ZQK NKE,Dow Jones Chinese Financial Wire,390,0
48,NKE,48,20090210,NA,UPDATE 1-Quiksilver to cut 200 jobs,Reuters News,132,0
49,NKE,49,20090210,1715,"XplosiveStocks.com: AMGN, COST, AXP, NKE, MCD, TGT Hot Stocks on the Move",PR Newswire (U.S.),203,0
50,NKE,50,20090204,736,Business Brief: Yue Yuen Industrial,The Wall Street Journal Asia,656,0
51,NKE,51,20090131,930,DJ Yue Yuen Industrial Last FY Net Profit Up 30.4% At US$468.7M,Dow Jones Chinese Financial Wire,161,0
52,NKE,52,20090128,728,Yue Yuen Industrial Last FY Net Profit Up 30.4% At US$468.7M,Dow Jones International News,773,0
53,NKE,53,20090128,728,Yue Yuen December Operating Revenue US$466 Mln,Dow Jones International News,791,0
54,NKE,54,20090127,1143,DJ Yue Yuen December Operating Revenue US$466M; Up 16.1% On Yr,Dow Jones Chinese Financial Wire,106,0
