,Ticker,Index,Date,Time,Headline,Source,NumWords,missing
1,NKE,1,20030630,1015,UPDATE 1-Adidas says to hit '03 goals but N. America drags.,Reuters News,355,0
2,NKE,2,20030630,923,Adidas sees no sales growth in N.America in 2003.,Reuters News,133,0
3,NKE,3,20030630,844,"Adidas says H1 sales, earnings up, 2003 on track.",Reuters News,105,0
4,NKE,4,20030629,2338,Japan stocks mixed in morning but techs strong.,Reuters News,711,0
5,NKE,5,20030629,2231,"Japan stocks mixed in morning, high-techs strong.",Reuters News,349,0
6,NKE,6,20030630,NA,Nike and the Free-Speech Knot,The Wall Street Journal,978,0
7,NKE,7,20030630,NA,Stocks Face Test as Quarter Ends,The Wall Street Journal,1480,0
8,NKE,8,20030630,1430,Social Matters Overshadow Corporate Losses At High Court,Dow Jones News Service,1071,0
9,NKE,9,20030630,NA,Consumer Products Brief -- Nike Inc.: Net Rises 18% as Overseas Sales Offset Declining Orders in U.S.,The Asian Wall Street Journal,162,0
10,NKE,10,20030630,NA,"U.S. Stocks Face Crucial Test --- As Second Quarter Ends, Investors Will Seek Signs Of Recovery to Justify Gains",The Asian Wall Street Journal,1542,0
11,NKE,11,20030630,NA,Politics & Policy: State Farm Had Notable Success in High Court,The Asian Wall Street Journal,810,0
12,NKE,12,20030630,NA,Nike and the Free Speech Knot,The Asian Wall Street Journal,795,0
13,NKE,13,20030630,NA,U.S. Stocks Face Crucial Test as Quarter Ends,The Wall Street Journal Europe,1591,0
14,NKE,14,20030630,NA,Sodomy and Sneakers,The Wall Street Journal Europe,657,0
15,NKE,15,20030626,2035,NIKE reports fourth quarter earnings per share up 19 percent - Worldwide futures orders increase 4.4 ...,PR Newswire Disclose,2122,0
16,NKE,16,20030627,NA,"Schaeffer's Midday Options Update Features LLY, NKE, MCD, NVLS.",PR Newswire,822,0
17,NKE,17,20030627,1839,"WRAPUP 1-U.S. stocks, bonds slip - oil prices rise.",Reuters News,834,0
18,NKE,18,20030627,1807,"UPDATE 4-Nike shares fall on weak U.S. orders, downgrade.",Reuters News,438,0
19,NKE,19,20030627,1658,U.S. stocks fall on dour earnings news.,Reuters News,682,0
20,NKE,20,20030627,1618,U.S. stocks end lower amid quarter-end shuffling.,Reuters News,165,0
21,NKE,21,20030627,1535,U.S. stocks sag amid quarter-end portfolio shuffle.,Reuters News,507,0
22,NKE,22,20030627,1439,U.S. stocks fall after talk of big S&P put play.,Reuters News,475,0
23,NKE,23,20030627,2457,"US tech shares rise a bit, blue chips flat at midday.",Reuters News,454,0
24,NKE,24,20030627,2405,U.S. tech shares up ahead of quarter's end.,Reuters News,408,0
25,NKE,25,20030627,2400,U.S. hot stocks highlights - June 27 (afternoon).,Reuters News,270,0
26,NKE,26,20030627,1121,U.S. tech shares gain ahead of quarter's end.,Reuters News,434,0
27,NKE,27,20030627,1026,U.S. stocks straddle unchanged mark - Nike sags.,Reuters News,435,0
28,NKE,28,20030627,1807,"UPDATE 4-Nike shares fall on weak U.S. orders, downgrade.",Reuters News,448,0
29,NKE,29,20030627,1006,U.S. hot stocks highlights - June 27 (morning).,Reuters News,399,0
30,NKE,30,20030627,938,"U.S. stocks flat, await consumer sentiment report.",Reuters News,106,0
31,NKE,31,20030627,934,"Nike shares fall on weak U.S. orders, downgrade.",Reuters News,219,0
32,NKE,32,20030627,933,Before the Bell-MedImmune rises in pre-open trade.,Reuters News,431,0
33,NKE,33,20030627,910,U.S. stocks expected to tick up - Nike disappoints.,Reuters News,495,0
34,NKE,34,20030627,800,"U.S. stocks to open higher - eyes on data, Nike.",Reuters News,595,0
35,NKE,35,20030627,749,RESEARCH ALERT-Merrill cuts Nike rating.,Reuters News,45,0
36,NKE,36,20030627,718,HEADLINE STOCKS - U.S. stocks to watch on June 27.,Reuters News,278,0
37,NKE,37,20030627,715,"Wall St seen mixed, angsty ahead of Michigan index.",Reuters News,408,0
38,NKE,38,20030627,412,Adidas shares lose footing after weak Nike orders.,Reuters News,370,0
39,NKE,39,20030627,201,European stocks - Factors to watch on June 27.,Reuters News,835,0
40,NKE,40,20030626,2037,UPDATE 3-Nike earnings up but stock drops after hours.,Reuters News,611,0
41,NKE,41,20030627,NA,"Split Decisions for Business --- In High-Court Rulings, Industry Posts a Victory Among Losses",The Wall Street Journal,1153,0
42,NKE,42,20030627,NA,Business Brief: Nike Inc.,The Wall Street Journal,158,0
43,NKE,43,20030627,NA,Sodomy and Sneakers,The Wall Street Journal,799,0
44,NKE,44,20030627,NA,Court declines Nike case.,Financial Times,30,0
45,NKE,45,20030627,NA,Judges opt out of Nike free speech case - SUPREME COURT.,Financial Times,446,0
46,NKE,46,20030627,NA,"NIKE PROFITS RISE 18%, LESS THAN EXPECTED",The New York Times Abstracts,34,0
47,NKE,47,20030627,NA,U.S. Supreme Court Scorecard: Big Business Win Amid Losses,The Wall Street Journal Europe,447,0
48,NKE,48,20030626,1722,NIKE reports fourth quarter earnings per share up 19 percent - Worldwide futures orders increase 4.4 ...,PR Newswire Disclose,2122,0
49,NKE,49,20030626,NA,"MORNING UPDATE - Man Securities Issues Alerts for CZN, MER, IPG, NKE, And TROW.",PR Newswire,1580,0
50,NKE,50,20030626,1825,"Nike sees higher 1st-, 2nd-qtr earnings.",Reuters News,92,0
51,NKE,51,20030626,1757,"UPDATE 2-Nike 4th-qtr earnings up, helped by weak dollar.",Reuters News,357,0
52,NKE,52,20030626,1751,"After the Bell-Nike, Medicis sink.",Reuters News,371,0
53,NKE,53,20030626,1740,Nike sees higher fiscal 2004 revenue and earnings.,Reuters News,83,0
54,NKE,54,20030626,1704,After the Bell-Medicis sinks after warning.,Reuters News,194,0
55,NKE,55,20030626,1655,"UPDATE 1-Nike Q4 earnings, revenues rise.",Reuters News,275,0
56,NKE,56,20030626,1633,Nike 4th-qtr earnings rise on international sales.,Reuters News,159,0
57,NKE,57,20030626,1632,TABLE-Nike (NKE.N) Q4 results.,Reuters News,345,0
58,NKE,58,20030626,1713,UPDATE 4-US top court won't decide Nike free-speech case.,Reuters News,578,0
59,NKE,59,20030626,1047,US top court dismisses Nike free-speech appeal.,Reuters News,95,0
60,NKE,60,20030626,801,US stocks seen up as disappointment with Fed fades.,Reuters News,595,0
61,NKE,61,20030626,741,DIARY-Today in U.S. Equities - June 26.,Reuters News,733,0
62,NKE,62,20030626,631,"Wall St seen up, putting aside dismay over Fed.",Reuters News,458,0
63,NKE,63,20030626,NA,"Nike, Inc. Issues Fiscal Year 2004 Outlook-Reuters",Reuters Significant Developments,85,0
64,NKE,64,20030626,1730,Nike Posts 18% Profit Jump on Strong Overseas Sales,Dow Jones Business News,415,0
65,NKE,65,20030626,2414,High Court Backs Away From Nike Free-Speech Case,Dow Jones Business News,791,0
66,NKE,66,20030626,1739,NEWS WRAP: Nike Posts 18% Net Jump On Strong Overseas Sales,Dow Jones News Service,411,0
67,NKE,67,20030626,1722,Nike Backs FY04 Rev Growth In High-Single Digits,Dow Jones News Service,473,0
68,NKE,68,20030626,1655,Nike Inc. (NKE) Resumed Trading,Dow Jones News Service,5,0
69,NKE,69,20030626,1622,NIKE Reports 4Q EPS Up 19 Percent; Worldwide Futures Orders Increase 4.4 Percent; Full Yr Rev Exceed $10 B,Dow Jones News Service,437,0
70,NKE,70,20030626,1034,US High Court Dismisses Nike Commercial Speech Case,Dow Jones News Service,856,0
71,NKE,71,20030626,NA,NIKE reports fourth quarter earnings per share up 19 percent - Worldwide futures orders increase 4.4 ...,PR Newswire Europe,2077,0
72,NKE,72,20030625,1749,DIARY-U.S. Corporate earnings calendar June 26.,Reuters News,114,0
73,NKE,73,20030625,NA,Nike Signs Bryant To $40 Million Pact,The Wall Street Journal,266,0
74,NKE,74,20030624,1530,Basketball star Kobe Bryant signs Nike deal.,Reuters News,349,0
75,NKE,75,20030624,957,Nike Signs Laker All-Star Kobe Bryant,Dow Jones News Service,341,0
76,NKE,76,20030623,1030,Stock Rating Reiterations: PKTR NKE EDS DNA MAS ARO DOX,Dow Jones News Service,69,0
77,NKE,77,20030620,NA,Corrections &Amplifications,The Wall Street Journal,437,0
78,NKE,78,20030620,NA,"Advertising: A Master on Pitch, Master Pitchman Makes Real Score",The Asian Wall Street Journal,842,0
79,NKE,79,20030619,NA,Real Madrid's Beckham Win Proves Strong Marketing Move,The Asian Wall Street Journal,434,0
80,NKE,80,20030619,NA,"Transfer of Master on Pitch Who Is Also a Pitch Master Shows Real Business Plan --- When Mr. Beckham Plays for Madrid, He'll Have Squad of...",The Wall Street Journal Europe,1017,0
81,NKE,81,20030619,NA,"NIKE, Inc. to Webcast Earnings Conference Call.",PR Newswire,292,0
82,NKE,82,20030618,1132,THE SKEPTIC: It's Man Utd That Scores With Beckham Sale,Dow Jones International News,779,0
83,NKE,83,20030616,2442,Supreme Court Upholds Ban on Nonprofit Campaign Donations,Dow Jones Business News,732,0
84,NKE,84,20030616,1013,High Court Rules For FEC On NonProfit Campaign Finance,Dow Jones News Service,762,0
85,NKE,85,20030615,1153,FEATURE-Young talents wooed by shoemakers for endorsements.,Reuters News,735,0
86,NKE,86,20030613,1013,Business at the heart of the battle for Beckham.,Reuters News,595,0
87,NKE,87,20030612,NA,Nike ACG Partners With Elite Adventure Racing Team.,PR Newswire,434,0
88,NKE,88,20030610,355,"UPDATE 1-HK shoemaker Yue Yuen jumps on results, dividend.",Reuters News,450,0
89,NKE,89,20030609,2241,"HK stocks weak early on, Yue Yuen bucks trend.",Reuters News,356,0
90,NKE,90,20030609,2056,HK shoemaker Yue Yuen says poised to extend growth.,Reuters News,367,0
91,NKE,91,20030610,NA,These Marathon Men Are Tired of Jogging Down Memory Lane --- Their Aim: Revive Glory Days Of U.S. Distance Running On a Shoestring Budget,The Wall Street Journal,1310,0
92,NKE,92,20030609,633,UPDATE 1-HK shoemaker Yue Yuen says H1 net profit jumps 37 pct.,Reuters News,494,0
93,NKE,93,20030609,609,TABLE-Yue Yuen (0551.HK) H1 net rises 37.1 pct.,Reuters News,154,0
94,NKE,94,20030609,306,UPDATE 1-NEWSMAKER-Taiwan's shoe king stays out of the limelight.,Reuters News,843,0
95,NKE,95,20030609,1255,NEWSMAKER-Taiwan's shoe king stays out of the limelight.,Reuters News,742,0
96,NKE,96,20030606,2410,CORRECT: Finish Line Shrs Hit 52-Wk High Of $21.46 Thurs,Dow Jones News Service,67,0
97,NKE,97,20030605,941,UPDATE 1-Finish Line raises outlook above Wall St estimate.,Reuters News,274,0
98,NKE,98,20030605,856,"Finish Line raises outlook, same-store sales rise.",Reuters News,161,0
99,NKE,99,20030605,830,Finish Line Comparable Store Sales Increase 14% For 1Q>FINL NKE,Dow Jones News Service,890,0
100,NKE,100,20030603,456,"Philips targets young with new cameras, iPod rival.",Reuters News,349,0
