,Ticker,Index,Date,Time,Headline,Source,NumWords,missing
1,NKE,101,20040122,1549,Olympics-USOC lands sponsorship deal with Nike.,Reuters News,291,0
2,NKE,102,20040121,1807,UPDATE 2-Nike to be U.S. Olympics committee sponsor-source.,Reuters News,318,0
3,NKE,103,20040121,1349,Olympics-Nike to be U.S. Olympics committee sponsor-source.,Reuters News,102,0
4,NKE,104,20040121,1341,Nike to be U.S. Olympics committee sponsor-source.,Reuters News,148,0
5,NKE,105,20040120,1605,Nike Golf Helps Los Angeles Find Its Mojo... Again,PR Newswire,609,0
6,NKE,106,20040116,1721,Nike Golf Helps Central Florida Find Its Mojo ... Again and Again,PR Newswire,678,0
7,NKE,107,20040113,1028,Finish Line Breaks 'Centipede' Commercial Featuring Nike Shox Turbo Running Shoes,PR Newswire,414,0
8,NKE,108,20040113,731,Nike Repurchased 1.6M Class B Shares For $100.5M In 2Q,Dow Jones Corporate Filings Alert,193,0
9,NKE,109,20040112,1716,Nike Repurchased 1.6M Class B Shares For $100.5M In 2Q,Dow Jones Corporate Filings Alert,186,0
10,NKE,110,20040112,1756,Nike Golf Helps Las Vegas Find Its Mojo,PR Newswire,693,0
11,NKE,111,20040112,1706,Nike Golf Helps Orlando Find Its Mojo,PR Newswire,636,0
