,Ticker,Index,Date,Time,Headline,Source,NumWords,missing
1,NKE,1,20081224,2452,DJ Hot Stocks: NKE,Dow Jones Chinese Financial Wire,69,0
2,NKE,2,20081223,1233,UPDATE: Yue Yuen Expects This FY Revenue To Exceed Last FY,Dow Jones International News,255,0
3,NKE,3,20081223,103,=DJ UPDATE: Yue Yuen Expects This FY Revenue To Exceed Last FY,Dow Jones Chinese Financial Wire,312,0
4,NKE,4,20081222,NA,"Nike, Inc. Files For Up To $760 Million Debt Shelf-Reuters",Reuters Significant Developments,46,0
5,NKE,5,20081222,1721,Nike Registers $760M Debt Securities,Dow Jones Corporate Filings Alert,74,0
6,NKE,6,20081219,NA,Business Brief: Nike Inc.,The Wall Street Journal Europe,167,0
7,NKE,7,20081219,NA,"DJ US HOT STOCKS: Take-Two Interactive , Scholastic, Nike , Scholastic,",Dow Jones Institutional News,153,0
8,NKE,8,20081218,2402,"DJ US HOT STOCKS: Take-Two Interactive , Scholastic, Nike , Scholastic,",Dow Jones Institutional News,1481,0
9,NKE,9,20081218,1006,Nike Net Jumps 8.8% on Sales Abroad,The Wall Street Journal (Online and Print),1294,0
10,NKE,10,20081218,NA,Corporate News: Nike Net Jumps 8.8% on Sales Abroad,The Wall Street Journal,245,0
11,NKE,11,20081218,NA,Overseas Sales Give Nike a Lift in Quarter,The New York Times,251,0
12,NKE,12,20081218,NA,DJ Hot Stocks:NKE,Dow Jones Chinese Financial Wire,245,0
13,NKE,13,20081218,1149,"Nike, Inc. Comments On H2 2009 Revenue Outlook-Conference Call",Reuters Significant Developments,48,0
14,NKE,14,20081217,NA,"UPDATE 3-Nike net profit rises, but U.S. revenue down",Reuters News,75,0
15,NKE,15,20081217,1642,"=DJ Nike 2Q Net Up 8.8% On Higher Sales, Margins >NKE",Dow Jones Chinese Financial Wire,689,0
16,NKE,16,20081217,1822,"UPDATE: Nike 2Q Net Up 8.8% On Higher Sales, Margins",Dow Jones News Service,438,0
17,NKE,17,20081217,1618,Digital boost for China --- Online media stand to gain as marketers seek to cut ad costs,The Wall Street Journal Europe,382,0
18,NKE,18,20081217,1822,"Seven Summits Research Releases Comments on AAPL, POT, NKE, GME, and BTU",PR Newswire (U.S.),351,0
19,NKE,19,20081211,NA,DJ Hot Stocks: NKE,Dow Jones Chinese Financial Wire,765,0
20,NKE,20,20081210,1017,"DJ Yue Yuen November Operating Revenue US$450.1M, Up 22.2% On Yr",Dow Jones Chinese Financial Wire,457,0
21,NKE,21,20081210,1346,"Holiday Deals: Cole Haan 30% In-Store Discount, Pottery Barn Gifts Under $25",WSJ Blogs,75,1
22,NKE,22,20081210,814,"Seven Summits Research Releases Comments on GS, DNA, BP, NKE, and CHL",PR Newswire (U.S.),202,0
23,NKE,23,20081205,1317,Teamsters Tell Elton Brand of Philadelphia 76ers: Don't Tread on Workers with Nike Sneakers; Teamsters Union Members Protest 76ers Game,PR Newswire (U.S.),150,0
24,NKE,24,20081124,1033,"Nike, Inc. Increases Quarterly Dividend",Reuters Significant Developments,504,0
25,NKE,25,20081122,933,"ETHICS MONITOR: 5 Cos Taking On Climate, Energy Challenges",Dow Jones News Service,383,0
26,NKE,26,20081121,NA,Consumer Firms Start Coalition to Promote Green Policies,Clean Technology Insight,85,0
27,NKE,27,20081121,826,WSJ(11/13) How It Felt To Be Kicked By A Running Shoe,Dow Jones Chinese Financial Wire,749,0
28,NKE,28,20081120,NA,"UPDATE 1-Nike, Starbucks calling for new US climate policy",Reuters News,391,0
29,NKE,29,20081119,1138,Corporate News: Nike's Penney Deal Is Budget-Retail Bid,The Wall Street Journal,391,0
30,NKE,30,20081118,2140,Nike's Penney Deal Is Budget-Retail Bid,The Wall Street Journal (Online and Print),872,0
31,NKE,31,20081119,1155,"The Daily Thread: Safilo Renews PPR Eyeglasses Deal, Tommy Hilfiger Relaunches Children's, Nike's J.C. Penney Line",WSJ Blogs,411,1
32,NKE,32,20081119,1155,DJ Yue Yuen October Operating Revenue US$441.4M; Up 25% On Year,Dow Jones Chinese Financial Wire,255,0
33,NKE,33,20081111,NA,"Seven Summits Research to Host Webinar Featuring AAPL, BAC, XOM, HPQ, and NKE",PR Newswire (U.S.),265,0
34,NKE,34,20081111,NA,Mall Advertising Test Shows 38 Percent Sales Lift for Marketers Using Adspace Digital Mall Network,PR Newswire (U.S.),266,0
35,NKE,35,20081111,925,UPDATE 2-Nike unveils new products in environmental push,Reuters News,498,0
36,NKE,36,20081110,738,Nothing is Certain But . . . Sarah Palin's Wardrobe & Taxes?,WSJ Blogs,204,1
37,NKE,37,20081107,931,CORRECTED - FACTBOX-Corporate spending on sport in North America,Reuters News,485,0
38,NKE,38,20081029,1547,UPDATE 1-Oracle joins Microsoft/HP; boosts stock buyback,Reuters News,1080,0
39,NKE,39,20081028,1405,Nike Claims Wal-Mart Copied Shoes,The Wall Street Journal,608,0
40,NKE,40,20081023,924,Nike Claims Wal-Mart Copied Shoes,The Wall Street Journal (Online and Print),370,0
41,NKE,41,20081021,1119,"DJ Nike Sues Wal-Mart, Claims Infringement On Shoe Design-Report",Dow Jones Chinese Financial Wire,474,0
42,NKE,42,20081020,1801,"BET Networks Secures Advertising and Promotional Partnerships with Nike, MySpace Music, Comcast, Toyota, Alltel Wireless and Fox Searchlight...",PR Newswire (U.S.),244,0
43,NKE,43,20081017,NA,"Nike sues Wal-Mart, alleges patent infringement",Reuters News,383,0
44,NKE,44,20081017,NA,Nike v. Wal-Mart: Shox Shoes at Center of Patent Suit,WSJ Blogs,386,1
45,NKE,45,20081016,2158,"Nike Sues Wal-Mart, Claims Infringement On Shoe Design-Report",Dow Jones International News,156,0
46,NKE,46,20081017,2458,"Seven Summits Research Releases Comments on NKE, FSLR, JCP, SNY, and ADM",PR Newswire (U.S.),1168,0
47,NKE,47,20081016,925,"Nike, Inc. Sues Wal-Mart Stores, Inc.; Alleges Patent Infringement-Reuters",Reuters Significant Developments,168,0
48,NKE,48,20081016,1327,Cole Haan Changes The World One Penny at a Time,PR Newswire (U.S.),272,0
49,NKE,49,20081016,1136,"UPDATE 1-Payless to launch eco-friendly ""green"" shoes",Reuters News,100,0
50,NKE,50,20081016,1023,UPDATE 2-Abbott Labs to repurchase $5 billion in stock,Reuters News,525,0
