,Ticker,Index,Date,Time,Headline,Source,NumWords,missing
1,NKE,1,20030331,1410,Nike Golf Appoints Industry Leader Dave Pillsbury to U.S. General Manager.,PR Newswire,641,0
2,NKE,2,20030331,1203,Soccer-Man Utd gear up for more financial success.,Reuters News,490,0
3,NKE,3,20030331,1435,CFA Retail: Insider Review For Week Ended March 28,Dow Jones Corporate Filings Alert,1328,0
4,NKE,4,20030331,842,SUBSTANTIAL INSIDER TRANSACTIONS REPORTED ON 3/28,Dow Jones Corporate Filings Alert,1323,0
5,NKE,5,20030330,1614,PRESS DIGEST-Australian Business News - March 31.,Reuters News,1032,0
6,NKE,6,20030328,NA,"BearingPoint, Inc. Names Robert S. Falcone Chief Financial Officer",Reuters Significant Developments,87,0
7,NKE,7,20030328,535,"UPDATE 2-Puma acquires Japan business, lifts forecasts.",Reuters News,463,0
8,NKE,8,20030328,841,SUBSTANTIAL INSIDER TRANSACTIONS REPORTED ON 3/27,Dow Jones Corporate Filings Alert,1472,0
9,NKE,9,20030327,914,SUBSTANTIAL INSIDER TRANSACTIONS REPORTED ON 3/26,Dow Jones Corporate Filings Alert,1348,0
10,NKE,10,20030325,NA,Nike N-Dorfin supports International Inline Skating Association through Marathon Tour sponsorship.,PR Newswire,377,0
11,NKE,11,20030324,729,Nike Golf's TA2 Named Official Practice Ball for 2003 Nationwide Tour.,PR Newswire,709,0
12,NKE,12,20030324,803,BearingPoint Names Robert S. Falcone Fincl Chief,Dow Jones News Service,191,0
13,NKE,13,20030324,824,BearingPoint names new CFO.,Reuters News,78,0
14,NKE,14,20030321,450,NIKE reports third quarter earnings per share up two percent - Worldwide futures orders increase 5.8 percent.,PR Newswire Disclose,1589,0
15,NKE,15,20030321,NA,"El Paso, Nike Climb as Investors Try to Gauge Iraq War's Length",The Wall Street Journal,899,0
16,NKE,16,20030321,NA,"Consumer Products Brief -- Nike Inc.: Fiscal 3rd-Quarter Net Income Fell 1.3%, Revenue Rose 6.2%",The Asian Wall Street Journal,184,0
17,NKE,17,20030320,NA,NIKE REPORTS DROP IN EARNINGS FOR QUARTER,The New York Times,131,0
18,NKE,18,20030320,NA,NIKE REPORTS DROP IN EARNINGS FOR QUARTER,New York Times Abstracts,52,0
19,NKE,19,20030319,2009,Nike Sees Signs Of Hope For US Footwear Sales,Dow Jones News Service,616,0
20,NKE,20,20030320,1148,U.S. hot stocks highlights - March 20 (afternoon).,Reuters News,563,0
21,NKE,21,20030320,954,U.S. hot stocks highlights - March 20 (morning).,Reuters News,547,0
22,NKE,22,20030320,724,HEADLINE STOCKS - U.S. stocks to watch on March 20.,Reuters News,344,0
23,NKE,23,20030320,551,Wall St poised for volatile day as Iraq war starts.,Reuters News,532,0
24,NKE,24,20030319,1924,"UPDATE 2-Nike net slips on weak U.S. results, backs year view.",Reuters News,618,0
25,NKE,25,20030320,NA,Consumer Products Brief -- Nike Inc.: Income Slipped While Sales Rose in Fiscal Third Quarter,The Wall Street Journal,174,0
26,NKE,26,20030319,1710,NIKE reports third quarter earnings per share up two percent - Worldwide futures orders increase 5.8 percent.,PR Newswire Disclose,1589,0
27,NKE,27,20030319,705,DIARY-Today in U.S. Equities - March 19.,Reuters News,515,0
28,NKE,28,20030319,1756,NIKE reports third quarter earnings per share up two percent - Worldwide futures orders increase 5.8 percent.,PR Newswire Europe,1580,0
29,NKE,29,20030319,1729,Nike's 3rd-Quarter Net Fell 1.3%; Revenue Rose 6.2%,Dow Jones Business News,519,0
30,NKE,30,20030319,1725,"NEWS WRAP: Nike Earnings Flat, Revenue Up In 3Q",Dow Jones News Service,218,0
31,NKE,31,20030319,1647,Nike Inc. (NKE) Resumed Trading,Dow Jones News Service,5,0
32,NKE,32,20030319,1617,NIKE Reports 3Q EPS Up Two Percent; Worldwide Futures Orders Increase 5.8 %,Dow Jones News Service,513,0
33,NKE,33,20030319,1707,UPDATE 1-Nike net slips on weak U.S. results.,Reuters News,342,0
34,NKE,34,20030319,1633,Nike net slips on weak U.S. results.,Reuters News,153,0
35,NKE,35,20030319,1626,TABLE-Nike Inc. (NKE.N) 3rd-qtr earnings results.,Reuters News,344,0
36,NKE,36,20030318,1725,DIARY-U.S. Corporate earnings calendar March 19.,Reuters News,181,0
37,NKE,37,20030318,NA,"Advertising: Cole Haan gets a little Nike styling, and Nike ...",New York Times Abstracts,31,0
38,NKE,38,20030313,901,RESEARCH ALERT-Merrill raises Finish Line to 'buy'.,Reuters News,179,0
39,NKE,39,20030313,753,Shoemaker Yue Yuen says Q1 profits leap.,Reuters News,226,0
40,NKE,40,20030312,1724,"UPDATE 3-Foot Locker 4th-qtr profit jumps,sales goal missed.",Reuters News,392,0
41,NKE,41,20030312,540,FEATURE-Puma and Adidas rediscover their sole.,Reuters News,829,0
42,NKE,42,20030312,NA,"NIKE, Inc. to Webcast Earnings Conference Call.",PR Newswire,270,0
43,NKE,43,20030312,NA,Olympic Legend Carl Lewis to Host Sprint Summit at 2003 Nike Indoor Championships.,PR Newswire,265,0
44,NKE,44,20030311,451,Adidas says '03 profit goal depends on Mideast.,Reuters News,125,0
45,NKE,45,20030311,642,UPDATE 2-Adidas-Salomon eyes net profit sprint in 2003.,Reuters News,733,0
46,NKE,46,20030311,134,Adidas says sees 2003 net profit up 10-15 pct.,Reuters News,157,0
47,NKE,47,20030308,102,UPDATE 1-Fila agrees to $351 mln sale of operations.,Reuters News,212,0
48,NKE,48,20030306,659,RESEARCH ALERT-JP Morgan adds Nike to Focus List.,Reuters News,67,0
49,NKE,49,20030304,855,RESEARCH ALERT-Merrill raises Nike price target.,Reuters News,82,0
50,NKE,50,20030303,1851,Pfizer Files Friend-of-the-Court Brief in Support of First-Amendment Rights For All Americans.,PR Newswire,506,0
51,NKE,51,20030303,1851,Pfizer Files Friend-of-the-Court Brief in Support of First-Amendment Rights For All Americans.,PR Newswire,506,0
52,NKE,52,20030303,2456,U.S. corporate icons brace for Iraq war backlash.,Reuters News,818,0
53,NKE,53,20030303,1128,Soccer-Manchester United win new billionaire fan club.,Reuters News,755,0
54,NKE,54,20030228,1533,Options Report: A Few Long Bets Planted In The Gloom,Dow Jones News Service,790,0
55,NKE,55,20030228,NA,Parametric Technology Corporation Receives Order from Nike Inc.,Reuters Significant Developments,50,0
56,NKE,56,20030227,409,"Italy shares open up,Fiat gains on new management.",Reuters News,505,0
57,NKE,57,20030227,311,PRESS DIGEST - Italy - Feb 27.,Reuters News,341,0
58,NKE,58,20030226,NA,Grace Park Joins Nike Golf Tour Staff.,PR Newswire,1018,0
59,NKE,59,20030225,NA,NATIONAL BRIEFING: NORTHWEST: ALASKA,New York Times Abstracts,23,0
60,NKE,60,20030225,1845,U.S.-Canada West Coast awash in Nike shoes.,Reuters News,267,0
61,NKE,61,20030224,1658,"33,000 Nike Basketball Shoes Drifting Toward Alaska Shore",Dow Jones International News,333,0
62,NKE,62,20030221,NA,Chinese court hands victory to Nike in trademark case.,Financial Times,401,0
63,NKE,63,20030221,NA,Nike wins China trademark ruling.,Financial Times,41,0
64,NKE,64,20030220,1927,China Court Hands Victory To Nike Over Trademark - FT,Dow Jones International News,184,0
65,NKE,65,20030220,1629,"UPDATE 2-Skechers posts 4th-qtr loss, shares plunge.",Reuters News,327,0
66,NKE,66,20030220,NA,Court hands victory to Nike over trademark.,Financial Times (FT.Com),394,0
67,NKE,67,20030220,NA,Consumer Products Brief -- Nike Inc.: Florida Investigation's Focus Is on Price-Fixing Allegations,The Asian Wall Street Journal,109,0
68,NKE,68,20030219,NA,NIKE'S PRICING PRACTICES UNDER INVESTIGATION IN FLORIDA,The New York Times,152,0
69,NKE,69,20030219,NA,NIKE'S PRICING PRACTICES UNDER INVESTIGATION IN FLORIDA,New York Times Abstracts,41,0
70,NKE,70,20030219,NA,Consumer Products Brief -- Nike Inc.: Florida Investigation's Focus Is on Price-Fixing Allegations,The Wall Street Journal,181,0
71,NKE,71,20030219,NA,"Nike, Inc. Is Under Investigation For Price-Fixing In Florida-DJ",Reuters Significant Developments,78,0
72,NKE,72,20030218,1456,Florida Officials Launch Price-Fixing Probe of Nike,Dow Jones Business News,207,0
73,NKE,73,20030218,1435,Nike: Florida Investigating Allegations Of Price-Fixing,Dow Jones International News,199,0
74,NKE,74,20030214,NA,NIKE Declares Dividend.,PR Newswire,119,0
75,NKE,75,20030214,1532,Janus' Berkshire Hathaway Cl B Stake Up To 7.1% Vs 6.7%,Dow Jones Corporate Filings Alert,218,0
76,NKE,76,20030207,NA,Nike Inspires Spirit of Competition in New 'Battle' Ad.,PR Newswire,519,0
77,NKE,77,20030205,NA,The Legacy Continues with the Air Jordan XVIII.,PR Newswire,725,0
78,NKE,78,20030205,NA,ADVERTISING: REEBOK AD TACKLES NIKE COMMERCIAL,New York Times Abstracts,54,0
79,NKE,79,20030205,NA,"Nike, Inc. Introduces New Jordan Shoe",Reuters Significant Developments,41,0
80,NKE,80,20030204,NA,Investors Stake Out Wait-and-See Positions,The Wall Street Journal,536,0
81,NKE,81,20030203,NA,Jordan Spreads Love with New Integrated Brand Marketing Campaign.,PR Newswire,972,0
82,NKE,82,20030202,2108,FEATURE-US basketball whiz-kid leverages future stardom.,Reuters News,1251,0
83,NKE,83,20030203,1530,"Options Report: VIX Eases Slightly, But Traders Wait",Dow Jones News Service,608,0
84,NKE,84,20030202,1152,"FEATURE-NBA rookie Yao Ming, apple of advertisers' eyes.",Reuters News,699,0
85,NKE,85,20030131,537,THE SKEPTIC: Puma Rules - For Now,Dow Jones International News,365,0
86,NKE,86,20030131,1553,SMARTMONEY.COM: Ask SmartMoney: Automatic DRIP,Dow Jones News Service,1080,0
87,NKE,87,20030131,NA,Glory Days Live on with Nike NBARewind.,PR Newswire,668,0
88,NKE,88,20030131,447,UPDATE 2-Puma (PUMG.DE) fashions doubling of profit.,Reuters News,567,0
89,NKE,89,20030130,504,"UPDATE 2-Adidas profit jumps, sees momentum in 2003.",Reuters News,571,0
90,NKE,90,20030130,145,"Adidas says '02 net income jumped 10 pct, hits goal.",Reuters News,122,0
91,NKE,91,20030128,NA,Still Going for Gold --- China's Ex-Gymnast Li Ning Now Competes Against Nike; 2008 Olympic Sneaker Stakes,The Wall Street Journal,1118,0
92,NKE,92,20030128,924,"Investors seek clues on Adidas, Puma stamina.",Reuters News,383,0
93,NKE,93,20030128,802,FEATURE-US basketball whiz kid leverages future stardom.,Reuters News,1255,0
94,NKE,94,20030128,NA,China Firm Takes Aim at Nike,The Wall Street Journal Europe,771,0
95,NKE,95,20030128,NA,"Chinese Athlete-Entrepreneur Takes on the Swoosh  ---  Li Ning Seeks International Cachet for His Company, Which Sells More  Sneakers Than...",The Asian Wall Street Journal,1315,0
96,NKE,96,20030127,NA,Nike Relies on Brio Performance Suite for Worldwide Business Intelligence.,PR Newswire,867,0
97,NKE,97,20030124,1426,IN THE MONEY: Another Hurdle For Supply-Chain Software,Dow Jones News Service,1054,0
98,NKE,98,20030122,1644,"Super Bowl ads aim for sensation, but not too much.",Reuters News,651,0
99,NKE,99,20030122,NA,Supreme Court Ruling in Nike Case Should Affirm Corporate America's Right to Speak Out While Assuring ...,PR Newswire,373,0
100,NKE,100,20030122,NA,Newell Rubbermaid Appoints Nike's Thomas Clarke to Its Board of Directors.,PR Newswire,445,0
