,Ticker,Index,Date,Time,Headline,Source,NumWords,missing
1,NKE,101,20121116,1026,Nike Agrees to Sell Cole Haan for $570 Million to Apax Partners,Dow Jones Top North American Equities Stories,569,0
2,NKE,102,20121116,946,Foot Locker's 3rd-Quarter Net Up 61% as Sales Jump,Dow Jones Top North American Equities Stories,569,0
3,NKE,103,20121116,1309,Nike Agrees to Sell Cole Haan for $570 Million to Apax Partners,Dow Jones Global News Select,596,0
4,NKE,104,20121116,1005,UPDATE: Foot Locker's 3rd-Quarter Net Up 61% as Sales Jump,Dow Jones Global News Select,573,0
5,NKE,105,20121116,937,Foot Locker's Third-Quarter Net Up 61% on Same-Store Sales,Dow Jones Global News Select,574,0
6,NKE,106,20121116,2454,Nike Inc. Announces Two-For-One Stock Split,Dow Jones Top News & Commentary,596,0
7,NKE,107,20121116,806,"*DJ NIKE, Inc. Announces Sale Of Cole Haan To Apax Partners",Dow Jones Chinese Financial Wire,876,0
8,NKE,108,20121116,1151,MARKET TALK: Nike Agrees to Unload Cole Haan for $570M,Dow Jones News Service,906,0
9,NKE,109,20121116,738,MARKET TALK: Nike Agrees to Unload Cole Haan for $570M,Dow Jones News Service,873,0
10,NKE,110,20121116,1136,"NIKE, Inc. Announces Sale Of Cole Haan To Apax Partners",Dow Jones News Service,906,0
11,NKE,111,20121116,952,Nike to Sell Cole Haan to Apax Partners for $570 Million,NYT Blogs,425,0
12,NKE,112,20121116,1011,DJ D. E. Shaw & Co 3Q 13F: Hldgs As Of Sep 30,Dow Jones Institutional News,431,0
13,NKE,113,20121116,937,DJ Chilton Investment Co. 3Q 13F: Hldgs As Of Sep 30,Dow Jones Institutional News,425,0
14,NKE,114,20121116,836,DJ OZ Mgmt 3Q 13F: Hldgs As Of Sep 30,Dow Jones Institutional News,655,0
15,NKE,115,20121116,821,DJ Maverick Capital Ltd. 3Q 13F: Hldgs As Of Sep 30,Dow Jones Institutional News,655,0
16,NKE,116,20121116,753,DJ GAMCO Asset Mgmt Inc. 3Q 13F: Hldgs As Of Sep 30,Dow Jones Institutional News,350,0
17,NKE,117,20121116,738,Nike Inc Announces 17% Increase in Quarterly Dividend,Reuters Significant Developments,350,0
18,NKE,118,20121116,411,"PRESS RELEASE: NIKE, Inc. Announces 17 Percent Increase in Quarterly Dividend and Two-for-One Stock Split",Dow Jones Institutional News,175,0
19,NKE,119,20121116,906,BRIEF-NIKE shares rise 1 percent after the bell,Reuters News,37,0
20,NKE,120,20121116,927,SodaStream Fizzes Up Global Market For Carbonated and Flavored Drinks,The Wall Street Journal Europe,1349,0
21,NKE,121,20121116,927,Nike (NKE) Mkt On Close Buy Imbalance: Shrs 54000,Dow Jones News Service,141,0
22,NKE,122,20121116,900,WSJ BLOG/All Things D: Jawbone Gears Up for a Second Shot at Wearable Tech,Dow Jones News Service,11,0
23,NKE,123,20121116,NA,Nike Golf President Cindy L. Davis Joins Kennametal Board of Directors,PR Newswire (U.S.),469,0
24,NKE,124,20121115,1053,MARKET TALK: Canaccord Sees Slam Dunk for Foot Locker,Dow Jones News Service,9063,0
25,NKE,125,20121115,1554,MARKET TALK: Canaccord Sees Slam Dunk for Foot Locker,Dow Jones News Service,4708,0
26,NKE,126,20121115,1055,WSJ BLOG/All Things D: Demand Media Finally Breaks Away for Good From Lance Armstrong,Dow Jones News Service,6073,0
27,NKE,127,20121115,1057,Reebok Problems Take Shine off Adidas,Dow Jones Top Global Market Stories,2093,0
28,NKE,128,20121115,1102,Earnings: Reebok's Struggles Take Shine Off of Adidas,The Wall Street Journal,7365,0
29,NKE,129,20121115,NA,MARKET TALK: Momentum Keeps Sterne Agee Believer in Foot Locker,Dow Jones News Service,81,0
30,NKE,130,20121115,1615,MARKET TALK: Momentum Keeps Sterne Agee Believer in Foot Locker,Dow Jones News Service,648,0
31,NKE,131,20121115,1622,Adidas Is Fast Catching Nike in China,WSJ Blogs,37,1
32,NKE,132,20121114,NA,WSJ BLOG/The Source: Adidas Is Fast Catching Nike in China,Dow Jones Global Equities News,1566,0
33,NKE,133,20121113,1548,MARKET TALK: Adidas Operating Margin A Positive Surprise-Trader,Dow Jones Global Equities News,1558,0
34,NKE,134,20121114,1545,"Nike tells U.S. Supreme Court: Enough, Already",Reuters News,9,0
35,NKE,135,20121113,1441,German Court Rules in Adidas' Favor in Nike Patent Case,Dow Jones Global News Select,654,0
36,NKE,136,20121113,901,Nike Nears Sale of Cole Haan to Apax Partners,Dow Jones Top North American Equities Stories,653,0
37,NKE,137,20121113,1630,Nike Nears Sale of Cole Haan to Apax Partners,Dow Jones Global News Select,279,0
38,NKE,138,20121112,1307,Nike Inc. Nears Sale Of Cole Haan Unit To Apax Partners For $500 Million,Dow Jones Top News & Commentary,1569,0
39,NKE,139,20121112,1307,DJ Nike Nears Sale of Cole Haan to Apax Partners -Reuters NKE,Dow Jones Chinese Financial Wire,130,0
40,NKE,140,20121112,1000,Nike Is Said To Be Near Deal to Sell Cole Haan Is Said To Be Near Deal to Sell,The New York Times,534,0
41,NKE,141,20121109,816,PRESS DIGEST-New York Times business news - Nov 6,Reuters News,767,0
42,NKE,142,20121109,556,NIKE IS SAID TO BE NEAR DEAL TO SELL COLE HAAN,The New York Times Abstracts,767,0
43,NKE,143,20121109,225,Nike close to selling Cole Haan,Financial Times,757,0
44,NKE,144,20121108,2430,Overnight business,Financial Times,777,0
45,NKE,145,20121108,2430,Nike Inc Close To Selling Cole Haan To Apax Partners-Reuters,Reuters Significant Developments,786,0
46,NKE,146,20121108,2414,UPDATE 1-Nike close to selling Cole Haan to Apax - sources,Reuters News,757,0
47,NKE,147,20121109,NA,MCILROY SIGNS NEW $250M MEGA NIKE DEAL THAT LEAVES TIGER IN THE SHADE,The Mail on Sunday,647,0
48,NKE,148,20121109,NA,"OFF DUTY --- Gear & Gadgets: Keeping Fit, One Step at a Time --- A high-tech pedometer can help your lazybones get -- and stay -- on track",The Wall Street Journal,573,0
49,NKE,149,20121109,1119,Rory is the new Tiger thanks to €200m Nike deal,Irish Daily Mail,1416,0
50,NKE,150,20121109,1119,Rory is the new Tiger thanks to €200m Nike deal,Irish Daily Mail,134,0
51,NKE,151,20121108,944,Reuters Week Ahead/Wednesday,Reuters Washington Daybook Report,446,0
52,NKE,152,20121108,944,"Critical Alerts For Research In Motion, Nike, ENSCO International, Intuit, and St. Mary Land & Exploration Released By InvestorsObserver",PR Newswire (U.S.),488,0
53,NKE,153,20121108,238,Will McIlroy join Tiger at Nike in $20M a year deal?,CNN Wire,121,0
54,NKE,154,20121107,1425,"China Rag Trade Looks Ragged --- Nike, Timberland and Other Global Brands Feel Effects as Slowdown Reaches Consumers",The Wall Street Journal Asia,742,0
55,NKE,155,20121107,733,Zumiez October same-store sales miss estimates on Europe weakness,Reuters News,206,0
56,NKE,156,20121107,718,END OF McILROY'S TITLEIST DEAL CLEARS A PATH FOR NIKE SWITCH,Irish Daily Mail,206,0
57,NKE,157,20121106,406,WSJ(10/31) China's Rag Trade Looks Ragged,Dow Jones Chinese Financial Wire,79,0
58,NKE,158,20121105,2311,RORY'S £156M DEAL WITH NIKE CLEARED TO GO,Daily Mail,79,0
59,NKE,159,20121105,2303,Corrections & Amplifications,The Wall Street Journal,79,0
60,NKE,160,20121105,2325,Microsoft Pop-Ups Are Streamlined Surface Sales Vehicles,Dow Jones Top News & Commentary,90,0
61,NKE,161,20121105,1706,Nike to offload its Umbro unit to Iconix for $225m; PERSONAL GOODS,Financial Times,104,0
62,NKE,162,20121105,1612,Nike to offload Umbro for $225m; LEISURE GOODS,Financial Times,101,0
63,NKE,163,20121106,520,Business Briefs,The Wall Street Journal Europe,407,0
64,NKE,164,20121105,1954,Deals of the Day: CEOs of America Unite…for Deficit Action,WSJ Blogs,111,1
65,NKE,165,20121106,NA,News Highlights: Top M&A Stories Of The Day,Dow Jones Global Equities News,700,0
66,NKE,166,20121105,NA,News Highlights: Top M&A Stories Of The Day,Dow Jones Global Equities News,677,0
67,NKE,167,20121106,158,Under Armour Profit Rises 25% amid Higher Sales,Dow Jones Top News & Commentary,351,0
68,NKE,168,20121106,NA,"Nike Inc. Sells Umbro Brand To Iconix Brand Group, Inc.",Dow Jones Top News & Commentary,48,0
69,NKE,169,20121106,NA,"After Umbro Sale, Nike Turns To Cole Haan",Dow Jones Top North American Equities Stories,415,0
70,NKE,170,20121105,NA,PPR Reports Strong Luxury Sales But Sportswear Struggles,Dow Jones Top News & Commentary,413,0
71,NKE,171,20121106,NA,"Corporate News: After Umbro Sale, Nike Turns to Cole Haan",The Wall Street Journal,165,0
72,NKE,172,20121105,NA,News Highlights: Top M&A Stories Of The Day,Dow Jones Asian Equities Report,55,0
73,NKE,173,20121105,1758,News Highlights: Top M&A Stories Of The Day,Dow Jones Asian Equities Report,441,0
74,NKE,174,20121105,1558,"After Umbro, Nike Turns to Cole Haan Sale",The Wall Street Journal Online,365,0
75,NKE,175,20121104,NA,Nike to Sell Umbro to Iconix,Dow Jones Top North American Equities Stories,697,0
76,NKE,176,20121103,NA,UPDATE: Nike to Sell Umbro Brand to Iconix for $225 Million,Dow Jones Global News Select,997,0
77,NKE,177,20121103,NA,Nike to Sell Umbro Brand to Iconix for $225 Million,Dow Jones Global News Select,522,0
78,NKE,178,20121103,NA,"PRESS RELEASE: Iconix Brand Group Announces Definitive Agreement To Acquire Internationally Renowned Brand, Umbro",Dow Jones Institutional News,304,0
79,NKE,179,20121102,1458,"*DJ Iconix Brand Group Announces Definitive Agreement To Acquire Internationally Renowned Brand, Umbro >ICON",Dow Jones Institutional News,2650,0
80,NKE,180,20121102,931,PE Firms Eye Cole Haan But Balk at Price,Dow Jones Top News & Commentary,391,0
81,NKE,181,20121031,1437,WSJ BLOG/All Things D: iPod Touch and iPod Nano Review,Dow Jones News Service,565,0
82,NKE,182,20121031,NA,UNITED EYE RECORD £1BN NIKE KIT DEAL,Daily Mail,844,0
83,NKE,183,20121031,NA,Nike to Sell Umbro Brand to Iconix for $225 Million,NYT Blogs,877,0
84,NKE,184,20121031,NA,"Iconix Brand Group Inc Announces Definitive Agreement To Acquire Internationally Renowned Brand, Umbro From NIKE, Inc Announces Definitive Agreement To Acquire Internationally Renowned Brand, Umbro From",Reuters Significant Developments,858,0
85,NKE,185,20121031,1751,Adidas claims victory in 'knitted' shoe row with Nike,Reuters News,853,0
86,NKE,186,20121030,2024,UPDATE 1-Iconix to buy Umbro from Nike for $225 million,Reuters News,850,0
87,NKE,187,20121031,306,Rory's on brink of a $250m Nike deal... that'll tick Tiger off!,Irish Daily Mail,450,0
88,NKE,188,20121030,1354,€190M ON TABLE AS RORY SET FOR NIKE,Irish Daily Mail,884,0
89,NKE,189,20121031,1709,United Nike deal will dwarf Rory's; SPORTS AGENDA ALWAYS OUT IN FRONT,Irish Daily Mail,176,0
90,NKE,190,20121031,NA,MARKET TALK: Citi Eyes Looming Hike to Nike's Dividend,Dow Jones News Service,414,0
91,NKE,191,20121031,314,MARKET TALK: Citi Eyes Looming Hike to Nike's Dividend,Dow Jones News Service,431,0
92,NKE,192,20121031,NA,"Zacks Bull and Bear of the Day Highlights: Plum Creek Timber, Republic Services, Nike, Adidas and Brown Shoe",PR Newswire (U.S.),246,0
93,NKE,193,20121026,NA,=DJ CFA Retail:Insider Review For Week Ended Oct. 19,Dow Jones Institutional News,137,0
94,NKE,194,20121026,1750,World Cycling Body Strips Armstrong of Titles,Dow Jones Top News & Commentary,711,0
95,NKE,195,20121025,NA,McIlroy's laughing all the way to the bank but he'd do well to study Tiger; Nike mega-deal may have its drawbacks for World Number 1 SPECIAL REPORT,Irish Mail on Sunday,284,0
96,NKE,196,20121025,NA,McIlroy's laughing all the way to the bank but he'd do well to study Tiger; Nike mega-deal may have its drawbacks for World Number 1 special report,Irish Mail on Sunday,471,0
97,NKE,197,20121024,NA,WSJ: Rabobank Quits Pro Cycling,Dow Jones News Service,372,0
98,NKE,198,20121025,NA,=DJ CFA Substantial Insider Sales: Morning Report,Dow Jones Institutional News,453,0
99,NKE,199,20121025,1102,ARMSTRONG IS DROPPED BY NIKE AND STEPS DOWN AS FOUNDATION CHAIRMAN,The New York Times Abstracts,530,0
100,NKE,200,20121025,813,Reuters Sports News Summary,Reuters News,376,0
