,Ticker,Index,Date,Time,Headline,Source,NumWords,missing
1,NKE,101,20070508,1749,Dividends Reported May 8,Dow Jones News Service,1324,0
2,NKE,102,20070501,1201,Nike Brings PE to More Than 400 Schools Across the U.S. and Gets Kids Moving During National Physical Fitness and Sports Month; Five U.S...,PR Newswire (U.S.),975,0
3,NKE,103,20070430,NA,Cause and Effect: Linking a national franchiser to a charity can both unify an organization and help businesses stand out in their local...,The Wall Street Journal,1122,0
4,NKE,104,20070426,NA,If the shoe fits OBSERVER.,Financial Times,116,0
5,NKE,105,20070425,NA,Everlast Worldwide Inc. Signs Master License Agreement For China With Brand Management Holdings PTY Ltd,Reuters Significant Developments,162,0
6,NKE,106,20070424,2444,"PGA Free Lesson Month Celebrates 10th Anniversary in May; A total of 717,337 free lessons have been given during PGA Free Lesson Month since...",PR Newswire (U.S.),1326,0
7,NKE,107,20070419,947,"Head of the Class: Nike Signs Football's Top Pro Prospects; Gaines Adams, Leon Hall, Calvin Johnson, Marshawn Lynch, Greg Olsen, Amobi Okoye...",PR Newswire (U.S.),689,0
8,NKE,108,20070418,622,Apax Partners Mulls Stake In Adidas - Source,Dow Jones International News,361,0
9,NKE,109,20070417,1630,Phoenix Footwear Appoints Cathy Taylor as Chief Executive Officer; * James Riedman to Continue as Chairman of the Board,PR Newswire (U.S.),957,0
10,NKE,110,20070417,1641,Phoenix Footwear Names Taylor CEO; Riedman Remains Chmn,Dow Jones News Service,85,0
11,NKE,111,20070416,NA,"U.S. courts allies in China counterfeit fight --- India, Brazil studies show loss of revenue; learning to spot fakes",The Wall Street Journal Asia,1279,0
12,NKE,112,20070413,NA,"Finding allies in battle against piracy --- U.S. group enlists Brazil, others with data on tax loss",The Wall Street Journal Europe,968,0
13,NKE,113,20070410,2017,HK Yue Yuen Mar Operating Revenue Up 12% To US$322.8 Mln,Dow Jones International News,128,0
14,NKE,114,20070410,2053,DJ HK Yue Yuen Mar Operating Revenue Up 12% To US$322.8 Mln,Dow Jones Chinese Financial Wire,126,0
15,NKE,115,20070410,1846,NYSE Most Actives- Composite Trades 4-6:30 p.m. EDT,Dow Jones News Service,153,0
16,NKE,116,20070410,811,RESEARCH ALERT-Matrix cuts Nike to hold,Reuters News,83,0
17,NKE,117,20070407,NA,Well-Meaning But Misguided Stock Screens,The New York Times,1844,0
18,NKE,118,20070405,1741,Nike Commercial Featuring Pitcher 'Dice-K' Airs In Japan,Dow Jones News Service,282,0
19,NKE,119,20070404,530,"Nike Spot With Daisuke Matsuzaka Debuts in Japan as Pitcher Takes Mound in Boston This Week; JUST DO IT: Enjoy the Pressure, Will Run...",PR Newswire (U.S.),550,0
20,NKE,120,20070403,NA,Reebok Files Patent Infringement Action Against Nike,Reuters Significant Developments,152,0
21,NKE,121,20070403,1537,UPDATE: Reebok Sues Nike For Alleged Patent Infringement,Dow Jones International News,140,0
22,NKE,122,20070403,1120,Reebok Sues Nike For Alleged Patent Infringement,Dow Jones International News,110,0
23,NKE,123,20070403,1028,Reebok Files Patent Infringement Action Against Nike,Dow Jones News Service,110,0
24,NKE,124,20070403,900,Comprehensive Stock Split Table: Record And Pay Dates,Dow Jones News Service,209,0
25,NKE,125,20070403,1342,UPDATE 2-Reebok sues Nike for patent infringement,Reuters News,185,0
26,NKE,126,20070402,NA,Show those biceps: Nike reinvents T-shirt --- Design team sweats over details to create its sports essential,The Wall Street Journal Europe,747,0
27,NKE,127,20070402,900,Comprehensive Stock Split Table: Record And Pay Dates,Dow Jones News Service,246,0
28,NKE,128,20070402,NA,"Nike Gets Back to Basics, Reinventing the T-Shirt",The Wall Street Journal,1022,0
