,Ticker,Index,Date,Time,Headline,Source,NumWords,missing
1,NKE,101,20101112,1557,WSJ: Fortune Brands Likely To Work With Pershing Square On Co Break-Up Plan - Sources,Dow Jones News Service,647,0
2,NKE,102,20101111,NA,Nike Harnesses 'Girl Effect' Again,The New York Times,952,0
3,NKE,103,20101111,2434,"UPDATE: Fortune Brands, Ackman Remain At Odds - Report",Dow Jones News Service,320,0
4,NKE,104,20101111,900,AL'S EMPORIUM: Bedbug King Battles New York's Bloodsuckers,Dow Jones News Service,941,0
5,NKE,105,20101111,820,"Fortune Brands, Ackman Remain At Odds Over Break-Up Push -Report",Dow Jones News Service,208,0
6,NKE,106,20101109,1545,Nike Inc (NKE) Mkt On Close Buy Imbalance: Shrs 114500,Dow Jones News Service,10,0
7,NKE,107,20101108,440,UPDATE: Adidas Targets Sales Of EUR17 Billion By 2015,Dow Jones Business News,358,0
8,NKE,108,20101108,425,Adidas CEO: Have To Do Some Work In The US,Dow Jones International News,358,0
9,NKE,109,20101108,225,Adidas Lifts Full-Year Forecast,The Wall Street Journal Online,189,0
10,NKE,110,20101104,414,"Role of 'Citizen Consumer' to Tackle Social Issues Rises, as Expectation of Government to Lead Declines; 87% Expect Business to Consider Societal Interests at least Equal to Business Interests; -- Pepsi, Newman's Own and Nike Top Consumer-selected List of Purpose-Driven Brands --",PR Newswire (U.S.),322,0
11,NKE,111,20101104,730,MARKETWATCH VIEW: Emerging-Markets Consumers Fill Their Carts,Dow Jones News Service,1534,0
12,NKE,112,20101104,821,2nd UPDATE: Adidas Sales Up As Consumer Market Improves,Dow Jones International News,1981,0
13,NKE,113,20101104,600,Adidas Increases Full Year Outlook,Dow Jones International News,481,0
14,NKE,114,20101104,348,FACTBOX-Lululemon faces competition for women's market,Reuters News,418,0
15,NKE,115,20101104,231,Nike Inc (NKE) Mkt On Close Buy Imbalance: Shrs 58200,Dow Jones News Service,185,0
16,NKE,116,20101102,800,"Quality Importers Trading Company, in Conjunction with Nike, Announces the Launch of the Nike Zoom Kobe V '5 Rings' Limited Edition Humidor Box",PR Newswire (U.S.),284,0
17,NKE,117,20101101,1545,Power dressing: Caryl Stern,Financial Times,10,0
18,NKE,118,20101101,2413,Google nears $2 bln deal to buy NY building-paper,Reuters News,452,0
19,NKE,119,20101030,NA,PayPal Unveils Payment System Aimed at Digital Goods,The Wall Street Journal Online,435,0
20,NKE,120,20101027,222,LeBron James Nike Commercial: Image Rehab Via Advertising,WSJ Blogs,173,1
21,NKE,121,20101027,NA,Nike Inc (NKE) Mkt On Close Buy Imbalance: Shrs 63900,Dow Jones News Service,656,0
22,NKE,122,20101026,1215,USAID and Partners Announce Innovators for LAUNCH: Health Forum,PR Newswire (U.S.),458,0
23,NKE,123,20101026,1545,Florida Candidate Receives Text Message During Debate in Florida; Push to Ban Alcoholic Energy Drink; Exposed to Toxins in Womb; Sink Aide Fired Over Florida Debate Debacle; New LeBron Ad For Nike,CNN: CNN Newsroom,10,0
24,NKE,124,20101026,2410,Ad Agencies See Africa As The Next Big Thing,Dow Jones Business News,721,0
25,NKE,125,20101026,NA,"Horizon Group Properties and CBL Form Joint Venture to Develop The Outlet Shoppes at Oklahoma City; Center will include Saks Off 5th, Nike, Banana Republic, J. Crew, Brooks Brothers and Coach",PR Newswire (U.S.),7207,0
26,NKE,126,20101021,732,Environment (A Special Report) --- What's in All The Stuff We Buy?,The Wall Street Journal,1387,0
27,NKE,127,20101021,717,UPDATE: PPR Names Puma CEO Zeitz To Head New Group Division,Dow Jones Business News,1387,0
28,NKE,128,20101020,1808,BANDIT Picks Nike as Quarterback and Reebok as Water Boy... The Nike Takeover; and what now for Reebok??,PR Newswire (U.S.),845,0
29,NKE,129,20101018,NA,MARKET TALK: JPMorgan Increases Adidas Target Price,Dow Jones International News,504,0
30,NKE,130,20101018,NA,Reebok loses NFL deal to Nike,Financial Times,498,0
31,NKE,131,20101018,NA,NIKE WILL DRESS THE N.F.L.,The New York Times Abstracts,515,0
32,NKE,132,20101018,1037,"NFL, Nike Stitch Apparel Deal",The Wall Street Journal Online,572,0
33,NKE,133,20101018,1022,"Guess Hires Nike's Prince As New COO, Filling Alberini's Slot",Dow Jones Business News,572,0
34,NKE,134,20101015,2401,MARKET TALK: Commerzbank Ups Adidas Target Price,Dow Jones International News,222,0
35,NKE,135,20101014,411,SPORTS BRIEFING PRO FOOTBALL; Nike Will Dress the N.F.L.,The New York Times,154,0
36,NKE,136,20101013,NA,"You Can Better Your Investment by Tracking Stock Trades Made by Company's Insiders. Today's Companies in Focus are Ciena, Akamai, Fedex, Nike, International Paper, & CSX.",PR Newswire Asia,458,0
37,NKE,137,20101012,NA,Corporate News: Corporate Watch,The Wall Street Journal,443,0
38,NKE,138,20101013,NA,2nd UPDATE: NFL Shifts Apparel Strategy; Nike Benefits,Dow Jones News Service,33,0
39,NKE,139,20101013,1820,Nike Gets NFL Uniform Rights,Dow Jones News Service,517,0
40,NKE,140,20101013,850,Nike Wins 5-Year Deal For On-Field Apparel For NFL -CNBC,Dow Jones News Service,212,0
41,NKE,141,20101013,835,Nike Inc (NKE) Mkt On Close Sell Imbalance: Shrs 79100,Dow Jones News Service,212,0
42,NKE,142,20101013,715,MARKET TALK: NFL Appears Big Winner In Apparel Game,Dow Jones News Service,116,0
43,NKE,143,20101013,NA,MARKET TALK: NFL Appears Big Winner In Apparel Game,Dow Jones News Service,478,0
44,NKE,144,20101013,1007,MARKET TALK: NFL Apparel Talks Still Going; Nike Seen Leading,Dow Jones News Service,751,0
45,NKE,145,20101013,1000,MARKET TALK: NFL Apparel Talks Still Going; Nike Seen Leading,Dow Jones News Service,776,0
46,NKE,146,20101013,NA,"UPDATE 2-NFL signs apparel licenses with Nike, six others",Reuters News,763,0
47,NKE,147,20101012,1434,Nike To Become Official Apparel Maker For NFL -CNBC,Dow Jones International News,592,0
48,NKE,148,20101012,2450,Nike Inc (NKE) Mkt On Close Sell Imbalance: Shrs 131200,Dow Jones News Service,805,0
49,NKE,149,20101012,1117,Options Offer Clues to Earnings and Beyond; Trading Points to a Calm Reporting Season but Curmudgeonly Holidays; Not a Quarter 'To Be...,The Wall Street Journal (Online and Print),127,0
