,Ticker,Index,Date,Time,Headline,Source,NumWords,missing
1,NKE,101,20140505,2433,Adidas Puts Rockport Shoe Brand on Auction Block,Dow Jones Top News & Commentary,372,0
2,NKE,102,20140504,1337,More Men Step Out in Stylish Socks; Colorful Patterns Push Aside Basic Black and White,The Wall Street Journal Online,700,0
3,NKE,103,20140504,605,"On your marks, get set, GO! Cheyenne Tozzi and Laura Dundovic join 6,000 women for a  10km Nike She Runs race in Sydney",Mail Online,301,0
4,NKE,104,20140503,1138,Adidas investor says loses confidence in management-report,Reuters News,417,0
5,NKE,105,20140502,926,Nike Sets Pace With Health and Fitness Apps says Strategy Analytics,PR Newswire Europe,447,0
6,NKE,106,20140502,956,"Consumer Discretionary Stocks on our Radar -- Research on NIKE, Crocs, Coach, and Iconix Brand",PR Newswire (U.S.),459,0
7,NKE,107,20140502,838,"Earnings Results, Upcoming Conferences, Recognitions, Stock Updates, and Appointments - Analyst Notes on Coach, Nike, Skechers, Deckers and Iconix",PR Newswire (U.S.),427,0
8,NKE,108,20140502,801,Do Gay-Friendly Employers Outperform the Market? -- Market Talk,Dow Jones Institutional News,1272,0
9,NKE,109,20140502,801,Do Gay-Friendly Employers Outperform the Market? -- Market Talk,Dow Jones Institutional News,1232,0
10,NKE,110,20140501,801,Nike CEO says could shift China production over labor strife,Reuters News,1441,0
11,NKE,111,20140502,2424,A child runs past protest signs pasted around a Nike logo during an International Labour Day rally in Hong Kong,Reuters Pictures,148,0
12,NKE,112,20140502,2424,Police charge labour activist,Financial Times,1511,0
13,NKE,113,20140501,1525,Viral Video of Week: Nike's 'Winner Stays' Builds on World Cup Excitement,WSJ Blogs,431,1
14,NKE,114,20140501,243,LeapFrog Takes a Leap with Wearable Devices -- Market Talk,Dow Jones Institutional News,162,0
15,NKE,115,20140430,NA,LeapFrog Takes a Leap with Wearable Devices -- Market Talk,Dow Jones Institutional News,152,0
16,NKE,116,20140430,938,Viral Video of Week: Nike's 'Winner Stays' Builds on World Cup Excitement -- WSJ Blog,Dow Jones Institutional News,215,0
17,NKE,117,20140430,1834,Shoemaker's Strike Bill Hits $60 Million,The Wall Street Journal Asia,150,0
18,NKE,118,20140430,1834,China charges labour activist after Yue Yuen shoe factory strike,Financial Times (FT.Com),1451,0
19,NKE,119,20140430,940,Adidas Reinstates Marketing Partnership With Los Angeles Clippers; Move Follows NBA's Decision to Ban Team Owner Donald Sterling for Life,The Wall Street Journal Online,238,0
20,NKE,120,20140430,938,"China labour activist held over online ""disturbance""",Reuters News,238,0
21,NKE,121,20140429,NA,Shoemaker Yue Yuen Says Loss Caused by Operation Interruption Estimated at About $27M--,Dow Jones Newswires Chinese (English),492,0
22,NKE,122,20140428,324,Corporate News: China Finds Against Shoemaker,The Wall Street Journal Asia,516,0
23,NKE,123,20140428,1100,"China Confirms Strike-Struck Shoemaker Yue Yuen Owes Social Benefits; Nearly Two-Week Job Action Against Supplier to Nike, Adidas Has Curbed Production",The Wall Street Journal Online,529,0
24,NKE,124,20140428,721,"UPDATE 2-Yue Yuen counts cost of China shoe strike, says most workers returned",Reuters News,526,0
25,NKE,125,20140429,1106,China Asks Shoemaker to Take Corrective Measures,Dow Jones Top Global Market Stories,412,0
26,NKE,126,20140429,1320,Some Workers Return to Work at Shoemaker Yue Yuen; Workers Had Walked Out Over Contributions to Social Security and to the Housing Fund,The Wall Street Journal Online,487,0
27,NKE,127,20140429,1722,"Cristiano Ronaldo, Neymar and Wayne Rooney star in new Nike World Cup advert",Mail Online,496,0
28,NKE,128,20140429,316,"Woman walks past papers put up by students who support the Yue Yuen factory workers, outside a Nike store in Guangzhou",Reuters Pictures,346,0
29,NKE,129,20140428,134,"OFF DUTY Gear & Gadgets: Splash Plan --- Unless you need to weather torrential downpours, ditch the nano-treated, waterproof gear and look...",The Wall Street Journal Europe,326,0
30,NKE,130,20140428,131,*China Human Resources Ministry Confirms Shoemaker Yue Yuen Owes Social Benefits,Dow Jones Institutional News,326,0
31,NKE,131,20140428,NA,Adidas moves orders from Chinese factory over strike,Financial Times (FT.Com),171,0
32,NKE,132,20140427,1000,Adidas Is Diversifying China Shoe Suppliers; German Sportswear Company Wants To Lessen Effect of Factory Labor Dispute at Yue Yuen,The Wall Street Journal Online,371,0
33,NKE,133,20140426,207,Under Armour CEO Takes Aim at Running Market to Fill Footwear Gap; Athletic Apparel Still Accounts for More Than 70% of Company's Sales,The Wall Street Journal Online,517,0
34,NKE,134,20140425,200,"S&P 500 Adds Navient, Under Armour; Navient Replaces SLM, Under Armour Replaces Beam in Index",The Wall Street Journal Online,244,0
35,NKE,135,20140425,630,Adidas Is Diversifying China Shoe Suppliers,Dow Jones Newswires Chinese (English),244,0
36,NKE,136,20140425,823,Under Armour CEO Takes Aim at Running Market to Fill Footwear Gap,Dow Jones Institutional News,622,0
37,NKE,137,20140425,2423,Strike disrupts China shoe maker,Financial Times,622,0
38,NKE,138,20140425,2438,"Sewol Official Death Toll Stands At 150, 148 Still Missing; Leading Women: Sarah Jessica Parker; Kiev Restarts Anti-Terror Campaign; Interview with Pixar Co-Founder Ed Catmull; MH370 Object of Interest Found In Western Australian; Nike Rumored To Kill Fuelband",CNN International: News Stream,622,0
39,NKE,139,20140425,1316,"Critical Alerts For Advanced Micro Devices, Credit Suisse Group, Deere, Nike, and Yum Brands Released By InvestorsObserver",PR Newswire (U.S.),250,0
40,NKE,140,20140425,701,"Nike Balances Cost, Worker Safety in Bangladesh",Dow Jones Top Global Market Stories,146,0
41,NKE,141,20140425,NA,Nike moves away from wearable tech by cutting FuelBand team,Financial Times,329,0
42,NKE,142,20140425,NA,Inside Nike's Struggle to Balance Cost and Worker Safety in Bangladesh,WSJ Blogs,332,1
43,NKE,143,20140419,NA,Nike CEO on Bangladesh: 'Is It a Perfect Situation? No',WSJ Blogs,353,1
44,NKE,144,20140424,2329,Chinese Shoemakers Are on Strike for Benefits — But Who Will Foot the Bill?,WSJ Blogs,312,1
45,NKE,145,20140424,149,Nike's Struggle to Balance Cost and Worker Safety,WSJ Live: News Hub AM,636,1
46,NKE,146,20140424,512,Inside Nike's Struggle to Balance Cost and Worker Safety in Bangladesh -- WSJ Blog,Dow Jones Institutional News,623,0
47,NKE,147,20140424,2443,China Shoe Plant Workers Stage Slowdown Over Social Benefits,Dow Jones Top Global Market Stories,618,0
48,NKE,148,20140424,1644,"Inside Nike's Struggle to Balance Cost and Worker Safety in Bangladesh; Executives Were Divided Amid Debate Over Controlling Costs, Maint...",The Wall Street Journal Online,618,0
49,NKE,149,20140424,1352,Nike's FuelBand runs into trouble,Financial Times (FT.Com),209,0
50,NKE,150,20140424,1753,Will Nike Give Up on the FuelBand?,WSJ Live: News Hub PM,212,1
51,NKE,151,20140423,2236,Nike Files 8K - Changes Exec Mgmt >NKE,Dow Jones Institutional News,195,0
52,NKE,152,20140423,2232,"'Why are they trying to sell me something during the test?' Grade-school students baffled as brands including Nike, iPods and Barbies appear in exam papers",Mail Online,195,0
53,NKE,153,20140424,1657,"Parents Question Using Brand Names on Tests; Nike, Barbie and iPod are Some of the Brands That Show Up on Common Core Standardized English tests",The Wall Street Journal Online,739,0
54,NKE,154,20140424,1642,Top sports stores are not stocking the £90 Nike England World Cup shirt because it is 'ludicrously expensive' for fans,Mail Online,739,0
55,NKE,155,20140423,NA,"Stylish Splash-Proof Accessories; Unless you need to weather torrential downpours, ditch the nano-treated, waterproof gear and look to these...",The Wall Street Journal Online,537,0
56,NKE,156,20140421,2214,Workers Strike at Shoe Factory Over Benefits Dispute,NYT Blogs,725,0
57,NKE,157,20140423,NA,Workers Strike at China Footwear Plant Over Welfare Payments -2-,Dow Jones Newswires Chinese (English),9005,0
58,NKE,158,20140423,931,"*Michelle Peluso Joins NIKE, Inc.'s Bd Of Directors",Dow Jones Institutional News,376,0
59,NKE,159,20140422,2115,Nike Signs Deal Through 2040 to Sponsor U.S. Track,Dow Jones Institutional News,2393,0
60,NKE,160,20140423,NA,"Nike, USA Track and Field extend sponsorship deal through 2040",Reuters News,2387,0
61,NKE,161,20140422,NA,"*USATF And NIKE, Inc. Sign Long-Term Partnership",Dow Jones Institutional News,2303,0
62,NKE,162,20140422,NA,"Neymar and Wilshere star in Nike F.C. advert alongside Ronaldo, Figo and Ronaldinho",Mail Online,2280,0
63,NKE,163,20140421,2230,"Earnings and Conference Call Schedules, Management Changes, New Product Launches, and Director Appointments - Analyst Notes on Hershey, VF, Nike , Kimberly-Clark and Lorillard",PR Newswire (U.S.),2423,0
64,NKE,164,20140422,NA,"National Luminaries From Nike Inc, Ford Motor Company, Walt Disney And More Visiting Detroit's College For Creative Studies Today, April 14",PR Newswire (U.S.),405,0
65,NKE,165,20140422,603,STATS: Merriman Suing Nike Over Lights Out Name,Dow Jones Institutional News,309,0
66,NKE,166,20140421,1947,"Consumer Goods Sector Announced Earnings Results, New Apps, and Collection Launch - Analyst Notes on Nike, Fossil, Deckers, Herbalife, and UniFirst",PR Newswire (U.S.),308,0
67,NKE,167,20140422,558,"U.S. RESEARCH ROUNDUP: -Cisco, Eli Lilly, CACI International, Nike",Reuters News,718,0
68,NKE,168,20140422,958,Chinese shoe maker Yue Yuen in talks to resolve worker dispute,Reuters News,748,0
69,NKE,169,20140422,724,Alcoa's Exile from Blue-Chip Index Isn't So Painful,Dow Jones Top North American Equities Stories,569,0
70,NKE,170,20140422,NA,"Nike: 2014 Weakness Creates Buying Opportunity, Stifel Says -- Barron's Blog",Dow Jones Institutional News,690,0
71,NKE,171,20140421,2347,Nike Seen Being Ready to Break Out Anew -- Market Talk,Dow Jones Institutional News,338,0
72,NKE,172,20140421,855,Nike Seen Being Ready to Break Out Anew -- Market Talk,Dow Jones Institutional News,434,0
73,NKE,173,20140421,957,Chelsea star Hazard stays loyal to Nike as adidas fail in attempt to lure him away,Mail Online,451,0
74,NKE,174,20140421,959,"Consumer Discretionary Stocks Review -- Research on NIKE, Coldwater Creek, Wolverine World Wide, and Deckers Outdoor",PR Newswire (U.S.),450,0
75,NKE,175,20140421,1838,"Alcoa, FedEx and Nike are part of Zacks Earnings Preview:",PR Newswire (U.S.),2396,0
76,NKE,176,20140421,1353,Nike Supports Track Athletes' Right to Organize,Dow Jones Top Global Market Stories,904,0
77,NKE,177,20140421,NA,Finish Line Ready for New Race -- Market Talk,Dow Jones Institutional News,610,0
78,NKE,178,20140421,1433,Finish Line Ready for New Race -- Market Talk,Dow Jones Institutional News,570,0
79,NKE,179,20140421,1102,Top U.S. Athletes Consider Strike --- Big-Brand Sponsors Involved in Row Over Who Makes Decisions at Major Meets,The Wall Street Journal Europe,865,0
80,NKE,180,20140420,1833,"Upcoming Events, Promotional Campaign Launches, Stock Price Movements, and Collaborations - Analyst Notes on Delphi, Nike, Mead Johnson, Kimberly-Clark, and Whirlpool",PR Newswire (U.S.),264,0
81,NKE,181,20140420,844,Nike Runs Into Trouble on the Track,The Wall Street Journal,587,0
82,NKE,182,20140418,1036,British PM says Nike's $150 England shirt is too expensive,Reuters News,338,0
83,NKE,183,20140417,NA,"Nike, Brooks Running Get Entangled in Track Controversy; Top Athletes Consider a Strike Against Governing Body",The Wall Street Journal Online,629,0
84,NKE,184,20140416,2213,UPDATE 1-Soccer-UK minister wants Nike to cut price of $150 England shirt,Reuters News,662,0
85,NKE,185,20140416,2212,"Rooney, Ronaldo and Neymar star in new Nike advert ahead of World Cup",Mail Online,663,0
