,Ticker,Index,Date,Time,Headline,Source,NumWords,missing
1,NKE,1,20010928,435,Adidas CEO sees no reason for profit warning-paper.,Reuters News,279,0
2,NKE,2,20010927,2400,Nike Golf Announces Much-Anticipated Debut of Nike Tour Accuracy DD Golf Balls,PR Newswire,520,0
3,NKE,3,20010927,1159,Nike Golf Announces Debut of New Line of Nike Precision Double C Golf Balls,PR Newswire,421,0
4,NKE,4,20010927,NA,"Nike, Inc.'s Nike Golf Announces Debut of New Line of Nike Precision Double C Golf Balls",Reuters Significant Developments,112,0
5,NKE,5,20010927,NA,"Nike, Inc.'s Nike Golf Announces Much-Anticipated Debut of Nike Tour Accuracy DD Golf Balls",Reuters Significant Developments,70,0
6,NKE,6,20010921,NA,"Nike, Inc. Issues Guidance-DJ",Reuters Significant Developments,60,0
7,NKE,7,20010921,257,"Eurostocks set to drop again, financials to lead.",Reuters News,482,0
8,NKE,8,20010921,NA,"Business Brief -- Nike Inc.: Despite Net's 5.2% Decline, Orders Augur End of Slump",The Wall Street Journal,193,0
9,NKE,9,20010921,NA,COMPANY NEWS: NIKE SAYS ITS FIRST-QUARTER PROFIT FELL 5.2%,New York Times Abstracts,56,0
10,NKE,10,20010920,1642,Nike's 1st-Quarter Net Income Fell 5.2% Amid Slight Sales Drop,Dow Jones Business News,487,0
11,NKE,11,20010920,1618,Nike Inc. 1Q Net 75c/Share Before Charge,Dow Jones News Service,531,0
12,NKE,12,20010920,1421,Nike Donates $1M To Relief Organizations,Dow Jones News Service,112,0
13,NKE,13,20010920,1843,UPDATE 2-Nike looks to future orders for profit growth.,Reuters News,527,0
14,NKE,14,20010920,1815,AFTER THE BELL-Jabil off - other techs off a little.,Reuters News,503,0
15,NKE,15,20010920,1741,AFTER THE BELL-Jabil down - other techs off a little.,Reuters News,254,0
16,NKE,16,20010920,1843,UPDATE 2-Nike looks to future orders for profit growth.,Reuters News,526,0
17,NKE,17,20010920,1631,BC-TABLE - Nike Inc. Q1 results.,Reuters News,217,0
18,NKE,18,20010920,1744,CORRECTED - Nike profit tops expectations on lower inventories.,Reuters News,265,0
19,NKE,19,20010918,842,UPDATE 2-Adidas deal makes Bayern most expensive club.,Reuters News,643,0
20,NKE,20,20010917,905,DIARY-U.S. Corporate earnings calendar September 17.,Reuters News,50,0
21,NKE,21,20010916,2216,Wall St Week Ahead - Declines seen as markets race to reopen.,Reuters News,1297,0
22,NKE,22,20010916,2429,Wall St Week Ahead - Declines seen as markets race to reopen.,Reuters News,1237,0
23,NKE,23,20010914,1055,DIARY - U.S. corporate earnings calendar Sept. 17 - Sept. 21.,Reuters News,158,0
24,NKE,24,20010914,1641,Stockholder Meetings For Week Of Sept. 17,Dow Jones News Service,169,0
25,NKE,25,20010914,NA,Nike Postpones Earnings Release,The Wall Street Journal,66,0
26,NKE,26,20010913,1823,"Nike Reschedules 1Q Earnings Release, Annual Hldr Meeting",Dow Jones News Service,93,0
27,NKE,27,20010911,NA,NIKE TO CREATE PANEL ON LABOR AND ENVIRONMENT,The New York Times,97,0
28,NKE,28,20010911,NA,COMPANY NEWS: NIKE TO CREATE PANEL ON LABOR AND ENVIRONMENT,New York Times Abstracts,67,0
29,NKE,29,20010910,902,Nike Forms Corporate Responsibility Committee,Dow Jones News Service,230,0
30,NKE,30,20010906,823,Trade watchdog probes replica soccer kit market.,Reuters News,470,0
31,NKE,31,20010906,NA,NATIONAL NEWS - OFT raids sportswear groups in price-fix probe.,Financial Times,316,0
32,NKE,32,20010905,NA,Nike Launches New Marketing To Woo Women,The Wall Street Journal,654,0
33,NKE,33,20010905,1331,Sears CEO: Apparel Strategy Needs Premier Brands,Dow Jones News Service,327,0
34,NKE,34,20010903,2359,"Pan Asia up on share split, rights issue.",Reuters News,306,0
35,NKE,35,20010831,1054,Will he come back? Michael Jordan decision looms.,Reuters News,1037,0
36,NKE,36,20010827,2331,"ANALYSIS-HK shoemakers Yue Yuen, Kingmaker trek through risks.",Reuters News,751,0
37,NKE,37,20010828,854,75% Of Venezuela's Imported Shoes Are Contraband -Report,Dow Jones International News,263,0
38,NKE,38,20010827,245,Marriott to reposition Renaissance Hotels as chic-WSJ.,Reuters News,295,0
39,NKE,39,20010824,1511,Nike's Clare Hamill Ready To Deliver What Women Want,Dow Jones News Service,1297,0
40,NKE,40,20010822,2046,Nike Golf Signs Bryce Molder to Multi-Year Endorsement Agreement,PR Newswire,429,0
41,NKE,41,20010819,1921,London exhibition tracks Nike's quest for speed.,Reuters News,346,0
42,NKE,42,20010817,840,London exhibition tracks quest for speed.,Reuters News,341,0
43,NKE,43,20010815,1017,US Corp Bonds - Mostly firm - bank and finance wider.,Reuters News,529,0
44,NKE,44,20010814,1443,New Issue - Nike Inc. sold $250 mln in 5-year debt.,Reuters News,113,0
45,NKE,45,20010813,NA,Are Ready-to-Wear Watchdogs For Those Who Are Ill or Well? --- Makers of Monitoring Devices Search for Profits in Sickness or in Health...,The Asian Wall Street Journal,1158,0
46,NKE,46,20010813,NA,Do Devices Measuring Body Signs Appeal To the Sick or Healthy? --- Makers of Wearable Watchdogs Debate Which Market to Serve,The Wall Street Journal Europe,1107,0
47,NKE,47,20010812,NA,"IN NIKE'S TOWN, OTHER SHOE DROPS",New York Times Abstracts,31,0
48,NKE,48,20010810,NA,Nike Chairman Knight Has Bonus Cut as Shares Slip,The Wall Street Journal,294,0
49,NKE,49,20010810,NA,"The Challengers: Are Profits in Sickness, or in Health?",The Wall Street Journal,1147,0
50,NKE,50,20010810,NA,COMPANIES &FINANCE INTERNATIONAL - Nike slashes chairman's bonus.,Financial Times,405,0
51,NKE,51,20010810,NA,Nike slashes chairman's bonus.,Financial Times (FT.Com),384,0
52,NKE,52,20010809,1716,"Nike cuts bonus of chairman, top executives.",Reuters News,402,0
53,NKE,53,20010808,251,TABLE-Pan Asia Q2 net profit surges.,Reuters News,86,0
54,NKE,54,20010807,610,UPDATE 2-Adidas says on track as U.S. decline slows.,Reuters News,804,0
55,NKE,55,20010807,313,Adidas Q2 net profit hits mkt forecasts.,Reuters News,159,0
56,NKE,56,20010803,842,Adidas Q2 seen on track as U.S. revamp runs on.,Reuters News,660,0
57,NKE,57,20010802,1612,UPDATE 2-Oakley cuts outlook on lower Sunglass Hut orders.,Reuters News,635,0
58,NKE,58,20010726,1822,"Golf equipment makers see bogeys, hazards, less green.",Reuters News,947,0
59,NKE,59,20010726,1450,UPDATE 2-Skechers profits up 40 percent on higher sales.,Reuters News,475,0
60,NKE,60,20010726,828,Shoe designer Skechers Q2 profits up 40 percent.,Reuters News,198,0
61,NKE,61,20010725,2320,INTERVIEW-Kingmaker eyes double-digit FY 02 turnover growth.,Reuters News,734,0
62,NKE,62,20010724,846,UPDATE 1-Reebok profit up 32 percent.,Reuters News,280,0
63,NKE,63,20010724,826,Reebok profit up 32 percent.,Reuters News,166,0
64,NKE,64,20010723,1637,"WSJ:Nike Recalling 425,000 Pairs Of Jordan Trunner Model",Dow Jones News Service,466,0
65,NKE,65,20010723,1846,"Nike recalls 425,000 pairs of athletic shoes.",Reuters News,184,0
66,NKE,66,20010723,1114,UPDATE 2-Skechers warns of lower 2001 earnings.,Reuters News,394,0
67,NKE,67,20010723,1114,UPDATE 2-Skechers warns of lower 2001 earnings.,Reuters News,401,0
68,NKE,68,20010720,312,INTERVIEW-Thai shoe maker's profit growth no mean feat.,Reuters News,484,0
69,NKE,69,20010719,2353,"Thai stocks flat at open, small caps dominate.",Reuters News,294,0
70,NKE,70,20010720,937,"CORRECTED - UPDATE 4-Timberland shares sink on outlook, Skechers slips.",Reuters News,732,0
71,NKE,71,20010718,1505,"UPDATE 2-Man Utd shares soar as ""mystery"" buyer hikes stake.",Reuters News,413,0
72,NKE,72,20010717,1200,"Japan's Asics, Mizuno cash in on Ichiro sensation.",Reuters News,671,0
73,NKE,73,20010713,616,"Thai stocks end down, index seen vulnerable.",Reuters News,488,0
74,NKE,74,20010713,332,Vietnam to try S.Korean manager for beating worker.,Reuters News,216,0
75,NKE,75,20010713,156,"Thai stocks flat at midday, index seen vulnerable.",Reuters News,439,0
76,NKE,76,20010712,1623,Nike buffs image with Webcast of Vietnam factory.,Reuters News,505,0
77,NKE,77,20010703,623,RESEARCH ALERT-MSDW initiates Nike at Outperform.,Reuters News,146,0
