,Ticker,Index,Date,Time,Headline,Source,NumWords,missing
1,NKE,1,20080330,2101,Apple has biggest impact on world consumers-survey,Reuters News,429,0
2,NKE,2,20080328,2400,"Fashion Camp NYC Brings Fashion to Life for Teens for 2nd Smash Season; - Faculty to include fashion executives from Coach Victoria's Secret, American Eagle, Tommy Hilfiger,  Cole Haan and Vogue -",PR Newswire (U.S.),341,0
3,NKE,3,20080324,434,US Stocks To Watch Monday,Dow Jones Chinese Financial Wire,150,0
4,NKE,4,20080321,NA,"Lehman, Goldman, Morgan Stanley Rise --- Citigroup Climbs With Layoff News; GE Gets an Upgrade",The Wall Street Journal,696,0
5,NKE,5,20080320,NA,"Beijing Olympics 2008: Stylish sportswear with designs on China ---  Nike and Adidas go local, riding wave of national pride",The Wall Street Journal Asia,1307,0
6,NKE,6,20080320,NA,International Sales Help Lift  Nike's Profit,The New York Times,1306,0
7,NKE,7,20080320,147,HEADLINE STOCKS - U.S. stocks on the move on March 20,Reuters News,1307,0
8,NKE,8,20080320,NA,Earnings Digest:  Nike Net Jumps 32% as Weak Dollar Aids Sales,The Wall Street Journal,950,0
9,NKE,9,20080320,NA,MARKET SNAPSHOT: U.S. Stocks Soar Toward First Weekly Gains In Four Weeks,Dow Jones Business News,172,0
10,NKE,10,20080320,755,"MARKET SNAPSHOT: U.S. Stocks Rise On  Nike, Philly Fed Data",Dow Jones Business News,429,0
11,NKE,11,20080320,NA,"MARKET SNAPSHOT: U.S. Stocks Jump Ahead, Shrug Off Commodities Weakness",Dow Jones Business News,300,0
12,NKE,12,20080320,1533,MARKET SNAPSHOT: Stocks Start In Struggle To Shrug Off Commodity-induced Drop,Dow Jones Business News,700,0
13,NKE,13,20080320,1442,"UPDATE:  Nike Profit Surges, Led By Gains In Europe, Asia",Dow Jones Business News,615,0
14,NKE,14,20080320,2402,DJ Hot Stocks: NKE,Dow Jones Chinese Financial Wire,555,0
15,NKE,15,20080320,1050,Ashland Inc. Appoints Manager And Rohr To Board,Dow Jones News Service,455,0
16,NKE,16,20080320,956,"Nike sales reach $1 billion in China, CEO says",Reuters News,270,0
17,NKE,17,20080320,532,After the Bell-Nike shoots higher on profit beat,Reuters News,775,0
18,NKE,18,20080320,2443,UPDATE 3- Nike 3rd-quarter net up 32 pct; China sales strong,Reuters News,64,0
19,NKE,19,20080320,1023,DJ Nike Inc. 3Q EPS 92c Vs EPS 68c >NKE,Dow Jones Chinese Financial Wire,64,0
20,NKE,20,20080320,817,DJ Hot Stocks to Watch: NKE,Dow Jones Chinese Financial Wire,83,0
21,NKE,21,20080320,800,Nike Inc (NKE) Resumed Trading,Dow Jones News Service,96,0
22,NKE,22,20080319,1722,"UPDATE:  Nike 3Q Net Up 32%, Boosted By Weak Dollar",Dow Jones News Service,81,0
23,NKE,23,20080319,1706,Nike Inc. 3Q US Rev Increased 5% To $1.6B Vs $1.5B,Dow Jones News Service,71,0
24,NKE,24,20080319,1627,"Nike, Inc. Comments On Q4 2008 Revenue Guidance; Comments On FY 2009 Guidance-Conference Call",Reuters Significant Developments,723,0
25,NKE,25,20080319,1705,Nike and Ashoka's Changemakers Announce Winners in the Sport For A Better World Competition,PR Newswire Europe,112,0
26,NKE,26,20080319,1615,Nike faults China work conditions,The Wall Street Journal Asia,106,0
27,NKE,27,20080319,813,Talbots Picks Lori Wagner for Chief Marketing Officer,The Wall Street Journal,43,0
28,NKE,28,20080319,1655,UPDATE 1- Nike reports problems at China factories,Reuters News,5,0
29,NKE,29,20080319,1640,Nike reports persistent problems at China factories,Reuters News,407,0
30,NKE,30,20080319,1615,Talbots Announces Senior Executive Appointment,Dow Jones News Service,14,0
31,NKE,31,20080319,NA,Nike:Worker Rights Problems Persist In China Despite New Laws,Dow Jones International News,148,0
32,NKE,32,20080317,900,"Seven Summits Research Releases Comments on EBAY, AMR, NKE, LPL, and BIIB",PR Newswire (U.S.),401,0
33,NKE,33,20080317,900,"Nike, Under Armour fight over new noncleated soles",Reuters News,398,0
34,NKE,34,20080317,NA,UPDATE 1-Adidas shares rise on talk of Nike interest,Reuters News,307,0
35,NKE,35,20080315,NA,Nike sees 'gaps' in China labour laws.,Financial Times,266,0
36,NKE,36,20080317,NA,"WEEKEND EDITION: Cheap Dollar Reveals Some Bargain Stocks, But It Pays To Be Picky",Dow Jones Business News,126,0
37,NKE,37,20080314,1332,Minnesota State High School League Ices Long Term Deal With Nike Bauer Hockey,PR Newswire (U.S.),539,0
38,NKE,38,20080314,607,Apple targets businesses with new iPhone features,The Wall Street Journal Europe,473,0
39,NKE,39,20080314,1042,"Adidas, Samsung Team Up On Mobile Phone That Can Coach",Dow Jones News Service,133,0
40,NKE,40,20080313,1925,Corporate News Brief -- Internet:  Nike and Apple reach deal on iPod-friendly gym gear,The Wall Street Journal Asia,587,0
41,NKE,41,20080312,1111,"Adidas says Europe, Asia offset Reebok slump in U.S.",The Wall Street Journal Europe,505,0
42,NKE,42,20080310,1541,Nike and Apple Reach iPod Deal,The Wall Street Journal,768,0
43,NKE,43,20080310,2456,Business Brief:  Nike Inc.,The Wall Street Journal Europe,775,0
44,NKE,44,20080310,937,"Nike, Apple Make IPod Compatible With Gym Equipment",Dow Jones News Service,221,0
45,NKE,45,20080310,NA,Wisconsin Energy Named One of the 15 Best Corporate Citizens by Corporate Responsibility Officer Magazine,PR Newswire (U.S.),301,0
46,NKE,46,20080309,NA,Run from Nike.,Financial Times,312,0
47,NKE,47,20080309,2220,In Brief,The Wall Street Journal,871,0
48,NKE,48,20080307,1731,Kobe Bryant Taps Zambezi Ink for Sneaker Campaign,PR Newswire (U.S.),506,0
49,NKE,49,20080307,NA,Brazil Soccer Grp To Review  Nike Contract After French Deal,Dow Jones International News,292,0
50,NKE,50,20080306,1612,Yue Yuen Sees FY End-Sep 2008 Capex US$200 Mln Vs US$320 Mln,Dow Jones International News,313,0
51,NKE,51,20080306,NA,DJ Yue Yuen Sees This FY Capex Down 38% After Retail Spinoff,Dow Jones Chinese Financial Wire,144,0
52,NKE,52,20080306,NA,Nike And Umbro Announce Management Changes,Dow Jones News Service,343,0
53,NKE,53,20080306,NA,"STORY WITHDRAWN -  Nike, Inc. Announces Management Changes",Reuters Significant Developments,348,0
54,NKE,54,20080305,NA,UPDATE 1- Nike says CEO of Umbro to leave the company,Reuters News,188,0
55,NKE,55,20080304,NA,ETHICS MONITOR: 'Best Corporate Citizens List' Has Flaws,Dow Jones News Service,101,0
56,NKE,56,20080304,1545,UPDATE: Puma's 4Q Profit Up 17% At EUR38.3 Million,Dow Jones International News,290,0
57,NKE,57,20080304,901,Sportswear companies succumb to football folly.,Financial Times,337,0
58,NKE,58,20080304,NA,Phoenix Footwear Appoints James Clopton as President of Tommy Bahama Footwear and H.S. Trask Divisions; - Industry veteran to lead two...,PR Newswire (U.S.),115,0
59,NKE,59,20080304,NA,SPX Corporation Named to CRO's 100 Best Corporate Citizens 2008 Rankings,PR Newswire (U.S.),182,0
60,NKE,60,20080303,1415,"Hockey Fan, And Investor, Buys Bauer From Nike",The New York Times,404,0
61,NKE,61,20080303,1646,Nike stars on CD in Japan --- Singer holds sneaker in a limited edition; eyes open and shut,The Wall Street Journal Europe,186,0
62,NKE,62,20080302,2255,Nike Will Sell Hockey Business As It Drives for Faster Growth,The Wall Street Journal,222,0
63,NKE,63,20080303,1246,French Soccer Federation Agrees Deal With  Nike From 2011,Dow Jones International News,224,0
64,NKE,64,20080303,850,Nike Announces Partnership With The French National Football (Soccer) Team,Dow Jones News Service,135,0
65,NKE,65,20080303,NA,"Nike, Inc. Partnership with the French National Football (Soccer) Team",Reuters Significant Developments,74,0
66,NKE,66,20080303,905,UPDATE 1-Nike to supply French National Football in 2011,Reuters News,210,0
67,NKE,67,20080229,615,Soccer-Nike to replace Adidas as France sponsors,Reuters News,746,0
68,NKE,68,20080229,1251,DJ Nike Inc. To Sell Bauer Hockey Unit For $200M >NKE,Dow Jones Chinese Financial Wire,735,0
69,NKE,69,20080226,802,UPDATE: Nike Sells Bauer Hockey Brand For $200M,Dow Jones News Service,354,0
70,NKE,70,20080226,NA,"NIKE, Inc. Sells Bauer Hockey Subsidiary To  Kohlberg & Co And W. Graeme Roustan For $200 Million",Dow Jones News Service,883,0
71,NKE,71,20080225,1835,"Nike, Inc. Sells Bauer Hockey Subsidiary To  Kohlberg & Company And W. Graeme Roustan For $200 Million",Reuters Significant Developments,499,0
72,NKE,72,20080225,832,UPDATE 1- Nike to sell Bauer Hockey subsidiary,Reuters News,507,0
73,NKE,73,20080222,NA,ANALYSIS-Watch out  Nike: China's sports brands coming on fast,Reuters News,425,0
74,NKE,74,20080222,NA,AEP Named One of '100 Best Corporate Citizens' by Corporate Responsibility Officer Magazine,PR Newswire (U.S.),916,0
75,NKE,75,20080222,NA,"Nike targets athletes, greens, Wall Street --- New sneaker heralds effort to save money and help the planet",The Wall Street Journal Asia,381,0
76,NKE,76,20080222,1130,Business Chiefs Vow To Lead Fight Against Global Warming -AFP,Dow Jones International News,166,0
77,NKE,77,20080222,1655,"Nike, Inc. Declares Quarterly Dividend",Reuters Significant Developments,65,0
78,NKE,78,20080222,NA,"Steve Nash And Nike Turn Garbage Into ""trash Talk""",Dow Jones News Service,52,0
79,NKE,79,20080222,1709,"Puma sees big wins with African football --- Continent's squads are key to strategy against  Nike, Adidas",The Wall Street Journal Asia,380,0
80,NKE,80,20080222,1108,Nike Names Peter Hudson Vice Pres Of Footwear Design,Dow Jones News Service,168,0
81,NKE,81,20080221,932,Home & Family -- Cranky Consumer: Designs to Set Us Apart From the Crowd --- We Try Services that Create Customized Items; Our Blue Nike Swoosh,The Wall Street Journal,84,0
82,NKE,82,20080221,905,"With Hockey Market Stagnant,  Nike Seeks to Sell Equipment Unit",The New York Times,86,0
83,NKE,83,20080221,927,"Umbro plc Accepts Offer Of  Nike, Inc.",Reuters Significant Developments,255,0
84,NKE,84,20080221,906,Nike says Umbro accepts its acquisition offer,Reuters News,18,0
85,NKE,85,20080221,NA,Nike supplier kicks off HK issue.,Financial Times,103,0
86,NKE,86,20080221,919,Nike supplier kicks off float.,Financial Times,241,0
87,NKE,87,20080221,329,Umbro's Hldrs Accept  Nike Offer,Dow Jones News Service,966,0
88,NKE,88,20080220,1101,REFILE-UPDATE 1-Yue Yuen eyes US$800 mln IPO spin-off -sources,Reuters News,380,0
89,NKE,89,20080218,NA,JJB backs Umbro takeover by Nike.,Financial Times,1117,0
90,NKE,90,20080215,NA,UPDATE:  Nike Umbro Buy Moves Closer As  JJB Sports Backs Deal,Dow Jones International News,1091,0
91,NKE,91,20080215,NA,Nike's head of footwear design moves to Converse,Reuters News,1095,0
92,NKE,92,20080215,159,"Nike Names John Hoke VP, Global Footwear, At Converse",Dow Jones News Service,345,0
93,NKE,93,20080215,NA,Dispatch: Athletes make their own pitches with self-produced online ads,The Wall Street Journal Asia,341,0
94,NKE,94,20080214,NA,Bold steps into the arena of art.,Financial Times,57,0
95,NKE,95,20080213,1620,Nike Names Executive Garry Cook To Lead Jordan Brand,Dow Jones News Service,9,0
96,NKE,96,20080212,NA,Nike promotes Cook to president of Jordan brand,Reuters News,852,0
97,NKE,97,20080207,NA,Athletes' New Game: Their Own Web Ads --- Low-Budget Spots Put Stars in Control Of Their Marketing,The Wall Street Journal,898,0
98,NKE,98,20080207,NA,Yue Yuen Industrial Last FY Net Profit US$359.4M,Dow Jones International News,707,0
99,NKE,99,20080211,1719,Nike jumps Umbro hurdle.,Financial Times,78,0
100,NKE,100,20080207,NA,UK's Office Of Fair Trade Clears  Nike's Umbro Acquisition,Dow Jones International News,1246,0
