,Ticker,Index,Date,Time,Headline,Source,NumWords,missing
1,NKE,1,20060928,2452,"New Look of Nike Online Retail More Than Skin Deep; More Than 30,000 Products and Robust Functionality in Time for Holidays",PR Newswire (U.S.),691,0
2,NKE,2,20060925,825,"Scott Olivet Elected to Payless ShoeSource, Inc. Board of Directors",PR Newswire (U.S.),358,0
3,NKE,3,20060925,NA,"In Italy, Nike Makes Light of the Famous World Cup Head Butt",The New York Times,664,0
4,NKE,4,20060925,428,US Stocks To Watch Monday,Dow Jones Chinese Financial Wire,168,0
5,NKE,5,20060925,NA,"Business Brief -- Nike Inc.: Profit declines as marketing, stock-option expenses rise",The Wall Street Journal Asia,141,0
6,NKE,6,20060922,931,"Seven Summits Research Releases Alerts on INTC, MOT, NKE, PALM, and JWN",PR Newswire (U.S.),607,0
7,NKE,7,20060922,NA,"Nike, Inc. Comments On Q2 2007 Revenue Guidance-Conference Call",Reuters Significant Developments,56,0
8,NKE,8,20060922,457,"RESEARCH ALERT-WestLB raises Adidas to ""add""",Reuters News,101,0
9,NKE,9,20060922,347,"UPDATE 3-Nike profit beats Street, shares up 6 pct",Reuters News,691,0
10,NKE,10,20060922,NA,"Nike Profit Falls; Marketing Costs, Options Are Cited",The Wall Street Journal,564,0
11,NKE,11,20060922,NA,Nike's profit slips as expenses increase,The Wall Street Journal Europe,452,0
12,NKE,12,20060922,NA,Nike profit falls but revenues rise.,Financial Times,304,0
13,NKE,13,20060922,1019,"UPDATE: Nike Profit Slips, Revenue Rises In All Regions",Dow Jones Business News,821,0
14,NKE,14,20060922,111,2ND UPDATE: Nike Quarterly Profit Slips 13%,Dow Jones Business News,820,0
15,NKE,15,20060921,2031,=DJ Nike Sees 2007 EPS Up On 'Healthy' Sneaker Demand >NKE,Dow Jones Chinese Financial Wire,425,0
16,NKE,16,20060921,1615,NIKE Reports First Quarter Earnings Per Share of $1.47; Worldwide Futures Orders Up 6 Percent,PR Newswire (U.S.),2154,0
17,NKE,17,20060921,1742,Nike sees Q2 sales growth in high single digits,Reuters News,53,0
18,NKE,18,20060921,1733,Nike sees 2007 sales growth in high single digits,Reuters News,63,0
19,NKE,19,20060921,1720,After the Bell - Nike rises in after-hours trade,Reuters News,74,0
20,NKE,20,20060921,1648,TABLE-Nike Q1 net down,Reuters News,84,0
21,NKE,21,20060920,2251,"HK Hot Stocks:Yue Yuen, China Mobile up, SMIC down",Reuters News,386,0
22,NKE,22,20060921,NA,Business Brief -- Yue Yuen Industrial Holdings Ltd.: Net Rises 17% as China Expansion Helps to Offset Higher Costs,The Wall Street Journal,149,0
23,NKE,23,20060921,1715,NIKE Reports First Quarter Earnings Per Share of US$1.47,PR Newswire Europe,2213,0
24,NKE,24,20060921,604,"Nike VP Of Global Sports Mktg To Get $800,000 Salary",Dow Jones Corporate Filings Alert,123,0
25,NKE,25,20060921,1746,UPDATE: Nike Quarterly Profit Slips 13%,Dow Jones Business News,463,0
26,NKE,26,20060920,2148,STOCKS TO WATCH: Stocks Expected To Move Thursday,Dow Jones Business News,1112,0
27,NKE,27,20060921,1700,"Nike 1Q Profit Slips 13%, Hurt By Stock-Options Expensing",Dow Jones International News,403,0
28,NKE,28,20060921,1628,"Nike Profit Slips, Revenue Rises",Dow Jones International News,181,0
29,NKE,29,20060921,1836,DJ LATE TRADING: Nike Flat As First-Quarter Profit Slips,Dow Jones Chinese Financial Wire,729,0
30,NKE,30,20060921,1729,"DJ Nike Profit Slips, Revenue Rises",Dow Jones Chinese Financial Wire,179,0
31,NKE,31,20060921,1844,Nike Sees 2007 EPS Up On 'Healthy' Sneaker Demand,Dow Jones News Service,426,0
32,NKE,32,20060921,1803,"WSJ UPDATE: Nike Net Falls On Options, Soccer; Sales Up",Dow Jones News Service,779,0
33,NKE,33,20060921,1703,LATE TRADING: Nike Flat As First-Quarter Profit Slips,Dow Jones News Service,1636,0
34,NKE,34,20060921,1658,"UPDATE: Nike 1Q Profit Slips 13%, Hurt By Stock-Options Expensing",Dow Jones News Service,452,0
35,NKE,35,20060921,1646,NIKE INC CL B (NKE) Resumed Trading,Dow Jones News Service,7,0
36,NKE,36,20060921,1616,NIKE Reports 1Q EPS Of $1.47,Dow Jones News Service,183,0
37,NKE,37,20060921,NA,Business Brief: Yue Yuen Industrial Holdings Ltd.,The Wall Street Journal Asia,148,0
38,NKE,38,20060920,2451,Runners Log Over 1 Million Miles With Nike+iPod,PR Newswire (U.S.),638,0
39,NKE,39,20060920,851,Shoe giant Yue Yuen's 9-month profit up 17 pct,Reuters News,269,0
40,NKE,40,20060920,NA,Who's News Brief -- Walt Disney Co.: Wesley Coleman Is Appointed Chief Human Resources Officer,The Wall Street Journal,165,0
41,NKE,41,20060920,NA,"Nike, Inc. Announces Consolidation of Oregon and Tennessee Footwear Distribution Centers Into Single Location by 2008",Reuters Significant Developments,63,0
42,NKE,42,20060920,736,"HK Yue Yuen 9 Mos To June Net US$266 Mln, Up 17% On Yr",Dow Jones International News,174,0
43,NKE,43,20060920,807,DJ HK Yue Yuen 9 Mos To June Net US$266 Mln;Up 17% On Yr -2-,Dow Jones Chinese Financial Wire,110,0
44,NKE,44,20060919,1817,"UPDATE 1-Nike merges Oregon, Tennessee distribution centers",Reuters News,231,0
45,NKE,45,20060919,NA,Stardom in shoe design --- Creators of sneakers for celebrity athletes find their own fame,The Wall Street Journal Europe,968,0
46,NKE,46,20060919,1814,Nike Announces Consolidation Of Oregon And Tennessee Footwear Distribution Centers Into Single Location By 2008,Dow Jones International News,144,0
47,NKE,47,20060919,1945,"DJ Nike To Consolidate Oregon, Tennessee Distribution Centers",Dow Jones Chinese Financial Wire,134,0
48,NKE,48,20060919,1807,Nike Announces Consolidation Of Oregon And Tennessee Footwear Distribution Centers Into Single Location By 2008,Dow Jones News Service,144,0
49,NKE,49,20060919,NA,Shoes make the star: Designers get big --- Fame hits creators of celebrity sneakers; the footwear culture,The Wall Street Journal Asia,1377,0
50,NKE,50,20060916,NA,"The Business of Sports (A Special Report) --- Bottom Lines: As sports melds into pop culture, the people who design shoes for famous...",The Wall Street Journal,1429,0
51,NKE,51,20060912,NA,"Hackney collects Pounds 300,000 after row with Nike.",Financial Times,297,0
52,NKE,52,20060911,2400,"Nike Pays Local London Council For Using Name, Logo",Dow Jones International News,211,0
53,NKE,53,20060910,2327,INDIA PRESS: Bharti Enterprises May Start Tesco Franchise,Dow Jones International News,175,0
54,NKE,54,20060908,1615,"NIKE, Inc. to Webcast Earnings and Conference Call",PR Newswire (U.S.),292,0
55,NKE,55,20060905,1840,"Nike Campaign Proves 'Football Is Everything' - Video Available; All-Star Cast Includes Vick, Urlacher, Tomlinson, Polamalu and Leinart With...",PR Newswire (U.S.),591,0
56,NKE,56,20060903,2124,Nike's Johnny Cash ad a 'Hurt'-ful experience,Reuters News,571,0
57,NKE,57,20060829,1130,Donna DeBerry Joins Nike as Company's First Vice President of Diversity,PR Newswire (U.S.),627,0
58,NKE,58,20060828,1817,"Rapper Eminem, Nike Team To Design Limited-Edition Sneaker",Dow Jones News Service,248,0
59,NKE,59,20060826,NA,Nike Suspends Sponsorship Deal With Olympic Track Star Gatlin,The Wall Street Journal,673,0
60,NKE,60,20060822,700,Monster Worldwide Names Former GM Of Nike Asia Pacific As Head Of Its Asia Pacific Region; Experienced Brand Marketer To Help Drive Monster...,Dow Jones News Service,151,0
61,NKE,61,20060820,NA,JUST OVERDO IT,The New York Times,229,0
62,NKE,62,20060820,NA,JUST OVERDO IT,The New York Times Abstracts,33,0
63,NKE,63,20060817,1348,"Maria Sharapova Dispels 'Pretty Girl' Image in First Solo Nike Campaign; Tennis Greats John & Patrick McEnroe, Mary Joe Fernandez and a Host...",PR Newswire (U.S.),769,0
64,NKE,64,20060816,1001,Sony hopes sports stars bring holiday cheer,Reuters News,497,0
65,NKE,65,20060816,750,RESEARCH ALERT-BofA cuts Nike price target to $100,Reuters News,81,0
66,NKE,66,20060815,720,Stockmann signs Nike deal as eyes Russian growth,Reuters News,151,0
67,NKE,67,20060815,701,Stockmann In Partnership With Nike In Russia,Dow Jones International News,158,0
68,NKE,68,20060815,NA,Li Ning drafts Shaq --- The NBA star agrees to a marketing deal with apparel maker,The Wall Street Journal Asia,613,0
69,NKE,69,20060814,NA,"Nike, Inc. Declares Dividend Payment",Reuters Significant Developments,56,0
70,NKE,70,20060814,930,Nike sets unchanged quarterly dividend,Reuters News,77,0
71,NKE,71,20060814,956,"WSJA UPDATE: NBA Star O'Neal, Li Ning Sign Shoe Deal",Dow Jones News Service,529,0
72,NKE,72,20060814,931,"Seven Summits Research Releases Alerts on CVX, ERTS, NKE, OXY, and SYY",PR Newswire (U.S.),565,0
73,NKE,73,20060814,915,Nike Declares Dividend,PR Newswire (U.S.),232,0
74,NKE,74,20060810,2018,HK Yue Yuen July Revenue US$318.8 Mln; Up 12.8% On Year,Dow Jones International News,165,0
75,NKE,75,20060810,NA,"Corporate News Brief -- Marketing: World Cup, Reebok buy boost Adidas's net profit",The Wall Street Journal Europe,133,0
76,NKE,76,20060810,1316,Nike Extends Pact With NFL As An Authorized Supplier Of NFL Footwear,Dow Jones News Service,109,0
77,NKE,77,20060810,1315,Nike Extends Agreement With NFL as an Authorized Supplier of NFL Footwear,PR Newswire (U.S.),457,0
78,NKE,78,20060810,1336,"Nike, NFL extend footwear supply agreement",Reuters News,78,0
79,NKE,79,20060810,NA,"Apparel Brief -- Adidas AG: World Cup, Reebok Purchase Help Boost Earnings 24%",The Wall Street Journal,182,0
80,NKE,80,20060809,NA,Business Brief -- Nike Inc.: DeStefano promoted to head of firm's global operations,The Wall Street Journal Europe,129,0
81,NKE,81,20060809,1633,Nike CEO Got $1.29M Bonus For Past FY,Dow Jones Corporate Filings Alert,148,0
82,NKE,82,20060809,1848,Nike CEO Parker Got $1.29M Bonus For FY Ended May 31,Dow Jones International News,151,0
83,NKE,83,20060809,602,2ND UPDATE: Adidas 2Q Net Pft Rises On Reebok Consolidation,Dow Jones News Service,846,0
84,NKE,84,20060809,NA,Nike promotes DeStefano to head global operations,The Wall Street Journal Asia,220,0
85,NKE,85,20060809,1831,Nike CEO paid $1.29 million bonus for fiscal 2006,Reuters News,226,0
86,NKE,86,20060808,NA,Beijing's Olympics present hurdles --- Dozens of marketers battle for attention; three official beers,The Wall Street Journal Europe,1300,0
87,NKE,87,20060808,NA,"Beijing 2008: Beijing Olympics present hurdles for marketers --- Costs, competition may prove vexing; three official beers",The Wall Street Journal Asia,1524,0
88,NKE,88,20060808,NA,Nike Shuffles Management Team,The Wall Street Journal,192,0
89,NKE,89,20060808,NA,"For Sponsors, China's 2008 Olympics Have Already Begun",The Wall Street Journal,1320,0
90,NKE,90,20060807,1947,UPDATE: CORRECT: Nike Promotes U.S. Head To Oversee Global Operations,Dow Jones Business News,203,0
91,NKE,91,20060807,1748,UPDATE:Nike Promotes US Head To Oversee Global Operations,Dow Jones News Service,211,0
92,NKE,92,20060807,1644,Nike Brand Aligns Leadership To Drive Geographic And Consumer Segmentation Growth,Dow Jones News Service,115,0
93,NKE,93,20060807,1644,Nike Brand Aligns Leadership to Drive Geographic and Consumer Segmentation Growth; Changes Include Promotions of Gary DeStefano to President...,PR Newswire (U.S.),756,0
94,NKE,94,20060807,1827,"UPDATE 1-Nike realigns management, promotes DeStefano",Reuters News,238,0
95,NKE,95,20060807,1821,"Under Armour footwear joins Nike, Reebok at NFL",Reuters News,498,0
96,NKE,96,20060807,1707,RPT-Nike promotes DeStefano to global role,Reuters News,86,0
97,NKE,97,20060807,827,RESEARCH ALERT-Prudential cuts Nike price target to $85,Reuters News,85,0
98,NKE,98,20060804,NA,Adidas aims to pass Nike --- It brings in Reebok for race to top spot in Chinese market,The Wall Street Journal Europe,701,0
99,NKE,99,20060804,NA,"Business Brief -- Puma AG: Net profit declines 15%, hurt by costs related to World Cup",The Wall Street Journal Europe,152,0
100,NKE,100,20060804,1434,Simon's Chelsea Division Opens Round Rock Premium Outlets(R); 125 Stores Open to Big Crowds in Bright Texas Sunshine,PR Newswire (U.S.),426,0
