,Ticker,Index,Date,Time,Headline,Source,NumWords,missing
1,NKE,101,20130520,839,New England kit revealed! Wilshere is the first to show off new Nike strip on Twitter,Mail Online,226,0
2,NKE,102,20130520,804,"On fleeting Hong Kong trips, Chinese make frugal fashionable",Reuters News,225,0
3,NKE,103,20130519,1922,Fast fashion's home truths; The Fast Lane,Financial Times,915,0
4,NKE,104,20130519,1700,Nike urge fans to rally round England shirt by putting country before club,Mail Online,958,0
5,NKE,105,20130518,NA,DJ What's a CEO Worth? More Firms Say $10 Million,Dow Jones Chinese Financial Wire,891,0
6,NKE,106,20130517,NA,"What the Well-Dressed Fracker Is Wearing; Retailers, Manufacturers Envision a Gold Rush in Duds for Workers in Booming Oil and Gas Fields",The Wall Street Journal Online,874,0
7,NKE,107,20130516,2054,The Converse Rubber Tracks Experience Comes To San Francisco,PR Newswire (U.S.),686,0
8,NKE,108,20130517,NA,"Nike Overwhelms All Others When It Comes To ""Socially Devoted"" U.S. Brands On Twitter, According To Socialbakers Latest Report (Q1 2013)",PR Newswire (U.S.),680,0
9,NKE,109,20130516,1922,Starwood Hotels CEO: 'I Hate Jargon',WSJ Blogs,686,1
10,NKE,110,20130516,240,Starwood Hotels CEO: 'I Hate Jargon',Risk & Compliance Journal,612,1
11,NKE,111,20130515,2203,"DJ CFO BLAIR Sells 33,000 Of NIKE INC >NKE",Dow Jones Newswires,861,0
12,NKE,112,20130516,NA,DJ Renaissance Technologies 1Q 13F: Hldgs As Of Mar 31,Dow Jones Institutional News,838,0
13,NKE,113,20130516,1500,Nike Inc Declares $0.21 Quarterly Dividend,Reuters Significant Developments,736,0
14,NKE,114,20130516,900,PRESS RELEASE: Nike Declares $0.21 Quarterly Dividend,Dow Jones Newswires,424,0
15,NKE,115,20130515,1336,Nike keep powder dry; SPORTS AGENDA ALWAYS OUT IN FRONT,Irish Daily Mail,938,0
16,NKE,116,20130515,1350,Manchester United Hunts For Ferguson's Successor,The Wall Street Journal Europe,321,0
17,NKE,117,20130515,1643,"Jason Collins: Out From the Closet, Into a Major Deal With Nike?",WSJ Blogs,178,1
18,NKE,118,20130430,1804,"WSJ Blog: Jason Collins: Out From the Closet, Into a Major Deal With Nike?",Dow Jones Newswires,176,0
19,NKE,119,20130515,940,"DJ VP PLISKA Registers 20,000 Of NIKE INC >NKESA",Dow Jones Newswires,9327,0
20,NKE,120,20130513,NA,DJ  Nike: Michael Spillane Named VP & GM of Greater China Geography >NKE,Dow Jones Chinese Newswires English Content,59,0
21,NKE,121,20130513,1615,"PRESS RELEASE: NIKE, Inc. Announces Leadership Changes",Dow Jones Newswires,222,0
22,NKE,122,20130509,NA,"The Zacks Analyst Blog Highlights:Iconix Brand Group, Nike, Francescas Holdings, Hanesbrands and Clorox",PR Newswire (U.S.),104,0
23,NKE,123,20130509,NA,Now that's a big shoe to fill! Nike unveils largest sneaker they ever created... for an ELEPHANT with a limp,Mail Online,1291,0
24,NKE,124,20130509,NA,The wardrobe budget must be tight: Lana Del Rey performs in a dated lace mini dress and battered Converse trainers,Mail Online,983,0
25,NKE,125,20130508,1413,DJ Nike Files 8K - Other Events >NKE,Dow Jones Institutional News,1282,0
26,NKE,126,20130503,1651,EBay pulls Nike 'Boston Massacre' t-shirt listing,Reuters News,360,0
27,NKE,127,20130503,1652,"DJ CFO BLAIR Sells 33,000 Of NIKE INC >NKE",Dow Jones Newswires,410,0
28,NKE,128,20130503,1652,"DJ VP VAN ALEBEEK Sells 52,500 Of NIKE INC >NKE",Dow Jones Newswires,401,0
29,NKE,129,20130501,2229,DJ  NYSE New 52-Week Highs And Lows -2-,Dow Jones Chinese Newswires English Content,126,0
30,NKE,130,20130426,2224,DJ NYSE New 52-Week Highs And Lows -2-,Dow Jones Chinese Financial Wire,128,0
31,NKE,131,20130426,2223,Nike Aces $1 Billion Offering,The Wall Street Journal,127,0
32,NKE,132,20130501,1617,Nike's $1 billion deal sets stage for US high-grade issuers,Reuters News,44,0
33,NKE,133,20130501,1615,Forward Calendar - U.S. corporate bond new issues,Reuters News,512,0
34,NKE,134,20130430,930,Forward Calendar - U.S. corporate bond new issues,Reuters News,1221,0
35,NKE,135,20130430,1359,Forward Calendar - U.S. corporate bond new issues,Reuters News,247,0
36,NKE,136,20130429,2457,Forward Calendar - U.S. corporate bond new issues,Reuters News,247,0
37,NKE,137,20130429,1339,Forward Calendar - U.S. corporate bond new issues,Reuters News,319,0
38,NKE,138,20130429,616,Forward Calendar - U.S. corporate bond new issues,Reuters News,315,0
39,NKE,139,20130429,604,Forward Calendar - U.S. corporate bond new issues,Reuters News,315,0
40,NKE,140,20130429,547,Forward Calendar - U.S. corporate bond new issues,Reuters News,312,0
41,NKE,141,20130426,1711,Forward Calendar - U.S. corporate bond new issues,Reuters News,538,0
42,NKE,142,20130425,1354,Forward Calendar - U.S. corporate bond new issues,Reuters News,226,0
43,NKE,143,20130424,2021,Forward Calendar - U.S. corporate bond new issues,Reuters News,113,0
44,NKE,144,20130402,2025,Forward Calendar - U.S. corporate bond new issues,Reuters News,130,0
45,NKE,145,20130424,2019,*DJ S&P Rates NIKE Inc.'s $1 Billion Unsecured Notes 'A+',Dow Jones Newswires,131,0
46,NKE,146,20130416,2035,DJ Nike Taps the Bond Market for First Time in a Decade,Dow Jones Institutional News,130,0
47,NKE,147,20130409,1855,*DJ Nike Inc. Files Debt Securities Shelf >NKE,Dow Jones Newswires,129,0
48,NKE,148,20130424,1323,Nike Taps the Bond Market for First Time in a Decade,Dow Jones Top News & Commentary,804,0
49,NKE,149,20130424,1321,Nike Inc. Files Debt Securities Shelf,Dow Jones News Service,805,0
50,NKE,150,20130424,NA,United to welcome £30m bidding war over kit deal between Nike and Liverpool sponsors Warrior,Mail Online,555,0
51,NKE,151,20130423,1647,"Critical Alerts For Halliburton, Nike, 3D Systems, TakeTwo Interactive, and Robert Half International Released By InvestorsObserver",PR Newswire (U.S.),547,0
52,NKE,152,20130423,1858,"Coach, Nike, Crocs, Deckers Outdoor, and Iconix Brand Early Briefing and Review",PR Newswire (U.S.),560,0
53,NKE,153,20130423,1642,Microsoft Working on a Watch Device,The Wall Street Journal Europe,579,0
54,NKE,154,20130423,1642,Corporate News: Microsoft Working on Watch Device,The Wall Street Journal,569,0
55,NKE,155,20130423,1903,Nike’s challenge: Staying cool when dads love your brand,International Herald Tribune,2336,0
56,NKE,156,20130423,1728,"RORY'S YOUNG BUT HE E GETS IT, SAYS FALDO; It'll be a different story if he tries to remove one of those Nike clubs from his bag as I discovered myself, though",Irish Mail on Sunday,1197,0
57,NKE,157,20130423,1641,"Nike's first all female 10km puts the fun into running with strobe lights, DJs, photobooths and fashion",Mail Online,1170,0
58,NKE,158,20130423,1621,Design in Milan | Nike’s Natural Motion,NYT Blogs,1140,0
59,NKE,159,20130423,1613,"DJ VP VAN ALEBEEK Registers 16,500 Of NIKE INC >NKE",Dow Jones Newswires,1136,0
60,NKE,160,20130423,1528,Street League Skateboarding Announces 2013 Nike SB World Tour,PR Newswire (U.S.),1134,0
61,NKE,161,20130423,1453,"DJ VP AYRE Sells 78,564 Of NIKE INC >NKE",Dow Jones Newswires,1072,0
62,NKE,162,20130423,1450,Manchester United Signs Training Ground Deal with Aon,Dow Jones Global Equities News,1059,0
