,Ticker,Index,Date,Time,Headline,Source,NumWords,missing
1,NKE,1,20100930,1934,WSJ: Options Offer Clues To Earnings And Beyond,Dow Jones News Service,884,0
2,NKE,2,20100930,1545,Nike Inc (NKE) Mkt On Close Buy Imbalance: Shrs 60900,Dow Jones News Service,10,0
3,NKE,3,20100929,929,"Chinese Sports-Apparel Moves to Counter Nike, Adidas",The Wall Street Journal Online,835,0
4,NKE,4,20100929,NA,"Li Ning takes on Nike, Adidas",The Wall Street Journal Europe,712,0
5,NKE,5,20100929,NA,"WSJA(9/29) Li Ning Takes On Nike, Adidas",Dow Jones Chinese Financial Wire,806,0
6,NKE,6,20100929,236,"WSJA(9/29) Li Ning Takes On Nike, Adidas",Dow Jones Chinese Financial Wire,399,0
7,NKE,7,20100929,223,"MARKET TALK: Nike's Getting Trendier, At Shoe Carnival",Dow Jones News Service,425,0
8,NKE,8,20100929,1517,"MARKET TALK: Nike's Getting Trendier, At Shoe Carnival",Dow Jones News Service,1409,0
9,NKE,9,20100929,1517,"PRICE TARGET CHANGES: FRIEDMAN, BILLINGS & RAMSEY",Dow Jones News Service,138,0
10,NKE,10,20100927,849,Nike Inc Files 8K - Operations And Financial Condition,Dow Jones Corporate Filings Alert,67,0
11,NKE,11,20100927,1451,MARKET TALK: Adidas Running Towards All-Time High,Dow Jones International News,157,0
12,NKE,12,20100927,405,Nike Inc (NKE) Mkt On Close Buy Imbalance: Shrs 168200,Dow Jones News Service,114,0
13,NKE,13,20100927,1545,MARKET TALK: Nike's Air Force 1 Is A Back-To-School Star,Dow Jones News Service,10,0
14,NKE,14,20100927,1134,MARKET TALK: Nike's Air Force 1 Is A Back-To-School Star,Dow Jones News Service,1482,0
15,NKE,15,20100927,1134,"Critical Stock Alerts: Insider Trade Information for Apple, Walt Disney, CBS, Schlumberger, Nike, & SunPower; reported by Insiderslab.com",PR Newswire Asia,140,0
16,NKE,16,20100924,1008,Nike's Profit Jumps 9%,The Wall Street Journal Online,660,0
17,NKE,17,20100924,1000,US STOCKS-Markets tally 4th week of gains in broad rally,Reuters News,723,0
18,NKE,18,20100924,NA,Corporate News: Nike Profit Climbs 9%,The Wall Street Journal,640,0
19,NKE,19,20100924,2447,MARKET COMMENT: Europe Finds Its Stride After US Data,Dow Jones International News,696,0
20,NKE,20,20100924,NA,DJ Hot Stocks: NKE,Dow Jones Chinese Financial Wire,576,0
21,NKE,21,20100924,2413,DJ Hot Stocks to Watch: NKE,Dow Jones Chinese Financial Wire,728,0
22,NKE,22,20100924,1355,US HOT STOCKS: Allergan Edges Up In Late Trading,Dow Jones News Service,73,0
23,NKE,23,20100924,1040,Coming Earnings Season Starts Strong With Earliest Of Returns,Dow Jones News Service,72,0
24,NKE,24,20100924,742,MARKET TALK: Nike Shares Poised For A Break Through,Dow Jones News Service,56,0
25,NKE,25,20100923,1736,MARKET TALK: Nike Shares Poised For A Break Through,Dow Jones News Service,59,0
26,NKE,26,20100924,1706,MARKET TALK: Finish Line's Inventory Mea Culpa,Dow Jones News Service,1880,0
27,NKE,27,20100924,1331,MARKET TALK: Finish Line's Inventory Mea Culpa,Dow Jones News Service,1763,0
28,NKE,28,20100924,1027,"MARKET TALK: Crocs, Deckers, Nike Keep Pace; Finish Line Lags",Dow Jones News Service,1453,0
29,NKE,29,20100924,1428,"MARKET TALK: Crocs, Deckers, Nike Keep Pace; Finish Line Lags",Dow Jones News Service,415,0
30,NKE,30,20100924,1037,"MARKET TALK: Swoosh, There It Is...A Strong Nike Quarter",Dow Jones News Service,1317,0
31,NKE,31,20100924,1037,US Stock Futures Rise Despite Drop In Durable Goods; DJIA Up 78,Dow Jones News Service,125,0
32,NKE,32,20100924,945,MARKET TALK: Nike's Game On 'Full Display' In FY1Q,Dow Jones News Service,1280,0
33,NKE,33,20100924,945,MARKET TALK: Nike's Game On 'Full Display' In FY1Q,Dow Jones News Service,152,0
34,NKE,34,20100924,918,BEFORE THE BELL: US Stock Futures Rise Ahead Of Durables Data,Dow Jones News Service,1335,0
35,NKE,35,20100924,903,BEFORE THE BELL: US Stock Futures Up On German Sentiment Rebound,Dow Jones News Service,1135,0
36,NKE,36,20100924,918,MARKET SNAPSHOT: U.S. Stocks Rise Towards Weekly Gains,Dow Jones Global News Select,132,0
37,NKE,37,20100924,903,MARKET TALK: WestLB Reviews Adidas Rating Post-Nike Data,Dow Jones International News,142,0
38,NKE,38,20100924,831,MARKET TALK: Adidas Seen Higher On Nike's Strong Future Orders,Dow Jones International News,1136,0
39,NKE,39,20100924,814,"Nike, Inc. Sees FY 2011 Revenue Guidance At High End Of Prior Range; Comments On Q2 2011 Revenue Guidance-Conference Call",Reuters Significant Developments,646,0
40,NKE,40,20100924,814,Newspaper Publisher A. H. Belo Corporation Announces Election of Ronald D. McCray as a Director,PR Newswire (U.S.),138,0
41,NKE,41,20100924,757,The Air Down There Soothes Feet,The New York Times,366,0
42,NKE,42,20100924,623,MARKET TALK: Nike Future Orders Impress,Dow Jones Capital Markets Report,927,0
43,NKE,43,20100924,1000,Cotton Surge Could Rip Apparel Retailers,The Wall Street Journal Online,434,0
44,NKE,44,20100924,424,UPDATE 2-Finish Line shares tank despite turnaround,Reuters News,115,0
45,NKE,45,20100924,205,"UPDATE 3-Nike profit, orders race ahead of expectations",Reuters News,131,0
46,NKE,46,20100923,NA,AFTER THE BELL-Nike shares rise after Q1 results,Reuters News,142,0
47,NKE,47,20100923,800,City News: Greater New York Watch,The Wall Street Journal,759,0
48,NKE,48,20100923,NA,Ahead of the Tape,The Wall Street Journal,93,0
49,NKE,49,20100923,1654,Nike Inc Files 8K - Operations And Financial Condition,Dow Jones Corporate Filings Alert,1222,0
50,NKE,50,20100923,NA,UPDATE:Nike 1Q Profit Surprises With 9% Climb On Margin Improvement,Dow Jones Business News,420,0
51,NKE,51,20100923,1651,CORRECT: Nike 1Q Profit Surprises With 9% Climb On Margin Improvement,Dow Jones Business News,391,0
52,NKE,52,20100923,1638,MARKET TALK: Nike Future Orders Impress,Dow Jones News Service,740,0
53,NKE,53,20100923,1619,MARKET TALK: Nike Future Orders Impress,Dow Jones News Service,54,0
54,NKE,54,20100923,NA,"US HOT STOCKS: Tibco Software, Nike Rise In Late Trading",Dow Jones News Service,298,0
55,NKE,55,20100923,NA,Nike Inc 1Q EPS $1.14,Dow Jones News Service,416,0
56,NKE,56,20100923,1619,BROWSING: THE AIR DOWN THERE SOOTHES FEET,The New York Times Abstracts,150,0
57,NKE,57,20100923,1915,TRADE IDEA-Susquehanna recommends Nike put spread,Reuters News,743,0
58,NKE,58,20100923,1900,Nike expects boost from China sales,Financial Times,743,0
59,NKE,59,20100923,1747,MARKET TALK: Nike Watching Cash But Eyeing Investments,Dow Jones News Service,387,0
60,NKE,60,20100923,1654,MARKET TALK: Nike Watching Cash But Eyeing Investments,Dow Jones News Service,354,0
61,NKE,61,20100923,1824,MARKET TALK: TrimTabs Turns Neutral From Cautiously Bullish,Dow Jones News Service,360,0
62,NKE,62,20100923,1732,MARKET TALK: NYC Niketown Gets Bedbugs,Dow Jones News Service,387,0
63,NKE,63,20100923,1654,Nike Inc (NKE) Mkt On Close Buy Imbalance: Shrs 65400,Dow Jones News Service,1184,0
64,NKE,64,20100923,1654,MARKET TALK: Nike's Just Warming Up In China -Credit Suisse,Dow Jones News Service,128,0
65,NKE,65,20100923,1647,MARKET TALK: Nike's Just Warming Up In China -Credit Suisse,Dow Jones News Service,1685,0
66,NKE,66,20100923,1615,MARKET SNAPSHOT: U.S. Stocks To Try For Fourth Week Of Gains,Dow Jones Global News Select,51,0
67,NKE,67,20100923,NA,"US EQUITIES WEEK AHEAD: Housing Reports, UN Meeting",Dow Jones Business News,26,0
68,NKE,68,20100921,2447,DJ Nike Executive Questioned In China Soccer Graft Probe - Report,Dow Jones Institutional News,456,0
69,NKE,69,20100920,NA,Nike Inc (NKE) Mkt On Close Sell Imbalance: Shrs 64900,Dow Jones News Service,178,0
70,NKE,70,20100920,1409,MARKET TALK: Nike Says Chinese Authorities Mum On Super League,Dow Jones News Service,1349,0
71,NKE,71,20100920,1409,MARKET TALK: Nike Says Chinese Authorities Mum On Super League,Dow Jones News Service,117,0
72,NKE,72,20100920,915,"MARKET TALK: Nike Doing Well, Though Shares Look Pricey",Dow Jones News Service,883,0
73,NKE,73,20100920,906,"MARKET TALK: Nike Doing Well, Though Shares Look Pricey",Dow Jones News Service,766,0
74,NKE,74,20100920,906,"MARKET TALK: Expiring NFL Apparel Deal May Be Plus For Nike, VF",Dow Jones News Service,86,0
75,NKE,75,20100917,1545,Lululemon grows fast on slim budget,The Wall Street Journal Europe,10,0
76,NKE,76,20100917,1042,Nike Inc (NKE) Mkt On Close Buy Imbalance: Shrs 52600,Dow Jones News Service,1207,0
77,NKE,77,20100917,1042,MARKET TALK: Dick's Sporting Goods Likes Nike Concept Stores,Dow Jones News Service,129,0
78,NKE,78,20100917,1859,MARKET TALK: Dick's Sporting Goods Likes Nike Concept Stores,Dow Jones News Service,828,0
79,NKE,79,20100917,1509,"Reuters Southeast Asia News Highlights 1000 GMT, Sept 13",Reuters News,1137,0
80,NKE,80,20100917,1454,"Cambodia garment workers strike, seek higher wages",Reuters News,1137,0
81,NKE,81,20100916,502,Lululemon Grows Fast on a Slim Budget; Upstart Retailer Enlists Fitness Instructors as Marketing Warriors as It Seeks to Distinguish Itself...,The Wall Street Journal Online,359,0
82,NKE,82,20100916,1545,"MARKET TALK: Nike, Under Armour In The Red Zone?",Dow Jones News Service,10,0
83,NKE,83,20100916,2424,"MARKET TALK: Nike, Under Armour In The Red Zone?",Dow Jones News Service,1272,0
84,NKE,84,20100916,2424,"Magic Number for Happiness: $75,000 a Year",The Wall Street Journal Online,161,0
85,NKE,85,20100916,1124,Nike Unveils New Nike+ GPS App,Dow Jones News Service,1260,0
86,NKE,86,20100916,1054,"Critical Alerts for Baidu, Dow Chemical, Nike, Teck Resources, and Check Point Software Released by Seven Summits Research",PR Newswire (U.S.),1252,0
87,NKE,87,20100916,1124,Former Nike Director of Global Consumer Experience to Lead Jack Morton Los Angeles Office,PR Newswire (U.S.),126,0
88,NKE,88,20100916,1054,"Nike, Inc. Launches Nike+ GPS App",Reuters Significant Developments,154,0
89,NKE,89,20100914,NA,Nike Inc (NKE) Mkt On Close Sell Imbalance: Shrs 50100,Dow Jones News Service,909,0
90,NKE,90,20100913,NA,SportsTicker: Nike To Alter Uniform Ad That Upset Mine Activists,Dow Jones News Service,1040,0
91,NKE,91,20100914,1545,CORRECT (8/31): Toning Shoe Makers Diversify To Grab More Market Share,Dow Jones News Service,10,0
92,NKE,92,20100914,1024,"SportsTicker: Mining Activists Demand WVU, Nike Pull Uniform Ad",Dow Jones News Service,1298,0
93,NKE,93,20100914,1024,"The iCoach: Apps Help Runners Go Farther, Faster",The Wall Street Journal Online,145,0
94,NKE,94,20100913,600,UPDATE 2-G-III sees strong H2 on brand extensions; shares jump,Reuters News,198,0
95,NKE,95,20100913,1217,MARKET TALK: Nike Goes Back To The Future,Dow Jones News Service,718,0
96,NKE,96,20100913,NA,MARKET TALK: Nike Goes Back To The Future,Dow Jones News Service,1052,0
97,NKE,97,20100913,1143,Power dressing: Mindy Grossman,Financial Times,1286,0
98,NKE,98,20100913,1143,Is this the best polo shirt in the world? Nike claims to have created perfection. Five men put a bold claim to the test,Financial Times,135,0
99,NKE,99,20100912,NA,Heard &Scene: Showing Some Love --- Friendly Youngster Holds Own In Tennis Match With Stars,The Wall Street Journal,929,0
100,NKE,100,20100907,1508,Nike Inc (NKE) Mkt On Close Sell Imbalance: Shrs 104800,Dow Jones News Service,7,0
