,Ticker,Index,Date,Time,Headline,Source,NumWords,missing
1,NKE,1,20031229,1100,Nike Golf Helps Central Florida Find Its Mojo ... Again,PR Newswire,661,0
2,NKE,2,20031229,1100,Nike Golf Helps Arizona Find Its Mojo ... The Sequel,PR Newswire,670,0
3,NKE,3,20031223,1117,"Hickory Point Bank, fsb Announces New Directors",PR Newswire,445,0
4,NKE,4,20031219,NA,"Nike, Inc. Sees Double-Digit Revenue Growth For FY 2004-DJ",Reuters Significant Developments,62,0
5,NKE,5,20031219,1738,U.S. daily earnings hits/misses - First Call.,Reuters News,317,0
6,NKE,6,20031219,850,U.S. stocks to open bit lower on 'witchy' Friday.,Reuters News,372,0
7,NKE,7,20031219,759,U.S. stocks set to open lower in 'witchy' session.,Reuters News,459,0
8,NKE,8,20031219,704,HEADLINE STOCKS - U.S. stocks to watch on Dec. 19.,Reuters News,280,0
9,NKE,9,20031219,627,"Wall Street set to nudge lower, Nike in focus.",Reuters News,509,0
10,NKE,10,20031218,1938,"UPDATE 3-Nike quarterly profit up 16 pct, orders rise.",Reuters News,454,0
11,NKE,11,20031219,NA,Companies Brief: Nike Inc.,The Wall Street Journal Europe,102,0
12,NKE,12,20031219,NA,Can You Hear Me Now?,The Wall Street Journal,1860,0
13,NKE,13,20031219,NA,Nike's Net Income Increased 18% In Latest Quarter,The Wall Street Journal,462,0
14,NKE,14,20031219,856,"MORNING UPDATE: Man Securities Issues Alerts for FLEX, SEBL, RHAT, NKE, And MANU",PR Newswire,1009,0
15,NKE,15,20031218,1726,After the Bell-Nike falls after earnings.,Reuters News,245,0
16,NKE,16,20031218,1658,"UPDATE 2-Nike quarterly profit up 16 pct, orders rise.",Reuters News,281,0
17,NKE,17,20031218,1637,"TABLE - NIKE (NKE.N) 2nd quarter net, sales rise.",Reuters News,546,0
18,NKE,18,20031218,1636,UPDATE 1-Nike quarterly profit up 16 percent.,Reuters News,176,0
19,NKE,19,20031218,1622,Nike quarterly profit up.,Reuters News,82,0
20,NKE,20,20031218,801,U.S. stocks set for flat open - earnings in focus.,Reuters News,508,0
21,NKE,21,20031218,1652,DIARY - Day ahead in the FX and debt markets.,Reuters News,613,0
22,NKE,22,20031218,1640,Nike Reports Second Quarter Earnings Per Share Up 16 Percent; Worldwide Futures Orders Increase 9.7 Percent,PR Newswire Europe,2045,0
23,NKE,23,20031218,1617,Nike Reports Second Quarter Earnings Per Share Up 16 Percent; Worldwide Futures Orders Increase 9.7 Percent Highlights:,PR Newswire,1872,0
24,NKE,24,20031218,1735,Nike's 2nd-Quarter Net Jumped 18% on Solid Sales,Dow Jones Business News,296,0
25,NKE,25,20031218,1801,WSJ UPDATE: Nike 2Q Net Up On Strong Back-To-School Sales,Dow Jones News Service,733,0
26,NKE,26,20031218,1723,NEWS WRAP: Nike's 2Q Net Up 18% On Strong Sales,Dow Jones News Service,236,0
27,NKE,27,20031218,1714,Nike CFO Says Foot Looker Business Will Improve,Dow Jones News Service,688,0
28,NKE,28,20031218,1650,Nike Inc (NKE) Resumed Trading,Dow Jones News Service,5,0
29,NKE,29,20031218,1617,Nike Reports 2Q EPS Up 16 Percent; Worldwide Futures Orders Increase 9.7 %,Dow Jones News Service,412,0
30,NKE,30,20031217,2421,Nike Golf Helps Phoenix Find It's Mojo,PR Newswire,770,0
31,NKE,31,20031216,1058,DIARY - Events for S&P 500 companies from Dec. 16.,Reuters News,931,0
32,NKE,32,20031216,1339,Nike Golf Helps Floridians Find Their Mojo,PR Newswire,613,0
33,NKE,33,20031215,915,"NIKE, Inc. to Webcast Earnings Conference Call",PR Newswire,279,0
34,NKE,34,20031215,1355,DIARY - Events for S&P 500 companies from Dec. 15.,Reuters News,860,0
35,NKE,35,20031214,NA,"Ethical Sneaker, The",The New York Times,241,0
36,NKE,36,20031212,NA,Who's News,The Wall Street Journal Europe,387,0
37,NKE,37,20031212,2423,DIARY - Events for S&P 500 companies from Dec. 12.,Reuters News,493,0
38,NKE,38,20031212,NA,"Nike, Serena Williams Partner Up --- Athletic-Apparel Company Nets Women's Tennis Star In $40 Million, 5-Year Pact",The Wall Street Journal,855,0
39,NKE,39,20031211,NA,Tough truck OBSERVER.,Financial Times,105,0
40,NKE,40,20031211,1432,"'Best of 2003' Honors Bestowed Upon Nike Golf's Slingshot Irons by Business Week, Men's Health New Clubs Featured in Spot Debuting with...",PR Newswire,493,0
41,NKE,41,20031211,1110,DIARY - Events for S&P 500 companies from Dec. 11.,Reuters News,457,0
42,NKE,42,20031210,1331,"Nike Golf Releases Secret Behind New Ignite Driver Evolutionary New Material and Unique Construction Redefine Distance, Forgiveness",PR Newswire,1285,0
43,NKE,43,20031210,1024,DIARY - Events for S&P 500 companies from Dec. 10.,Reuters News,458,0
44,NKE,44,20031209,1322,DIARY - Events for S&P 500 companies from Dec. 9.,Reuters News,463,0
45,NKE,45,20031208,1628,Nike Golf Helps Los Angeles Find Its Mojo,PR Newswire,666,0
46,NKE,46,20031208,1628,Nike Golf Helps Floridians Find Their Mojo,PR Newswire,623,0
47,NKE,47,20031208,2400,DIARY - Events for S&P 500 companies from Dec. 8.,Reuters News,425,0
48,NKE,48,20031205,1504,DIARY - Events for S&P 500 companies from Dec. 5.,Reuters News,400,0
49,NKE,49,20031203,1925,U.S. November insider stock sales hit 2-year high.,Reuters News,403,0
50,NKE,50,20031203,1643,Nike Golf Helps Floridians Find Their Mojo,PR Newswire,643,0
51,NKE,51,20031203,1519,Nike Golf Helps San Diego Find Its Mojo,PR Newswire,717,0
52,NKE,52,20031202,1615,"Nike to Announce Second Quarter Fiscal Year 2004 Earnings Thursday, December 18, 2003 Conference Call Scheduled for 5:00 P.M. EST",PR Newswire,304,0
53,NKE,53,20031202,1139,DIARY - Events for S&P 500 companies from Dec. 2.,Reuters News,465,0
54,NKE,54,20031202,1705,News On Converse Inc. (CVE.XX) Now Under NKE,Dow Jones Corporate Filings Alert,9,0
55,NKE,55,20031202,1705,News On Converse Inc. (CVE.XX) Now Under NKE,Dow Jones International News,9,0
56,NKE,56,20031202,1705,News On Converse Inc. (CVE.XX) Now Under NKE,Dow Jones News Service,9,0
57,NKE,57,20031125,1102,Nike stock soars to new high on upgrade.,Reuters News,215,0
58,NKE,58,20031125,707,"RESEARCH ALERT-Merrill ups Nike to ""buy"".",Reuters News,43,0
59,NKE,59,20031125,NA,"NIKE RAISES QUARTERLY DIVIDEND 43%, TO 20 CENTS",The New York Times,106,0
60,NKE,60,20031125,NA,"NIKE RAISES QUARTERLY DIVIDEND 43%, TO 20 CENTS",The New York Times Abstracts,25,0
61,NKE,61,20031125,NA,Nike Increases Its Dividend 43%,The Wall Street Journal,98,0
62,NKE,62,20031124,1025,UPDATE 1-Nike raises quarterly dividend 43 percent.,Reuters News,151,0
63,NKE,63,20031124,924,Nike raises dividend 43 percent.,Reuters News,53,0
64,NKE,64,20031124,915,NIKE Boosts Quarterly Dividend 43 Percent,PR Newswire,351,0
65,NKE,65,20031124,1516,PAY DATE: Nike Div Rise Keeps Cash Flow Flowing To Holders,Dow Jones News Service,652,0
66,NKE,66,20031124,915,NIKE Boosts Qtrly Div 43 %,Dow Jones News Service,159,0
67,NKE,67,20031120,1536,Foot Locker stock soars after earnings.,Reuters News,356,0
68,NKE,68,20031120,1345,Nike to launch new products at Foot Locker stores.,Reuters News,73,0
69,NKE,69,20031120,1320,"Nike, Inc. Plans Joint Marketing Programs with Foot Locker, Inc. Scheduled to Begin for Fall 2004 Season",PR Newswire,299,0
70,NKE,70,20031120,1628,"Foot Locker Shares Rally Amid 3Q Results, Rosy Outlook",Dow Jones Business News,526,0
71,NKE,71,20031120,1320,"Nike, Inc. Plans Joint Marketing Programs With Foot Locker, Inc.",Dow Jones News Service,10,0
72,NKE,72,20031119,1629,"Golfers, Come Get Your Mojo! Nationwide Mojo Mania Tour Now in Full Swing",PR Newswire,563,0
73,NKE,73,20031114,NA,By the Numbers: LeBron's Lesson,The Wall Street Journal,1031,0
74,NKE,74,20031113,1831,Nike Golf Helps Seattle Find It's Mojo Nationwide Mojo Mania Tour Kicks Off in Great Northwest,PR Newswire,528,0
75,NKE,75,20031112,2000,"Major Manufacturers, Retailers and Shipping Companies Announce Environmental Survey Impacting Containerized Shipping Companies include...",PR Newswire,838,0
76,NKE,76,20031112,NA,"Nike's Postgame Plan for Jordan Brand --- With Basketball Star Retired, Company Expands Casual Wear, Uses `Team' Ads",The Asian Wall Street Journal,1068,0
77,NKE,77,20031112,NA,Corrections &Amplifications,The Wall Street Journal,181,0
78,NKE,78,20031111,NA,"Nike Forms a New Team to Sell Jordan Brand --- Now That `His Airness' Is Retired, Company Turns to Other Stars To Promote His Namesake Label",The Wall Street Journal Europe,778,0
79,NKE,79,20031111,NA,"Postgame Strategy --- With Jordan Really Retired, Nike Uses a Sportswear Line, `Team' Ads to Boost His Brand",The Wall Street Journal,1282,0
80,NKE,80,20031105,2422,UPDATE: Adidas-Salomon's 3Q Net Up Despite Sales Drop,Dow Jones International News,860,0
81,NKE,81,20031105,355,NEWS SNAP: Adidas-Salomon's 3Q Net Up Despite Sales Drop,Dow Jones International News,638,0
82,NKE,82,20031104,NA,The big bucks that keep Nike in the big league.,Financial Times,1138,0
83,NKE,83,20031104,1334,Tiger Woods Makes Milestone Shift to Nike Golf Forged Wedges Unheralded Switch to Forged Wedges Is Cause for Celebration,PR Newswire,612,0
84,NKE,84,20031103,NA,John Gapper - Big bucks keep Nike in the big league.,Financial Times (FT.Com),1135,0
85,NKE,85,20031027,701,"There, Inc. Delivers a Brave New Online World to Consumers Company Unveils There 'Limited Access' and Teams With Industry Leaders Including...",PR Newswire,2638,0
86,NKE,86,20031023,816,Reebok third-quarter profits rise 19 pct.,Reuters News,106,0
87,NKE,87,20031023,1757,UPDATE: Reebok Signs Yao Ming To Boost Brand In Asia,Dow Jones International News,390,0
88,NKE,88,20031020,1615,Phil Knight Creates Charitable Trust Nike CEO Contributes 7 Million Nike Class B Shares,PR Newswire,195,0
89,NKE,89,20031014,NA,The Nike decision treads on dangerous ground - JOHN OBERDORFER.,Financial Times,720,0
90,NKE,90,20031013,NA,Treading on dangerous ground.,Financial Times (FT.Com),712,0
91,NKE,91,20031010,1746,Nike Repurchased 1.7M Class B Cmn Shares In 1Q For $89.5M,Dow Jones Corporate Filings Alert,152,0
92,NKE,92,20031009,1455,CORRECTED-Reebok signs grass-roots basketball honcho Vaccaro.,Reuters News,330,0
93,NKE,93,20031009,1026,UPDATE 1-Footstar same-store sales down 1.5 percent.,Reuters News,237,0
94,NKE,94,20031007,1414,Reebok signs grass-roots basketball honcho Vaccaro.,Reuters News,264,0
95,NKE,95,20031007,655,"UPDATE 1-Shoe maker Yue Yuen Q3 net surges, slower Q4 expected.",Reuters News,467,0
96,NKE,96,20031007,537,HK shoemaker Yue Yuen posts 39 pct jump in Q3 net profit.,Reuters News,179,0
97,NKE,97,20031006,2437,"Jordan Goes 'Coast to Coast' With Newest Team Members, Gary Payton (L.A.) And Jason Kidd (N.J.) Future NBA Hall of Fame Guards Join Team...",PR Newswire,681,0
