,Ticker,Index,Date,Time,Headline,Source,NumWords,missing
1,NKE,1,20100331,1545,Nike Inc (NKE) Mkt On Close Sell Imbalance: Shrs 144000,Dow Jones News Service,10,0
2,NKE,2,20100326,329,NIKE Raised To Overweight From Neutral By HSBC,Dow Jones International News,8,0
3,NKE,3,20100326,1732,Tiger Woods Shoots Commercial For Nike -TMZ,Dow Jones News Service,95,0
4,NKE,4,20100325,957,Nike Raised To Overweight From Neutral By HSBC Securities - Briefing.com,Dow Jones International News,11,0
5,NKE,5,20100323,1315,Nike Inc Files 8K - Operations And Financial Condition,Dow Jones Corporate Filings Alert,157,0
6,NKE,6,20100322,910,"PRICE TARGET CHANGES: FRIEDMAN, BILLINGS & RAMSEY",Dow Jones News Service,93,0
7,NKE,7,20100321,NA,"If Woods Plays Well, Retailers Will Smile",The New York Times,798,0
8,NKE,8,20100320,931,"MARKET SNAPSHOT: U.S. Stocks May Let China, Global Rates Set Tone",Dow Jones Global News Select,981,0
9,NKE,9,20100319,NA,"Large Stock Focus: Boeing, 3M Advance; FedEx Delivers, 3.2%",The Wall Street Journal,601,0
10,NKE,10,20100319,1817,SportsTicker: UCF Signs Deal With Nike After Jordan Controversy,Dow Jones News Service,114,0
11,NKE,11,20100319,1315,SportsTicker: Woods Won't Have New Sponsor Logo On Golf Bag,Dow Jones News Service,150,0
12,NKE,12,20100319,741,MEDIA WATCH: Tiger At The Masters: Cut Him No Slack,Dow Jones News Service,834,0
13,NKE,13,20100319,NA,"Boeing, 3M Advance; FedEx Delivers, 3.2%",The Wall Street Journal Online,765,0
14,NKE,14,20100319,NA,"Greek drama hits stocks --- Euro heads lower; Piraeus Bank falls, Glaxo, Adidas surge",The Wall Street Journal Europe,539,0
15,NKE,15,20100319,NA,Nike,Financial Times,314,0
16,NKE,16,20100319,1545,Nike Inc (NKE) Mkt On Close Buy Imbalance: Shrs 110000,Dow Jones News Service,10,0
17,NKE,17,20100319,1030,Stock Rating Reiterations: ATU AKAM ARUN ASTI,Dow Jones News Service,149,0
18,NKE,18,20100319,NA,U.S. stocks waver; Greek shares skid,The Wall Street Journal Asia,441,0
19,NKE,19,20100318,1414,"DJ US HOT STOCKS: Nike , GameStop , Delta Petroleum , Synovus ,",Dow Jones Institutional News,2399,0
20,NKE,20,20100318,1701,U.S. stock futures signal dip; Nike eyed,Reuters News,2358,0
21,NKE,21,20100318,1414,Corporate News: Nike Profit Surges as Sales Rise,The Wall Street Journal,2364,0
22,NKE,22,20100318,2410,Nike Profit Surges as Sales Rise,The Wall Street Journal Online,2007,0
23,NKE,23,20100318,609,DJ Hot Stocks: NKE,Dow Jones Chinese Financial Wire,435,0
24,NKE,24,20100318,NA,Stock Rating Reiterations Midday Update: ATU AKAM ARUN ASTI,Dow Jones News Service,325,0
25,NKE,25,20100317,1653,"US HOT STOCKS: Nike , GameStop , Delta Petroleum , FedEx ,",Dow Jones News Service,322,0
26,NKE,26,20100317,1632,"MARKET TALK: Nike Has Slam Dunk 3Q, Robust Outlook",Dow Jones News Service,358,0
27,NKE,27,20100317,1647,BEFORE THE BELL: US Stock Futures Mixed; Concerns On Greece Debt,Dow Jones News Service,358,0
28,NKE,28,20100318,NA,BEFORE THE BELL: US Stock Futures Lower On Rally Duration Concerns,Dow Jones News Service,351,0
29,NKE,29,20100318,1422,Greece Woes Weigh on European Stocks,The Wall Street Journal Online,66,0
30,NKE,30,20100318,646,Nike upbeat as retail orders increase,Financial Times,58,0
31,NKE,31,20100317,1733,Nike Inc Raised To Outperform From Mkt Perform By FBR Capital,Dow Jones International News,58,0
32,NKE,32,20100318,2426,MARKET TALK: Adidas Shrs May Be Supported By Nike Results,Dow Jones International News,145,0
33,NKE,33,20100318,1020,"Nike, Inc. Comments On Q4 2010 Revenue Guidance; Reaffirms FY 2010 Revenue Guidance; Comments On FY 2011 Guidance-Conference Call",Reuters Significant Developments,1438,0
34,NKE,34,20100318,826,"CORRECT: Derwent FY Portfolio Value Falls, But Co Upbeat",Dow Jones International News,716,0
35,NKE,35,20100318,758,=DJ Nike 3Q Profit Surges On Higher Sales; Future Orders Jump,Dow Jones Chinese Financial Wire,1593,0
36,NKE,36,20100318,612,"US HOT STOCKS: Nike , Guess Active In Late Trading",Dow Jones News Service,784,0
37,NKE,37,20100318,1400,Nike Inc 3Q EPS $1.01,Dow Jones News Service,757,0
38,NKE,38,20100318,NA,"UPDATE 3-Nike Q3 beats Street view, shares sprint higher",Reuters News,435,0
39,NKE,39,20100318,NA,Nike Inc Files 8K - Operations And Financial Condition,Dow Jones Corporate Filings Alert,431,0
40,NKE,40,20100318,730,Heard on the Street / Financial Analysis and Commentary,The Wall Street Journal (Europe Edition),11,0
41,NKE,41,20100318,318,Nike Has Room to Run,The Wall Street Journal Online,117,0
42,NKE,42,20100317,NA,Nike Strategy Leaves It Room to Run,The Wall Street Journal,131,0
43,NKE,43,20100317,846,HEARD ON THE STREET: Nike Has Room To Run,Dow Jones News Service,729,0
44,NKE,44,20100317,345,"Seven Summits Research Releases Comments on FedEx, Nike, Discover, Tiffany and Guess?",PR Newswire (U.S.),512,0
45,NKE,45,20100317,901,"Nike, PSG soccer club on trial over transfer deals",Reuters News,730,0
46,NKE,46,20100317,400,Nike puts its shirt on for World Cup,Financial Times,513,0
47,NKE,47,20100317,1750,"Foot Locker Sales Strategy To Focus On Apparel, Running Shoes",Dow Jones News Service,364,0
48,NKE,48,20100317,1638,"LVMH Wipes Céline Slate Clean, Opening Way for 'Phoebe Effect'",The Wall Street Journal Online,2666,0
49,NKE,49,20100317,1615,2nd UPDATE: Paddy Power Chases Tiger Woods But Offer Rejected,Dow Jones International News,7,0
50,NKE,50,20100317,1635,Tiger sponsor stays true,Financial Times,773,0
51,NKE,51,20100317,1620,Football goal in sight for Nike,Financial Times,152,0
52,NKE,52,20100316,NA,Adidas Net Profit Drops 65%,The Wall Street Journal Online,1160,0
53,NKE,53,20100316,NA,Nike Names Hilary Krane General Counsel,Dow Jones News Service,316,0
54,NKE,54,20100316,NA,Adidas to beat Nike in North America in 2010 -CEO,Reuters News,306,0
55,NKE,55,20100315,1617,"RPT-ANALYSIS-Toning shoes, while hot, could be bad Nike fit",Reuters News,376,0
56,NKE,56,20100315,931,WSJ UPDATE: Tiger Woods Loses Gatorade As Sponsor,Dow Jones News Service,400,0
57,NKE,57,20100315,1311,"Critical Alerts for Freeport-McMoRan, PNC Financial, Nike, Salesforce.com, and Tyco Electronics Released by Seven Summits Research",PR Newswire (U.S.),302,0
58,NKE,58,20100315,2436,WSJ: PepsiCo's Gatorade Third Sponsor To Drop Woods,Dow Jones News Service,313,0
59,NKE,59,20100315,NA,Nike Inc (NKE) No Mkt On Close Imbalance.,Dow Jones News Service,237,0
60,NKE,60,20100309,1750,Nike Inc (NKE) Mkt On Close Sell Imbalance: Shrs 60600,Dow Jones News Service,858,0
61,NKE,61,20100309,1805,Nike Inc. Raised To Conviction Buy From Buy By Goldman Sachs,Dow Jones International News,858,0
62,NKE,62,20100309,NA,MARKET TALK: World Cup Should Be A Nike Sales Swoosh,Dow Jones News Service,918,0
63,NKE,63,20100305,1158,Nike Hyperdunk Kobe Bryant Aston Martin Edition Sneaker,PR Newswire (U.S.),544,0
64,NKE,64,20100305,1006,Nike Launches Mercurial Vapor SuperFly II,Dow Jones News Service,417,0
65,NKE,65,20100305,2413,Timberland Focuses Boot Sales With 'Earthkeepers' Green Brand,Dow Jones News Service,544,0
66,NKE,66,20100305,1021,HEARD ON THE STREET: Bursting Soccer's Bubble,Dow Jones News Service,417,0
67,NKE,67,20100304,NA,Bursting Soccer's Bubble,The Wall Street Journal Online,282,0
68,NKE,68,20100304,NA,Korean Skater Copes With Nation's Hopes,The Wall Street Journal Online,486,0
69,NKE,69,20100303,NA,"DJ Nike Inc (Cl B), Inst Holders, 4Q 2009 (NKE)",Dow Jones Institutional News,489,0
70,NKE,70,20100304,NA,"NIKE INC SAYS OF TIGER WOODS: ""WE LOOK FORWARD TO HIM RETURNING",Reuters News,457,0
71,NKE,71,20100304,907,Nike Inc (NKE) Mkt On Close Buy Imbalance: Shrs 55700,Dow Jones News Service,6,0
72,NKE,72,20100303,756,UPDATE: Puma 4Q Earnings Fall Short Of Expectations,Dow Jones International News,121,0
73,NKE,73,20100301,702,WSJ UPDATE: Tiger Woods To Apologize And Discuss Future,Dow Jones News Service,1001,0
74,NKE,74,20100228,1534,"Nike, Starbucks, and Clean Energy Companies Join Forces to Launch Nationwide 'Race' for American Jobs and Innovation; COMPANY EXECUTIVES...",PR Newswire (U.S.),988,0
75,NKE,75,20100226,1917,"Rep. Blumenauer Joins Nike, Starbucks and Clean Energy Companies at Launch of Nationwide 'Race' for American Jobs and Competitiveness; GR...",PR Newswire (U.S.),993,0
76,NKE,76,20100226,2131,UPDATE: Gap Is Expected To Begin Selling Keds Sneakers,Dow Jones Business News,509,0
77,NKE,77,20100226,931,"Nike, Inc. Declares $0.27 Quarterly Dividend",Reuters Significant Developments,427,0
78,NKE,78,20100226,1737,Cole Haan Debuts 'The Inspired Life' Spring 2010 Ad Campaign Shot by Photographer Todd Selby,PR Newswire (U.S.),358,0
79,NKE,79,20100226,1550,Troubled Tiger still tops Forbes brand list,Reuters News,8,0
80,NKE,80,20100225,1550,Nike Inc (NKE) No Mkt On Close Imbalance.,Dow Jones News Service,8,0
81,NKE,81,20100218,1550,McDonald's Bets LeBron James Won't Be a Tiger,The Wall Street Journal Online,8,0
82,NKE,82,20100212,1550,=DJ Retailers Can Expect 2.5% Increase In 2010 Sales - Report,Dow Jones Chinese Financial Wire,8,0
83,NKE,83,20100226,1540,Who Needs 11 Players Anyway?,The Wall Street Journal Online,10,0
84,NKE,84,20100225,1540,Nike Outlines Global Strategy For Creating A More Sustainable Business,Dow Jones News Service,10,0
85,NKE,85,20100212,1540,Nike Started At Overweight By Morgan Stanley,Dow Jones International News,10,0
86,NKE,86,20100225,753,INTERVIEW-UPDATE 1-Nike sees impact from Tiger Woods absence,Reuters News,11,0
87,NKE,87,20100225,811,Golf Equipment Counterfeiter Sentenced to Jail Term in Shanghai,PR Newswire (U.S.),513,0
88,NKE,88,20100224,1403,"Nike rolls out clubs without Tiger --- Launch will be a challenge for the sporting-goods giant, largely a nonentity in golf before deal wit...",The Wall Street Journal Asia,439,0
89,NKE,89,20100224,1720,Yue Yuen Industrial Last FY Net Profit US$464.7 Mln,Dow Jones International News,6,0
90,NKE,90,20100224,1436,Nike Launches New Golf Clubs Without Tiger Woods,The Wall Street Journal Online,620,0
91,NKE,91,20100224,1339,Birmingham City Signs Deal With Chinese Supplier,The Wall Street Journal Online,423,0
92,NKE,92,20100224,1346,WSJ: Nike Launches New Golf Clubs Without Tiger Woods,Dow Jones News Service,366,0
93,NKE,93,20100222,2009,BANDIT Ponders if Tiger made Nike lose the plot? 75million reasons to be happy,PR Newswire (U.S.),899,0
94,NKE,94,20100223,328,Nike Inc (NKE) Mkt On Close Sell Imbalance: Shrs 58800,Dow Jones News Service,656,0
95,NKE,95,20100219,1150,PepsiCo's Gatorade Taps Andrea Fairchild as V.P. of Brand Marketing,PR Newswire (U.S.),56,0
96,NKE,96,20100218,1540,Nike Started At Mkt Perform By FBR Capital,Dow Jones International News,10,0
97,NKE,97,20100204,1550,William D. Perez To Join Greenhill As A Senior Advisor,PR Newswire (U.S.),10,0
98,NKE,98,20100204,1540,Nike Inc (NKE) Mkt On Close Buy Imbalance: Shrs 118600,Dow Jones News Service,10,0
99,NKE,99,20100202,1540,Nike Inc (NKE) Mkt On Close Buy Imbalance: Shrs 171000,Dow Jones News Service,10,0
100,NKE,100,20100217,630,3rd WSJ UPDATE: AT&T Severs Ties With Tiger Woods,Dow Jones News Service,367,0
