,Ticker,Index,Date,Time,Headline,Source,NumWords,missing
1,NKE,1,20110930,844,=DJ CFA Substantial Insider Sales: Morning Report,Dow Jones Institutional News,522,0
2,NKE,2,20110930,729,DJ US HOT STOCKS TO WATCH: NKE,Dow Jones Chinese Financial Wire,46,0
3,NKE,3,20110930,910,"Hot Stock Research for FedEx, Apache, NIKE, Biogen Idec, OpenTable & Cognizant",PR Newswire (U.S.),563,0
4,NKE,4,20110929,1644,=DJ CFA Substantial Insider Sales: Afternoon Report,Dow Jones Institutional News,425,0
5,NKE,5,20110929,1731,UPDATE 1-Nike names new CEO for unit,Reuters News,171,0
6,NKE,6,20110929,1659,Nike Names Retail Veteran Egeck To Lead Hurley Brand,Dow Jones News Service,262,0
7,NKE,7,20110929,1630,"NIKE, Inc. Announces Michael Egeck As New CEO Of Hurley",Dow Jones News Service,10,0
8,NKE,8,20110929,1059,WSJ BLOG/Venture Capital Dispatch: The Daily Start-Up: Box.net Adds Salesforce As Backer In $50M-Plus Round,Dow Jones News Service,478,0
9,NKE,9,20110928,722,India Ministries Divided Over Rules On Foreign Direct Investment In Retail,Dow Jones Institutional News,401,0
10,NKE,10,20110928,707,Executive Decisions (Photo),WSJ Blogs,402,1
11,NKE,11,20110928,707,Nike and Adidas,Financial Times,392,0
12,NKE,12,20110928,722,Nike/Adidas: a run for your money,Financial Times (FT.Com),392,0
13,NKE,13,20110928,1521,"MARKET TALK: Belle +0.8%, Nike Fillip; But UBS Keeps At Sell",Dow Jones International News,153,0
14,NKE,14,20110927,NA,"MARKET TALK: HSI +0.1%; 17,200-18,300 Range Eyed This Week - CPY",Dow Jones International News,317,0
15,NKE,15,20110926,NA,"MARKET TALK:HSI May Open Higher; Delta Eyes 17,500-17,900 Band",Dow Jones International News,332,0
16,NKE,16,20110925,2226,MARKET TALK: Belle May Rebound More On Nike Cue,Dow Jones International News,185,0
17,NKE,17,20110925,2147,Magazines Begin to Sell The Fashion They Review,The New York Times,224,0
18,NKE,18,20110925,2051,"Nike Posts Higher Profit, Sales",The Wall Street Journal Online,189,0
19,NKE,19,20110925,2016,MARKET TALK: Adidas Gets Tailwind From Nike -WestLB,Dow Jones International News,157,0
20,NKE,20,20110926,NA,DJ US HOT STOCKS: NKE,Dow Jones Chinese Financial Wire,1251,0
21,NKE,21,20110923,NA,US HOT STOCKS: Clorox Shares Active In Late Trading,Dow Jones News Service,682,0
22,NKE,22,20110923,535,S&P Reiterates Buy Rating On Nike,Dow Jones News Service,115,0
23,NKE,23,20110923,1454,"MARKET TALK: Nike, Finish Line Set To Run Higher",Dow Jones News Service,54,0
24,NKE,24,20110923,1049,"MARKET TALK: Nike, Finish Line Set To Run Higher",Dow Jones News Service,54,0
25,NKE,25,20110923,656,"WSJ BLOG/MarketBeat: Hot Stocks: Nike, Tibco and More",Dow Jones News Service,64,0
26,NKE,26,20110922,1820,MARKET TALK: Nike's Inventory Levels Need To Be Watched,Dow Jones News Service,62,0
27,NKE,27,20110923,1718,MARKET TALK: Nike's Inventory Levels Need To Be Watched,Dow Jones News Service,2358,0
28,NKE,28,20110923,1332,Stock Futures Point To Flat Start For Wall Street,Dow Jones News Service,2011,0
29,NKE,29,20110923,1043,"Nike beats the Street, stock pops",CNN Wire,1841,0
30,NKE,30,20110923,1554,Nike's Profit Up 15% in Quarter,The New York Times,120,0
31,NKE,31,20110923,859,"The Zacks Analyst Blog Highlights: FedEx, Discover Financial, Hewlett-Packard, Nike and United Continental Holdings",PR Newswire (U.S.),1273,0
32,NKE,32,20110923,858,"MARKET PULSE-US stocks to watch: Morgan Stanley, Hewlett-Packard, Nike",Reuters News,135,0
33,NKE,33,20110923,854,Nike continues its strong run,Financial Times,341,0
34,NKE,34,20110923,702,STOCKS NEWS EUROPE-Adidas seen up on strong Nike results,Reuters News,565,0
35,NKE,35,20110923,702,Corporate News: Corporate Watch,The Wall Street Journal,164,0
36,NKE,36,20110923,635,News Highlights: Top Equities Stories Of The Day,Dow Jones International News,2411,0
37,NKE,37,20110923,1503,"DJ Nike 1Q Profit Up 15% On North America, Emerging-Market Sales",Dow Jones Chinese Financial Wire,304,0
38,NKE,38,20110923,NA,WSJ BLOG/MarketBeat: Morning MarketBeat: Back to Square One,Dow Jones News Service,223,0
39,NKE,39,20110923,930,WSJ BLOG/India Real Time: Is FDI the Magic Wand for Indian Retail?,Dow Jones Top News & Commentary,1155,0
40,NKE,40,20110923,1336,"Nike, Inc. Issues FY 2012 Revenue Guidance In Line With Analysts' Estimates; Issues Q2 2012 Revenue Guidance Above Analysts Estimates-Conference Call",Reuters Significant Developments,777,0
41,NKE,41,20110923,NA,NKE 1Q Earnings Alert: Thomson Reuters $1.21,Dow Jones Business News,114,0
42,NKE,42,20110923,155,*DJ Nike Inc 1Q Net $645M NKE,Dow Jones Chinese Financial Wire,159,0
43,NKE,43,20110923,NA,"US HOT STOCKS: Nike, Tibco Software Active In Late Trading",Dow Jones News Service,828,0
44,NKE,44,20110922,2100,Nike bucks trend with jump in US sales,Financial Times (FT.Com),145,0
45,NKE,45,20110922,2028,UPDATE 4-Nike sees strong worldwide demand,Reuters News,395,0
46,NKE,46,20110922,1639,STOCKS NEWS EUROPE-Shares set to slide on growth worries,Reuters News,389,0
47,NKE,47,20110923,710,"UPDATE: Nike 1Q Profit Up On North America, Emerging-Markets",Dow Jones News Service,1004,0
48,NKE,48,20110922,438,Nike Inc 1Q EPS $1.36,Dow Jones News Service,721,0
49,NKE,49,20110922,438,Joyless Holiday Retail Forecast,The Wall Street Journal Online,715,0
50,NKE,50,20110922,438,STOCKS NEWS EUROPE-EZ PMI figures in focus on Thursday,Reuters News,706,0
51,NKE,51,20110922,NA,Nike Inc (NKE) Mkt On Close Sell Imbalance: Shrs 489900,Dow Jones News Service,113,0
52,NKE,52,20110922,1630,"Critical Alerts For Pepsico, Boeing, Nike, Textron, and CBOE Released By Seven Summits Research",PR Newswire (U.S.),52,0
53,NKE,53,20110922,1615,"Crowne Plaza® Hotels & Resorts Tees Off with Nike Golf Pro Stewart Cink to Help Golf Fans ""Get a Better Game""",PR Newswire (U.S.),29,0
54,NKE,54,20110922,1615,Nike Inc (NKE) Mkt On Close Sell Imbalance: Shrs 418400,Dow Jones News Service,23,0
55,NKE,55,20110922,1615,Investor's Calendar,The Wall Street Journal Sunday,16,0
56,NKE,56,20110922,1706,Nike Inc (NKE) Mkt On Close Buy Imbalance: Shrs 96700,Dow Jones News Service,2397,0
57,NKE,57,20110922,NA,"BMR Publishes Earnings Previews for Oracle, RIM, Adobe, FedEx, Mosaic & Nike",PR Newswire (U.S.),432,0
58,NKE,58,20110922,1621,Huntsman scores big US corporate backers for 2012,Reuters News,668,0
59,NKE,59,20110922,215,FINS: Volcom Executive Darling Heading To Nike,Dow Jones News Service,180,0
60,NKE,60,20110922,1746,Nike Auctions Michael J. Fox's 'Back to the Future' Sneakers,WSJ Blogs,798,1
61,NKE,61,20110922,1615,Ellie Goulding & Nike Announce Unique Running Collaboration,PR Newswire (U.S.),7,0
62,NKE,62,20110921,NA,WSJ BLOG/Digits: Tech Today: How Zynga Gets Players to Pony Up,Dow Jones News Service,1044,0
63,NKE,63,20110921,1004,Nike Started At Neutral By Credit Suisse,Dow Jones International News,86,0
64,NKE,64,20110920,1545,*DJ Nike Started At Neutral By Credit Suisse NKE,Dow Jones Chinese Financial Wire,10,0
65,NKE,65,20110919,931,"MARKET TALK: Sterne Agee Expects Strength From Nike, Finish Line",Dow Jones News Service,425,0
66,NKE,66,20110919,805,"MARKET TALK: Sterne Agee Expects Strength From Nike, Finish Line",Dow Jones News Service,1069,0
67,NKE,67,20110919,1545,Chairman/execs of Belle selling $567 mln stake - IFR,Reuters News,10,0
68,NKE,68,20110918,NA,"UPDATE 1-G-III Apparel misses expectations, sees weak Q3",Reuters News,267,0
69,NKE,69,20110916,1545,Nike Started At Hold By Canaccord Genuity,Dow Jones International News,10,0
70,NKE,70,20110914,1001,Nike Inc (NKE) Mkt On Close Buy Imbalance: Shrs 77900,Dow Jones News Service,431,0
71,NKE,71,20110914,1342,Nike Started At Hold By Canaccord Genuity,Dow Jones News Service,207,0
72,NKE,72,20110914,1345,Disney Consumer Products Chairman Mooney Resigns After 12 Years,Dow Jones News Service,209,0
73,NKE,73,20110914,1340,Nike Cut To Neutral From Overweight By HSBC,Dow Jones International News,846,0
74,NKE,74,20110909,1030,Nike Inc (NKE) Mkt On Close Sell Imbalance: Shrs 64800,Dow Jones News Service,97,0
75,NKE,75,20110909,300,"Life & Style --- 20 Odd Questions: Maria Sharapova Serves Up Good Taste --- The Tennis Champ Discusses Spy Novels, Shoes and the Shot Her...",The Wall Street Journal Asia,508,0
76,NKE,76,20110909,918,Nike Inc (NKE) Mkt On Close Sell Imbalance: Shrs 243800,Dow Jones News Service,527,0
77,NKE,77,20110908,903,Adidas Aims for 2012 Gold,The Wall Street Journal Online,7,0
78,NKE,78,20110908,903,DJ TIP SHEET: Jensen Manager Seeks Stocks Set For Rain Or Shine,Dow Jones Chinese Financial Wire,17,0
79,NKE,79,20110908,743,Nike Inc (NKE) Mkt On Close Sell Imbalance: Shrs 124500,Dow Jones News Service,830,0
80,NKE,80,20110908,743,Fancy Footwork On & Off The Court,The Wall Street Journal Online,153,0
81,NKE,81,20110907,655,"Steve Jobs Steps Down: Apple Still A Buy, Say Analysts",The Wall Street Journal,132,0
82,NKE,82,20110907,1720,"Apple Still a Buy, Say Analysts",The Wall Street Journal Online,309,0
83,NKE,83,20110907,848,A Field Guide to Outerwear,The New York Times,7,0
84,NKE,84,20110907,1545,NIKE Inc Responds To Use Of NPEs,Dow Jones News Service,10,0
85,NKE,85,20110907,840,"DJ Nike Inc (Cl B), Inst Holders, 2Q 2011 (NKE)",Dow Jones Institutional News,7,0
86,NKE,86,20110906,1409,Digital Media,The New York Times,261,0
87,NKE,87,20110905,145,Benetton reopens in Israel after 10 years; The first store opened at Dizengoff Center in Tel Aviv today.,Israel Business Arena,8,0
88,NKE,88,20110831,1545,Nike Inc (NKE) Mkt On Close Buy Imbalance: Shrs 56100,Dow Jones News Service,10,0
89,NKE,89,20110830,NA,Nike Inc (NKE) Mkt On Close Sell Imbalance: Shrs 176100,Dow Jones News Service,811,0
90,NKE,90,20110827,NA,"Nike, Inc. Declares $0.31 Quarterly Dividend",Reuters Significant Developments,789,0
91,NKE,91,20110827,NA,Nike Inc (NKE) Mkt On Close Buy Imbalance: Shrs 76400,Dow Jones News Service,811,0
92,NKE,92,20110826,NA,Nike Inc (NKE) Mkt On Close Buy Imbalance: Shrs 76900,Dow Jones News Service,730,0
93,NKE,93,20110830,1545,Nike Inc (NKE) Mkt On Close Sell Imbalance: Shrs 80600,Dow Jones News Service,10,0
94,NKE,94,20110829,NA,Nike Inc (NKE) Mkt On Close Sell Imbalance: Shrs 127500,Dow Jones News Service,1442,0
95,NKE,95,20110829,1205,Nike Inc (NKE) Mkt On Close Sell Imbalance: Shrs 59700,Dow Jones News Service,814,0
96,NKE,96,20110826,1500,Adidas Raises Forecast,The Wall Street Journal Online,809,0
97,NKE,97,20110829,1545,"2nd UPDATE: Adidas Gets China Boost, Raises Outlook",Dow Jones Business News,10,0
98,NKE,98,20110827,NA,"Critical Alerts for Oracle, PNC Financial, Nike, Molycorp, and Accenture Released by Seven Summits Research",PR Newswire (U.S.),269,0
99,NKE,99,20110827,NA,Adidas 2Q Sales +10% Currency-Adjusted,Dow Jones International News,276,0
100,NKE,100,20110826,NA,Nike Inc (NKE) Mkt On Close Sell Imbalance: Shrs 200500,Dow Jones News Service,490,0
