,Ticker,Index,Date,Time,Headline,Source,NumWords,missing
1,NKE,1,20141230,2444,Under Armour Signs U.K. Tennis Star Andy Murray,Dow Jones Top North American Equities Stories,492,0
2,NKE,2,20141230,2449,"What's Buzzing on Street: New Research on CorMedix, American Apparel, Horizon, Nike and Amazon",PR Newswire (U.S.),492,0
3,NKE,3,20141229,920,Teenager shot dead by a shopper after he tried to steal his limited edition Nike Air Jordans that had just sold out in store,Mail Online,1047,0
4,NKE,4,20141224,1338,Nike stumbles but remains on track for strong gains on the year; Wall Street,Financial Times,571,0
5,NKE,5,20141220,NA,Nike Slump Drags Down Niche ETFs -- Barron's Blog,Dow Jones Institutional News,557,0
6,NKE,6,20141220,NA,"BUZZ-U.S. STOCKS ON THE MOVE-Cerus, Teekay Tankers, Nike, Xerox, Seadrill",Reuters News,552,0
7,NKE,7,20141220,NA,Finish Line Lowers Outlook on Margin Pressure,Dow Jones Top News & Commentary,472,0
8,NKE,8,20141219,1737,Finish Line Lowers Outlook on Margin Pressure,Dow Jones Top News & Commentary,618,0
9,NKE,9,20141219,1400,Fri. Dec. 19: Nike Shares Down on Soft Forecast,WSJ Live: News Hub AM,311,1
10,NKE,10,20141219,717,"Nike Sees Jump in Sales, Growth Concerns",Dow Jones Top North American Equities Stories,838,0
11,NKE,11,20141219,1421,"Risk-Reward Favors Equity Players: Research Reports on Marathon Oil, Molson Coors, Salesforce, BBX Capital and Nike",PR Newswire (U.S.),476,0
12,NKE,12,20141219,802,Morning Movers: Seadrill Sinks on Downgrade; Nike Falls on Future Orders -- Barron's Blog,Dow Jones Institutional News,436,0
13,NKE,13,20141219,NA,U.S. Stock Futures Inch Higher on Liquidity Hopes,Dow Jones Institutional News,304,0
14,NKE,14,20141219,939,German stocks - Factors to watch on December 19,Reuters News,423,0
15,NKE,15,20141218,1912,"Nike Sees Jump in Sales, Growth Concerns -- 4th Update",Dow Jones Institutional News,450,0
16,NKE,16,20141218,1634,NIKE Inc gives Q3 2015 revenue guidance; reaffirms FY 2015 revenue guidance - Conference Call,Reuters Significant Developments,423,0
17,NKE,17,20141218,1634,Rory McIlroy shares Facebook picture of him playing golf as a child prodigy,Mail Online,423,0
18,NKE,18,20141219,920,"UPDATE 1-Nike flags slowing growth in western Europe, emerging markets",Reuters News,969,0
19,NKE,19,20141219,911,CORRECTED-Nike's future orders growth rate slows,Reuters News,275,0
20,NKE,20,20141219,907,"Nike Sees Jump in Sales, Growth Concerns",Dow Jones Top News & Commentary,722,0
21,NKE,21,20141219,236,"Nike Sees Jump in Sales, Growth Concerns -- 3rd Update",Dow Jones Institutional News,529,0
22,NKE,22,20141218,1927,Nike Sales Jump 15%,Dow Jones Institutional News,454,0
23,NKE,23,20141218,1912,Nike 2Q Net $655M >NKE,Dow Jones Newswires German,454,0
24,NKE,24,20141218,NA,Nike 2Q Net $655M >NKE,Dow Jones Newswires Chinese (English),98,0
25,NKE,25,20141218,721,Ahead of the Tape,The Wall Street Journal,305,0
26,NKE,26,20141218,1747,European Factors to Watch on Thursday Dec 18,Reuters News,334,0
27,NKE,27,20141218,1728,Ahead Of The Tape,Dow Jones Institutional News,166,0
28,NKE,28,20141218,1626,"What to Watch in the Day Ahead - Thursday, Dec. 18",Reuters News,448,0
29,NKE,29,20141218,1726,"Nike Hopes Buoyed by Good Futures Orders, Europe Demand",Dow Jones Top Global Market Stories,479,0
30,NKE,30,20141218,1715,Nike's Stock's Latest Sport: Mountain Climbing -- Ahead of the Tape,Dow Jones Institutional News,530,0
31,NKE,31,20141218,1711,China sportswear firm Li Ning plans $218 mln share issue to fund growth,Reuters News,479,0
32,NKE,32,20141218,1705,"Puma, Rihanna Agree Multi-Year Endorsement Deal",Dow Jones Top News & Commentary,440,0
33,NKE,33,20141218,1700,Nike Started at Outperform by Cowen >NKE,Dow Jones Newswires Chinese (English),530,0
34,NKE,34,20141218,1650,Nike Started at Outperform by Cowen >NKE,Dow Jones Newswires German,440,0
35,NKE,35,20141218,1641,"InvestorsObserver releases comments on Pfizer, FedEx, Nike, General Mills, and DR Horton",PR Newswire (U.S.),319,0
36,NKE,36,20141218,1626,"Nike factory worker, 35, arrested after stealing a truck full of unreleased Lebron trainers worth $1.5M",Mail Online,319,0
37,NKE,37,20141218,1641,Nike sues three of its former designers for $10m claiming they stole 'a treasure trove' of trade secrets before joining arch-rival Adidas ,Mail Online,341,0
38,NKE,38,20141218,1615,"Nike CIO Leaves Company, Citing Personal Reasons -- Market Talk",Dow Jones Institutional News,90,0
39,NKE,39,20141218,1615,"Nike CIO Leaves Company, Citing Personal Reasons -- Market Talk",Dow Jones Institutional News,26,0
40,NKE,40,20141218,NA,German stocks - Factors to watch on December 10,Reuters News,406,0
41,NKE,41,20141218,639,"Zacks Investment Ideas feature highlights: Nike, Skechers, Shoe Carnival, Foot Locker and Finish Line",PR Newswire (U.S.),398,0
42,NKE,42,20141218,624,Nike accuses former shoe designers of taking secrets to Adidas,Reuters News,398,0
43,NKE,43,20141217,1519,"*NIKE, Inc. Announces New GM Of Emerging Markets",Dow Jones Institutional News,428,0
44,NKE,44,20141218,122,"Press Release: NIKE, Inc. Announces Second Quarter Fiscal 2015 Earnings and Conference Call",Dow Jones Institutional News,346,0
45,NKE,45,20141217,1954,BUZZ-Groupon Inc: Reports record sales for holiday weekend,Reuters News,433,0
46,NKE,46,20141217,1939,"Black Friday’s Lifting the Dow, Energy’s Submerging the S&P 500",WSJ Blogs,433,1
47,NKE,47,20141217,1433,"Retail-Related Blue Chips Duel With Chevron, Exxon -- Market Talk",Dow Jones Institutional News,631,0
48,NKE,48,20141217,1524,"Retail-Related Blue Chips Duel With Chevron, Exxon -- Market Talk",Dow Jones Institutional News,602,0
49,NKE,49,20141217,1524,How Odell Beckham Jr. Made That Catch; The Other Star of the One-Handed Grab: A Sticky Pair of Nike Gloves,The Wall Street Journal Online,602,0
50,NKE,50,20141217,1032,The Other Star From Odell Beckham's Catch: Nike,WSJ Live: News Hub PM,615,1
51,NKE,51,20141217,1511,Olympics-USOC and Nike extend partnership through 2020,Reuters News,465,0
52,NKE,52,20141216,2041,"Nike, US Olympic Committee Renew Partnership -- Market Talk",Dow Jones Institutional News,231,0
53,NKE,53,20141216,2425,"Nike, US Olympic Committee Renew Partnership -- Market Talk",Dow Jones Institutional News,720,0
54,NKE,54,20141215,1611,NYSE New 52-Week Highs And Lows -2-,Dow Jones Newswires Chinese (English),17,0
55,NKE,55,20141215,1610,NYSE New 52-Week Highs And Lows -2-,Dow Jones Newswires Chinese (English),15,0
56,NKE,56,20141215,931,"Foot Locker Posts Higher Profits, Sales",Dow Jones Top News & Commentary,413,0
57,NKE,57,20141214,646,NIKE Inc announces 17 pct increase in quarterly dividend,Reuters Significant Developments,347,0
58,NKE,58,20141211,1014,Nike Boosts Quarterly Dividend 17%,Dow Jones Institutional News,591,0
59,NKE,59,20141211,1632,Nike Boosts Quarterly Dividend 17%; Move Marks 13th Consecutive Year of Increases,The Wall Street Journal Online,153,0
60,NKE,60,20141211,1632,"*NIKE, Inc. Announces 17 Percent Increase In Quarterly Dividend >NKE",Dow Jones Institutional News,1465,0
61,NKE,61,20141210,236,Nike Started at Hold by BB&T Capital Markets - Briefing.com >NKE,Dow Jones Newswires German,499,0
62,NKE,62,20141209,930,"Meet Georgia's mascot Uga the dog who has his own SUV, license plates and a personalized Nike wardrobe",Mail Online,1601,0
63,NKE,63,20141209,1600,"Updates on Textiles, Apparel and Luxury Goods Stocks - NIKE, Skechers U.S.A., Crocs, Deckers Outdoor, and Coach",PR Newswire (U.S.),384,0
64,NKE,64,20141209,1700,Commercial cents; Culture,Financial Times,319,0
65,NKE,65,20141204,1900,Nike Trips on Sterne Agee Downgrade -- Barron's Blog,Dow Jones Institutional News,265,0
66,NKE,66,20141202,847,Taking a Breather on Nike Shares After Runup -- Market Talk,Dow Jones Institutional News,111,0
67,NKE,67,20141128,2419,Taking a Breather on Nike Shares After Runup -- Market Talk,Dow Jones Institutional News,327,0
68,NKE,68,20141128,1002,Nike Cut to Neutral From Buy by Sterne Agee >NKE,Dow Jones Newswires Chinese (English),139,0
69,NKE,69,20141128,1002,Nike Cut to Neutral From Buy by Sterne Agee >NKE,Dow Jones Newswires German,1277,0
70,NKE,70,20141124,1756,Sterne Agee Sees Issues with Lululemon's Brand -- Market Talk,Dow Jones Institutional News,585,0
71,NKE,71,20141124,NA,Sterne Agee Sees Issues with Lululemon's Brand -- Market Talk,Dow Jones Institutional News,1207,0
72,NKE,72,20141124,1312,OFF DUTY --- Style & Fashion -- 20 Odd Questions: Martin Lotti --- The Nike designer on just doing it,The Wall Street Journal Europe,166,0
73,NKE,73,20141124,1319,"Rising stars make Adidas more American, less soccer-mad",Reuters News,163,0
74,NKE,74,20141124,1140,"Nike’s Martin Lotti on Just Doing It; The Nike Football vice president and creative director talks about the importance of design, the futur...",The Wall Street Journal Online,1373,0
75,NKE,75,20141124,1140,KeyCorp Far From Done With Downsizing -- Market Talk,Dow Jones Institutional News,147,0
76,NKE,76,20141121,1734,"As New Sneaks Drop, Sales Remain Up -- Market Talk",Dow Jones Institutional News,809,0
77,NKE,77,20141121,1619,Dick's Needs Big Move With Golf Galaxy -- Market Talk,Dow Jones Institutional News,760,0
78,NKE,78,20141121,1526,Dick's Needs Big Move With Golf Galaxy -- Market Talk,Dow Jones Institutional News,645,0
79,NKE,79,20141120,NA,Citi Sees Dividend Boost in Nike's Future -- Market Talk,Dow Jones Institutional News,66,0
80,NKE,80,20141120,1736,Citi Sees Dividend Boost in Nike's Future -- Market Talk,Dow Jones Institutional News,221,0
81,NKE,81,20141120,1721,'Athleisure' knocks denim out of its stride; Nike and Gap's Athleta are among activewear groups toppling trends as they prove a winner with affluent Americans,Financial Times,221,0
82,NKE,82,20141120,2421,Nike and rivals such as Lululemon battle for ‘athleisure’ crown,Financial Times (FT.Com),169,0
83,NKE,83,20141120,1721,"Press Release: NIKE, Inc. Announces New President of NIKE Golf",Dow Jones Institutional News,173,0
84,NKE,84,20141120,1615,*Nike Says Adrian Peterson 'Is No Longer A Nike Athlete',Dow Jones Institutional News,388,0
85,NKE,85,20141118,1330,Adidas chief vows to step up fight against Nike ,Financial Times (FT.Com),21,0
86,NKE,86,20141117,1050,A.P.C. Collaborates With Nike; The Parisian fashion brand brings its chic minimalism to Nike’s training sneaker,The Wall Street Journal Online,704,0
87,NKE,87,20141117,830,"Adidas Profit Hurt by Golf Unit, Exposure to Russia; Sports-Gear Maker Reports Fall in Third-Quarter Profit",The Wall Street Journal Online,1490,0
88,NKE,88,20141115,NA,Adrian Peterson 'no longer a Nike athlete',CNN Wire,894,0
89,NKE,89,20141114,2402,Nike's Delayed Lebron Basketball Shoes To Be Available Dec 1,Dow Jones Top News & Commentary,892,0
90,NKE,90,20141114,2433,*Nike's Delayed New Lebron Basketball Shoes To Be Available Dec. 1,Dow Jones Institutional News,274,0
91,NKE,91,20141114,1125,NYSE New 52-Week Highs And Lows -2-,Dow Jones Newswires Chinese (English),116,0
92,NKE,92,20141114,1125,NYSE New 52-Week Highs And Lows -2-,Dow Jones Newswires Chinese (English),1504,0
93,NKE,93,20141114,907,Foot Locker CEO Ken Hicks to Retire; COO Richard Johnson Will Take His Post,The Wall Street Journal Online,20,0
94,NKE,94,20141114,906,"Alibaba's Profit Falls, Revenue Jumps",Dow Jones Top North American Equities Stories,18,0
95,NKE,95,20141114,900,Alibaba Reports 54% Rise In Revenue-- Update -3-,Dow Jones Newswires Chinese (English),1207,0
96,NKE,96,20141114,900,Alibaba Revenue Rises 54%,Dow Jones Newswires Chinese (English),143,0
97,NKE,97,20141114,NA,Alibaba Revenue Rises 54% -2-,Dow Jones Newswires Chinese (English),857,0
98,NKE,98,20141112,246,Alibaba Revenue Rises 54%,Dow Jones Newswires Chinese (English),936,0
99,NKE,99,20141112,931,"Upcoming Events, Product Launch, and Financial Results - Research Reports on Michael Kors, Nike, Kraft Foods, Whirlpool and Johnson Controls",PR Newswire (U.S.),901,0
100,NKE,100,20141112,1420,Varsity Vetter: The Ecstasy and Anxiety of Oregon,The Wall Street Journal,1390,0
