,Ticker,Index,Date,Time,Headline,Source,NumWords,missing
1,NKE,1,20020328,2412,"Philips/No Charges -2: ""No Lasting Asset Value Losses""",Dow Jones International News,212,0
2,NKE,2,20020327,932,UPDATE 3-Philips in $5 bln deal with Dell.,Reuters News,655,0
3,NKE,3,20020327,332,UPDATE 1-Philips in $5 bln deal with Dell.,Reuters News,230,0
4,NKE,4,20020327,NA,NATIONAL NEWS - Court ruling on red rose badge likely to affect other sports kit.,Financial Times,351,0
5,NKE,5,20020326,NA,PHILIPS AND NIKE IN JOINT VENTURE,New York Times Abstracts,28,0
6,NKE,6,20020326,156,PRESS DIGEST - Netherlands - March 26.,Reuters News,281,0
7,NKE,7,20020326,NA,Nike and Philips Plan MP3 Players For Athletes,The Asian Wall Street Journal,130,0
8,NKE,8,20020325,NA,Nike's Net Rises 30% as Glitch To Supply Chain Is Corrected,The Wall Street Journal Europe,477,0
9,NKE,9,20020325,NA,Companies: U.S. Companies,The Wall Street Journal Europe,909,0
10,NKE,10,20020325,617,Philips and Nike join forces to bring technology to sport and create a new market.,PR Newswire Europe,676,0
11,NKE,11,20020325,905,U.S. stocks to start flat - market awaits data.,Reuters News,949,0
12,NKE,12,20020325,801,U.S. stocks to tick higher - Wall St awaits data.,Reuters News,882,0
13,NKE,13,20020325,654,"Banks, D.Telekom help DAX into plus, MobilCom leaps.",Reuters News,640,0
14,NKE,14,20020325,652,"U.S. stocks seen gaining, techs firm in Europe.",Reuters News,393,0
15,NKE,15,20020325,638,Philips teams up with Nike for sports market.,Reuters News,206,0
16,NKE,16,20020325,546,"Banks and drugs fuel FTSE gains, Granada falls.",Reuters News,724,0
17,NKE,17,20020325,512,"D.Telekom jolts DAX into the black, MobilCom leaps.",Reuters News,401,0
18,NKE,18,20020325,348,"FTSE 100 edges up as Man Group gains, Marconi down.",Reuters News,376,0
19,NKE,19,20020325,341,"DaimlerChrysler drags on German DAX, Mobilcom leaps.",Reuters News,242,0
20,NKE,20,20020325,230,"UK shares seen dipping slightly, telecoms in focus.",Reuters News,456,0
21,NKE,21,20020325,152,S.Africa gold stocks seen up at start.,Reuters News,187,0
22,NKE,22,20020325,NA,"Business Brief -- Nike Inc.: Deal Is Reached With Philips To Make CD, MP3 Players",The Wall Street Journal,154,0
23,NKE,23,20020325,NA,U.S. Reign Atop Markets May Be Over,The Wall Street Journal,1687,0
24,NKE,24,20020325,NA,Nike Net Rose in Quarter,The Asian Wall Street Journal,138,0
25,NKE,25,20020325,NA,U.S. Market's Leadership May Erode --- Some Say Asia and Europe Could Take Broader Roles in Global Economy,The Asian Wall Street Journal,1368,0
26,NKE,26,20020322,1924,U.S. stocks fall on disappointing profits news.,Reuters News,1013,0
27,NKE,27,20020322,1030,Stock Rating Reiterations: GMCR JNJ GDW DRI,Dow Jones News Service,369,0
28,NKE,28,20020322,845,BEFORE THE BELL: Providian Shrs Up After Settling Suit,Dow Jones News Service,327,0
29,NKE,29,20020321,2122,Wall Street Keeping Close Eye On Nike's European Sales,Dow Jones News Service,437,0
30,NKE,30,20020321,2018,Wall Street Keeping Close Eye On Nike's European Sales,Dow Jones News Service,437,0
31,NKE,31,20020322,1824,"After The Bell-Universal Access plunges, Xicor slips.",Reuters News,579,0
32,NKE,32,20020322,1758,US stock index futures end lackluster day weaker.,Reuters News,606,0
33,NKE,33,20020322,1753,"WRAPUP 1-US stocks,bonds fall on weak profits, rate outlook.",Reuters News,1016,0
34,NKE,34,20020322,1621,U.S. stocks end week down after 5 weeks up for Dow.,Reuters News,294,0
35,NKE,35,20020322,1523,"U.S. stocks slip as profits, forecasts disappoint.",Reuters News,775,0
36,NKE,36,20020322,1503,"UPDATE 1-Nike shares slide, but optimism remains.",Reuters News,341,0
37,NKE,37,20020322,1446,ADR Report-Overseas shares track U.S. stocks lower.,Reuters News,584,0
38,NKE,38,20020322,1433,"U.S. stocks slip as profits, forecasts disappoint.",Reuters News,775,0
39,NKE,39,20020322,1420,U.S. stocks flat as optimism offsets profit fears.,Reuters News,713,0
40,NKE,40,20020322,1345,U.S. hot stocks highlights - March 22 (afternoon).,Reuters News,392,0
41,NKE,41,20020322,1309,U.S. stocks flat as optimism offsets profit fears.,Reuters News,713,0
42,NKE,42,20020322,2415,U.S. stocks up from lows as Wall Street looks ahead.,Reuters News,480,0
43,NKE,43,20020322,1126,U.S. stocks slip on profit worries.,Reuters News,489,0
44,NKE,44,20020322,1500,"UPDATE 1-Nike shares slide, but optimism remains.",Reuters News,341,0
45,NKE,45,20020322,955,U.S. hot stocks highlights - March 22 (morning).,Reuters News,467,0
46,NKE,46,20020322,705,HEADLINE STOCKS - U.S. stocks to watch on March 22.,Reuters News,339,0
47,NKE,47,20020322,350,INTERVIEW-Cooperation key to HK's growth as logistics hub-LINE.,Reuters News,566,0
48,NKE,48,20020322,1224,NIKE third-quarter net income surges 30 percent.,Reuters News,557,0
49,NKE,49,20020321,1917,"UPDATE 4-NIKE profit up, stock dips as outlook disappoints.",Reuters News,559,0
50,NKE,50,20020322,NA,Nike Net Rises 30% On Corrected Glitch To Its Supply Chain,The Wall Street Journal,473,0
51,NKE,51,20020321,1638,"Nike's 3rd-Quarter Profit Surged 30%, Revenue Increased 4.2%",Dow Jones Business News,584,0
52,NKE,52,20020321,1727,Nike Sees Gross Margin Expansion In 4Q,Dow Jones News Service,754,0
53,NKE,53,20020321,1702,WRAP: Nike's 3Q Profit Surged 30% As Revenue Rose 4.2%,Dow Jones News Service,284,0
54,NKE,54,20020321,1617,Nike Inc. 3Q Net 46c/Share,Dow Jones News Service,680,0
55,NKE,55,20020321,NA,"Nike, Inc. Comments on 2002 Outlook-DJ",Reuters Significant Developments,74,0
56,NKE,56,20020321,1842,"UPDATE 3-NIKE profit up, stock dips as outlook disappoints.",Reuters News,393,0
57,NKE,57,20020321,1834,"After The Bell - Micron, Nike off - 3Com, Palm up.",Reuters News,634,0
58,NKE,58,20020321,1809,NIKE sees Q1 2003 charges of $225 mln-$275 mln.,Reuters News,117,0
59,NKE,59,20020321,1705,"After The Bell - Palm up, Solectron off.",Reuters News,258,0
60,NKE,60,20020321,1649,"TABLE - Nike Q3 results, net rises.",Reuters News,333,0
61,NKE,61,20020321,1842,"UPDATE 3-NIKE profit up, stock dips as outlook disappoints.",Reuters News,393,0
62,NKE,62,20020321,1624,NIKE third-quarter net income rises 30 percent.,Reuters News,170,0
63,NKE,63,20020321,1439,BIZFEATURE-U.S. deal make-or-break for Peru apparel industry.,Reuters News,1084,0
64,NKE,64,20020321,817,DIARY - Today in U.S. Equities - March 21.,Reuters News,938,0
65,NKE,65,20020321,1617,Nike Reports Third Quarter Earnings Per Share Up 31 Percent; Worldwide Futures Orders Increase Six Percent,PR Newswire,1527,0
66,NKE,66,20020320,1756,DIARY-U.S. Corporate earnings calendar March 21.,Reuters News,91,0
67,NKE,67,20020320,NA,COMPANIES &FINANCE EUROPE - Philips in link with Nike on 'smart apparel'.,Financial Times,358,0
68,NKE,68,20020317,2343,More pain than profit seen in China privatisations.,Reuters News,961,0
69,NKE,69,20020315,1537,DIARY-U.S. corporate earnings calendar March 18-March 22.,Reuters News,179,0
70,NKE,70,20020315,851,"Sampras and Nike ""kiss and make up"".",Reuters News,184,0
71,NKE,71,20020315,1249,INTERVIEW-Shoemaker Yue Yuen sees growth but no World Cup kick.,Reuters News,594,0
72,NKE,72,20020314,2057,"WRAPUP 1-Dow ekes gain on Kodak - bonds, Nasdaq, dollar fall.",Reuters News,998,0
73,NKE,73,20020314,1750,Rugged Columbia Sportswear Weathers Mild Winter,Dow Jones News Service,867,0
74,NKE,74,20020314,1641,"NIKE, Inc. to Webcast Earnings Conference Call",PR Newswire,240,0
75,NKE,75,20020307,1930,Nike says improving Indonesian labor conditions.,Reuters News,349,0
76,NKE,76,20020307,NA,THE MEDIA BUSINESS: ADVERTISING -- ADDENDA: TRASH TALKING OVER BASKETBALL AD,New York Times Abstracts,130,0
77,NKE,77,20020307,1025,"Nike, Adidas factories still sweatshops - report.",Reuters News,670,0
78,NKE,78,20020307,219,"UPDATE 1-Nike, Adidas factories still sweatshops - report.",Reuters News,680,0
79,NKE,79,20020307,135,Adidas sees 2002 net income up 5-10 pct.,Reuters News,216,0
80,NKE,80,20020307,318,Nike and Adidas still run sweatshops-report.,Reuters News,665,0
81,NKE,81,20020307,NA,Mood Among Investors Remains Cautious As Stock Market Continues to Register Gains,The Wall Street Journal,469,0
82,NKE,82,20020307,NA,Why Nike has broken into a sweat.,Financial Times (FT.Com),1317,0
83,NKE,83,20020307,647,Aegon 2001 Net Profit EUR2.40 Bln Vs EUR2.07 Bln,Dow Jones International News,190,0
84,NKE,84,20020307,1651,Nike Comments On Indonesia Report,Dow Jones News Service,246,0
85,NKE,85,20020306,750,"CSFB lifts Nike earns estimates, stock price target.",Reuters News,206,0
86,NKE,86,20020306,2400,Nike Appoints General Managers for Apparel,PR Newswire,596,0
87,NKE,87,20020306,1531,"Options Report: Investors May Buy Stocks, But They Hedge",Dow Jones News Service,682,0
88,NKE,88,20020303,1626,CORRECTED - UPDATE 1-World's rich get poorer in Forbes' list.,Reuters News,624,0
89,NKE,89,20020302,1213,BARRON'S: Research Reports,Dow Jones International News,2301,0
90,NKE,90,20020302,1213,BARRON'S: Research Reports,Dow Jones Capital Markets Report,2301,0
91,NKE,91,20020301,NA,"Nike, Inc. Unveils Signature Shox For Carter",Reuters Significant Developments,35,0
92,NKE,92,20020228,208,"Australian stocks close flat, blue-chips support.",Reuters News,508,0
93,NKE,93,20020228,125,INTERVIEW: Australia's Billabong Not Fazed By Nike Buy,Dow Jones International News,590,0
94,NKE,94,20020227,601,"Zacks Issues Recommendations on 4 Stocks: LH, NVDA, NKE, and NSM",PR Newswire,925,0
95,NKE,95,20020226,NA,Nike Acquires Hurley International,The Asian Wall Street Journal,109,0
96,NKE,96,20020226,NA,"THE MEDIA BUSINESS: ADVERTISING: SOME SPOTS FELL SHORT, BUT OTHER COMMERCIALS DURING OLYMPICS WERE WORTHY OF THE GOLD.",New York Times Abstracts,36,0
97,NKE,97,20020226,618,Soccer-FA investigated for price-fixing England replica strip.,Reuters News,412,0
98,NKE,98,20020225,NA,"Nike, Inc. Reaches Agreement To Buy Hurley Intl LLC-WSJ",Reuters Significant Developments,55,0
99,NKE,99,20020225,NA,Business Brief -- Hurley International LLC: Nike Reaches Agreement To Buy `Boardwear' Firm,The Wall Street Journal,175,0
100,NKE,100,20020225,947,RESEARCH ALERT - UBS Warburg rates sneaker cos.,Reuters News,228,0
