,Ticker,Index,Date,Time,Headline,Source,NumWords,missing
1,NKE,1,20090626,NA,Business Brief: Nike Inc.,The Wall Street Journal Europe,141,0
2,NKE,2,20090626,NA,Banks Lead Europe's Markets Lower,The Wall Street Journal Online,147,0
3,NKE,3,20090626,613,Sallie Mae Rises 10%; Nike Declines 3.3%,The Wall Street Journal Online,396,0
4,NKE,4,20090626,NA,"Nike, USA Track & Field extend sponsorship deal",Reuters News,611,0
5,NKE,5,20090626,1506,"REFILE-ANALYSIS-Retailer time-out adds to woes for Nike, rivals",Reuters News,169,0
6,NKE,6,20090626,1415,Large Stock Focus: Sallie Mae Rises 10%; Nike Declines 3.3%,The Wall Street Journal,743,0
7,NKE,7,20090626,NA,"Unusual Option Volume in BJ Services Company (BJS), Helix Energy Solutions Group (HLX), and Nike Inc. (NKE) - www.ONN.tv Reports",PR Newswire (U.S.),611,0
8,NKE,8,20090626,1320,Nike Net Off 30% on Restructuring Charges,The Wall Street Journal Online,274,0
9,NKE,9,20090625,NA,"Corporate News: Nike Profit Off 30%, Warns of Weak Orders",The Wall Street Journal,423,0
10,NKE,10,20090625,NA,"TBCToday.com Issues Alert on Top Stocks in the News: Palm, Inc., Lennar Corporation, Bank of America and Nike Incorporated",PR Newswire (U.S.),423,0
11,NKE,11,20090624,1719,Corporate Heavyweights Push Obama Climate Plan,PR Newswire (U.S.),506,0
12,NKE,12,20090625,1422,Nike Reports Drop In Global Orders,The New York Times,360,0
13,NKE,13,20090625,1047,DJ Hot Stocks:NKE,Dow Jones Chinese Financial Wire,320,0
14,NKE,14,20090625,NA,DJ Hot Stocks to Watch: NKE,Dow Jones Chinese Financial Wire,210,0
15,NKE,15,20090625,2452,UPDATE: US Stocks Gain With Bed Bath & Beyond Up; Nike Dips,Dow Jones News Service,66,0
16,NKE,16,20090625,1108,US Stocks Gain With Bed Bath & Beyond Up; Nike Dips,Dow Jones News Service,66,0
17,NKE,17,20090625,922,"Nike, Inc. Comments On H1, FY 2010 Revenue Outlook-Conference Call",Reuters Significant Developments,70,0
18,NKE,18,20090625,636,"UPDATE 3-Nike orders disappoint, shares fall",Reuters News,71,0
19,NKE,19,20090625,1710,AFTER THE BELL-Nike slides after quarterly results,Reuters News,886,0
20,NKE,20,20090625,1627,"UPDATE 1-Sportswear co. sues Nike, Hall of Fame over Jordan",Reuters News,422,0
21,NKE,21,20090624,NA,"InvestorSoup.com Research on: Darden, Monsanto, eResearchTechnology, Ford, Red Hat and Nike",PR Newswire (U.S.),101,0
22,NKE,22,20090624,1641,"Nike, Inc. And The NBA Basketball Hall Of Fame Sued For Fraud And Other Claims By SportsFuzion, Inc. Over Michael Jordan Products",Reuters Significant Developments,775,0
23,NKE,23,20090624,1622,"Absent Jobs, Cook Emerges as Key to Apple's Core",The Wall Street Journal Online,59,0
24,NKE,24,20090624,1456,"Nike, Basketball Hall of Fame Sued Over Michael Jordan Apparel Line",The Wall Street Journal Online,591,0
25,NKE,25,20090624,1122,"WSJ: Small Sports-Licensing Co Suing Nike, Naismith Memorial Basketball Hall Of Fame",Dow Jones News Service,567,0
26,NKE,26,20090624,1110,Nike sprints ahead of suffering rival,Financial Times,385,0
27,NKE,27,20090624,NA,Girding for a Leaner P&G; Industry Sweats New CEO's Push to Streamline Marketing,The Wall Street Journal Online,145,0
28,NKE,28,20090623,NA,A Sports Buddy to Urge That You Pick Up the Pace,The New York Times,958,0
29,NKE,29,20090623,1809,CEOs Urge Clarity In Emissions Pact,The Wall Street Journal Online,334,0
30,NKE,30,20090623,1753,M: Communications Strengthens Gulf Operations,PR Newswire Europe,360,0
31,NKE,31,20090622,NA,Nike Plans to Cut 5% of Its Work Force,The Wall Street Journal Online,238,0
32,NKE,32,20090610,NA,Obama Resurrects Military Commissions for Terror Detainees; Chrysler Dealers React to Closures; Iranian American Journalist Possessed Cl...,CNN: CNN Newsroom,812,0
33,NKE,33,20090528,NA,Corporate News: Nike Plans to Cut 5% of Its Work Force,The Wall Street Journal,238,0
34,NKE,34,20090526,NA,"PennyStockMoneyTrain.com Issues Technical Trade Alerts On Market Movers Today: CME, NKE, DV, BAC, CMI, INTC",PR Newswire (U.S.),540,0
35,NKE,35,20090519,2300,"Nike, Inc. Slashes 5% Of Global Jobs-Reuters",Reuters Significant Developments,608,0
36,NKE,36,20090515,NA,Nike To Cut 1750 Jobs Worldwide - AP,Dow Jones International News,251,0
37,NKE,37,20090515,NA,"DJ Nike To Cut 1,750 Jobs Worldwide - AP",Dow Jones Chinese Financial Wire,8459,0
38,NKE,38,20090515,NA,"CareerBuilder Offers Ad Bounty; Jobs Site Jettisons Agency, Looks to Consumers to Create Super Bowl Spot",The Wall Street Journal Online,250,0
39,NKE,39,20090514,1119,"Nike, Inc. Declares $0.25 Quarterly Dividend",Reuters Significant Developments,329,0
40,NKE,40,20090514,NA,"Higher Input Prices, Falling Sales Hit Adidas's Profit",The Wall Street Journal Online,56,0
41,NKE,41,20090514,1624,"COUNTERFEITERS FAVORED NIKE, AND OBAMA, TOO",The New York Times Abstracts,87,0
42,NKE,42,20090514,1646,"Counterfeiters Favored Nike, and Obama, Too",The New York Times,144,0
43,NKE,43,20090513,NA,Obama Taps Nike Foundation President For National Service Post,Dow Jones News Service,710,0
44,NKE,44,20090512,NA,Business Solutions,The Wall Street Journal Online,64,0
45,NKE,45,20090505,532,"Nike, Inc. Introduces Nike LunarGlide+",Reuters Significant Developments,377,0
46,NKE,46,20090425,NA,"Stock Alerts for CSCO, CME, NEM, NKE, and SPLS Released by Seven Summits Research",PR Newswire (U.S.),68,0
47,NKE,47,20090425,NA,BANDIT bandies the misguided NIKE AIR collaboration with Kanye West.,PR Newswire (U.S.),558,0
48,NKE,48,20090421,1857,DJ Nike Suit Says China Firms Copied Logo - State Media,Dow Jones Chinese Financial Wire,378,0
