,Ticker,Index,Date,Time,Headline,Source,NumWords,missing
1,NKE,1,20040330,1931,Model/designer debuts yoga clothes on Amazon.,Reuters News,585,0
2,NKE,2,20040326,NA,Esquel Weaves Tight Web --- Hong Kong Apparel Maker Controls Its Supply Chain All the Way to Cotton Fields,The Wall Street Journal Europe,1004,0
3,NKE,3,20040326,1658,Footstar says athletic segment CEO leaves company.,Reuters News,92,0
4,NKE,4,20040326,NA,"Style &Substance: Tiger's New Threads --- Champ's Wilted Polo Collar Appalled Nike, But Proved A Boon to Chinese Shirt Maker",The Wall Street Journal,1393,0
5,NKE,5,20040325,1548,UPDATE 4-Footstar to sell remaining athletic shoe stores.,Reuters News,363,0
6,NKE,6,20040325,913,Footstar to speedup plan to sell athletic business.,Reuters News,94,0
7,NKE,7,20040325,1746,American Consumer Plays Key Role in 8th Annual BusinessWeek 50 Ranking of Top Performing U.S. Companies Nearly half the companies on this...,PR Newswire (U.S.),1183,0
8,NKE,8,20040325,1004,CORRECT: Footstar: Nike Yet To Commit Supply Past 75 Days,Dow Jones News Service,69,0
9,NKE,9,20040324,NA,Clothier Fears Team May Outgrow Him,The New York Times,1174,0
10,NKE,10,20040323,503,RESEARCH ALERT-JP Morgan alters global model portfolio.,Reuters News,83,0
11,NKE,11,20040322,NA,Consumer Products Brief -- Nike Inc.: Third-Quarter Net Surged 61% On Improved Market in U.S.,The Asian Wall Street Journal,155,0
12,NKE,12,20040319,NA,Nike profits up 60% on weak US dollar - NEWS DIGEST.,Financial Times,216,0
13,NKE,13,20040319,1535,"Footstar, Nike Reach Deal To Assure Pdt Shipments",Dow Jones Corporate Filings Alert,472,0
14,NKE,14,20040319,NA,"Nike, Inc. Issues Q4 '04, Q1 '05 and FY '05 Revenue Guidance-DJ",Reuters Significant Developments,109,0
15,NKE,15,20040319,NA,NIKE REPORTS QUARTERLY PROFIT INCREASE OF 60%,The New York Times,118,0
16,NKE,16,20040319,NA,NIKE REPORTS QUARTERLY PROFIT INCREASE OF 60%,The New York Times Abstracts,34,0
17,NKE,17,20040319,643,HEADLINE STOCKS - U.S. stocks to watch on March 19.,Reuters News,296,0
18,NKE,18,20040318,2101,UPDATE 2-Nike 3rd-qtr profit sprints 60 pct on hot demand.,Reuters News,463,0
19,NKE,19,20040319,NA,Nike's Earnings Jumped 61% in 3rd Quarter,The Wall Street Journal Europe,277,0
20,NKE,20,20040318,1820,"Nike's 3Q Net Soars On Global Demand, Weak Dollar",Dow Jones Business News,314,0
21,NKE,21,20040318,614,"NY stocks set to pause - M.Stanley, Nike report.",Reuters News,619,0
22,NKE,22,20040318,1810,After the Bell-Lattice Semi falls after earns delay.,Reuters News,151,0
23,NKE,23,20040318,1800,Reuters Summit-Innovation key to Fortune Brands' golf business.,Reuters News,301,0
24,NKE,24,20040318,1720,"After the Bell-Adobe up, Nike falls after earns.",Reuters News,122,0
25,NKE,25,20040318,1640,UPDATE 1-Nike 3rd-qtr profit rises 60 pct on strong demand.,Reuters News,248,0
26,NKE,26,20040318,1640,UPDATE 1-Nike 3rd-qtr profit rises 60 pct on strong demand.,Reuters News,254,0
27,NKE,27,20040318,1626,TABLE - Nike (NKE.N) third-quarter earnings.,Reuters News,371,0
28,NKE,28,20040318,1623,"Nike 3rd quater profit, sales jump.",Reuters News,88,0
29,NKE,29,20040318,1623,"Nike 3rd quater profit, sales jump.",Reuters News,90,0
30,NKE,30,20040318,443,DIARY-Today in U.S. Equities - March 18.,Reuters News,463,0
31,NKE,31,20040318,2403,Portugal's FCP Gets Nike Sponsorship Worth Up To EUR11.2M,Dow Jones International News,133,0
32,NKE,32,20040318,1715,NIKE Reports Third Quarter Earnings Per Share Up 57 Percent; Worldwide Futures Orders Increase 9.9 Percent,PR Newswire Europe,1947,0
33,NKE,33,20040318,1832,WSJ UPDATE: Nike Posts 61% Increase In 3Q Net Income,Dow Jones News Service,585,0
34,NKE,34,20040318,1735,NEWS WRAP: Nike's 3Q Net Jumps 61% As Sales Rise,Dow Jones News Service,402,0
35,NKE,35,20040318,1720,Nike CFO: 4Q Rev Growth In Line With Futures Trend,Dow Jones News Service,762,0
36,NKE,36,20040318,1617,NIKE 3Q EPS 74c,Dow Jones News Service,460,0
37,NKE,37,20040318,NA,Corporate: Yue Yuen's Fiscal 1st-Quarter Net Profit Rose,The Asian Wall Street Journal,247,0
38,NKE,38,20040318,1617,NIKE Reports Third Quarter Earnings Per Share Up 57 Percent; Worldwide Futures Orders Increase 9.9 Percent Highlights:,PR Newswire (U.S.),1855,0
39,NKE,39,20040317,459,UPDATE 1-HK's Yue Yuen net up 36 pct but margins pressured.,Reuters News,363,0
40,NKE,40,20040311,NA,"Nike, Inc.'s Jordan Announces Launch of Air Jordan XIX",Reuters Significant Developments,53,0
41,NKE,41,20040311,1843,Former Reebok official to head Starbucks intl unit.,Reuters News,132,0
42,NKE,42,20040311,900,"Jordan Breaks New Ground With Launch of Air Jordan XIX Delivering the World's Finest Performance Basketball Shoe Lightest, Most Supportive...",PR Newswire (U.S.),808,0
43,NKE,43,20040310,NA,NIKE EXPECTS EARNINGS TO EXCEED ESTIMATES,The New York Times,127,0
44,NKE,44,20040310,NA,NIKE EXPECTS EARNINGS TO EXCEED ESTIMATES,The New York Times Abstracts,53,0
45,NKE,45,20040310,NA,Retail Brief -- Nike Inc.: Fiscal Third-Quarter Earnings Likely to Show 51% to 57% Rise,The Wall Street Journal,192,0
46,NKE,46,20040310,NA,Robust sales underpin upbeat Nike.,Financial Times,279,0
47,NKE,47,20040310,NA,Consumer Products Brief: Quiksilver Inc.,The Asian Wall Street Journal,152,0
48,NKE,48,20040310,NA,Nike Expects to Log Sharp Rise in Profit,The Asian Wall Street Journal,184,0
49,NKE,49,20040310,105,EUROPEAN MORNING BRIEFING: Tech Takes Another Beating,Dow Jones International News,2616,0
50,NKE,50,20040309,NA,"Nike, Inc. Issues Q3 Guidance Above Analysts' Expectations; Confirms Q4 Guidance",Reuters Significant Developments,187,0
51,NKE,51,20040309,NA,Robust sales underpin upbeat Nike outlook.,Financial Times (FT.Com),334,0
52,NKE,52,20040309,1405,"Nike Benefiting From Stronger Margins, U.S. Sales",Dow Jones News Service,847,0
53,NKE,53,20040309,831,"Nike, Inc. Announces Estimated 3Q Earnings Of $0.71 To $0.74 Per Diluted Shr",Dow Jones News Service,239,0
54,NKE,54,20040309,1532,UPDATE 4-Nike sees profit beating targets - stock hits peak.,Reuters News,623,0
55,NKE,55,20040309,1023,"UPDATE 2-Nike sees profit beating Street view, stock jumps.",Reuters News,337,0
56,NKE,56,20040309,914,UPADTE 1-Nike expects 3rd-qtr profit to beat Wall St. view.,Reuters News,177,0
57,NKE,57,20040309,859,"Before the Bell-Nike rises, EchoStar falls.",Reuters News,268,0
58,NKE,58,20040309,842,Nike sees 3rd-qtr profit to beat Wall St. estimates.,Reuters News,94,0
59,NKE,59,20040309,900,MSI's Executive Series Highlights Nike Supply Chain Innovation,PR Newswire (U.S.),484,0
60,NKE,60,20040309,830,"Nike, Inc. Announces Estimated Third Quarter Earnings Of $0.71 to $0.74 Per Diluted Share",PR Newswire (U.S.),653,0
61,NKE,61,20040308,1642,Quiksilver to Acquire DC Shoes For $87 Million,Dow Jones Business News,255,0
62,NKE,62,20040308,1609,WSJ: Quiksilver To Acquire DC Shoes For $87 Million,Dow Jones News Service,259,0
63,NKE,63,20040304,NA,Manchester United outstrips the Yankees - SPORTS FRANCHISES.,Financial Times,369,0
64,NKE,64,20040304,NA,Man Utd is top franchise.,Financial Times,35,0
65,NKE,65,20040304,NA,"Consumer Products Brief -- Foot Locker Inc.: Net Rose 25% in Fourth Period, Reflecting Industry Upswing",The Asian Wall Street Journal,137,0
66,NKE,66,20040303,1612,"UPDATE 1-Foot Locker sees higher 1st-qtr, full-year sales.",Reuters News,367,0
67,NKE,67,20040303,1041,Foot Locker Sees 2004 EPS Up 10% To 20%,Dow Jones News Service,513,0
68,NKE,68,20040302,1134,Feds Probe Former Nike Official For Accounting Fraud,Dow Jones International News,311,0
69,NKE,69,20040302,1834,UPDATE: Nike's Return Helps Foot Locker's 4Q,Dow Jones News Service,341,0
70,NKE,70,20040301,NA,Puma Sidesteps New Mass Appeal --- German Sportswear Maker Tries to Halt Move To the Mainstream; the Mini Driving Shoe,The Asian Wall Street Journal,954,0
71,NKE,71,20040301,930,"Nike, Inc. to Webcast Earnings and Conference Call",PR Newswire (U.S.),280,0
72,NKE,72,20040227,NA,Style & Substance: Puma Treads a Fine Line Between Edgy and Mainstream,The Wall Street Journal Europe,1015,0
73,NKE,73,20040225,659,Citizens Capital Footwear Unit Launches National Forever Just Say No to $100 Sneaker Commercial Ad Campaign,PR Newswire (U.S.),449,0
74,NKE,74,20040224,NA,"The creator of 'Bo knows' offers Nike a different campaign, with a multitude of stars.",The New York Times,1056,0
75,NKE,75,20040223,1348,Hollywood's Troika Design Group Names Sonia Lamba Creative Director,PR Newswire (U.S.),480,0
76,NKE,76,20040217,925,NIKE Declares Dividend,PR Newswire (U.S.),191,0
77,NKE,77,20040216,1604,Court overturns ban on Nike using name in Spain.,Reuters News,196,0
78,NKE,78,20040212,1436,Tiger Woods Celebrates Fashion Anniversary with Debut of Latest Technical Apparel From Nike Golf,PR Newswire (U.S.),635,0
79,NKE,79,20040211,500,"Nike Golf Wants to Know, 'Have You Seen Your Mojo?'",PR Newswire (U.S.),619,0
80,NKE,80,20040210,2008,"Golfers, Last Chance to Come Get Your Mojo!",PR Newswire (U.S.),596,0
81,NKE,81,20040210,900,"The Jordan Brand Holds Court at All Star Weekend With Line-Up of Community, Athlete and Celebrity Events Jordan Brand's All Star Events to...",PR Newswire,705,0
82,NKE,82,20040209,2054,Top Reebok marketer quits to find spiritual roots.,Reuters News,427,0
83,NKE,83,20040209,1155,GERMAN PRESS:Adidas Doesn't See '04 Gains In US Mkt Share,Dow Jones International News,187,0
84,NKE,84,20040205,NA,Advertising: Adidas Pursues Better Traction With New Ads,The Wall Street Journal Europe,535,0
85,NKE,85,20040205,NA,"Advertising: Adidas Gets Artsy With Its U.S. Ads --- Campaign Joins Legends Of Sport Past and Present In Somber, Poetic Messages",The Wall Street Journal,745,0
86,NKE,86,20040204,925,Reebok Intl Streamlines Management Following Resignation Of Reebok Brand President; Jay Margolis Assumes Day-to-Day Responsibilities Of...,Dow Jones News Service,268,0
87,NKE,87,20040203,1711,Nike Golf Helps Palm Springs Find Its Mojo,PR Newswire,668,0
88,NKE,88,20040203,1550,"Nike Golf Wants To Know, 'Have You Seen Your Mojo?'",PR Newswire,594,0
89,NKE,89,20040202,NA,Companies Brief: New Balance Athletic Shoe Inc.,The Wall Street Journal Europe,83,0
90,NKE,90,20040202,1027,FEATURE-Athletic shoe companies turn to rapper endorsements.,Reuters News,760,0
91,NKE,91,20040130,NA,Companies Brief: Adidas-Salomon AG,The Wall Street Journal Europe,121,0
92,NKE,92,20040130,NA,"Business Brief -- Adidas-Salomon AG: Net Income Rose 14% in 2003, Bolstered by Exchange Rates",The Wall Street Journal,210,0
93,NKE,93,20040130,NA,Consumer Products Brief: Adidas-Salomon AG,The Asian Wall Street Journal,147,0
94,NKE,94,20040129,346,"NEWS SNAP: Adidas-Salomon 2003 Profit Up, Pledges More",Dow Jones International News,607,0
95,NKE,95,20040128,823,Reebok quarterly profit jumps.,Reuters News,100,0
96,NKE,96,20040126,1556,"Golfers, Last Chance to Come Get Your Mojo!",PR Newswire,541,0
97,NKE,97,20040126,1529,Nike Golf Continues to Help Southern California Find Its Mojo,PR Newswire,632,0
98,NKE,98,20040123,NA,Companies Brief: Nike Inc. Company to Become Sponsor Of U.S. Olympic Committee,The Wall Street Journal Europe,176,0
99,NKE,99,20040122,2104,Former Converse executive to plead guilty in probe.,Reuters News,231,0
100,NKE,100,20040122,NA,Nike Will Become Olympics Sponsor For U.S. in 2005,The Wall Street Journal,361,0
