,Ticker,Index,Date,Time,Headline,Source,NumWords,missing
1,NKE,1,20070330,900,Comprehensive Stock Split Table: Record And Pay Dates,Dow Jones News Service,260,0
2,NKE,2,20070330,NA,Locusts in sport PAUL BETTS - EUROPEAN VIEW.,Financial Times,278,0
3,NKE,3,20070329,NA,"Earnings Digest Brief -- Yue Yuen Industrial (Holdings) Earnings Increase by 7.6%, But Fail to Hit Expectations",The Wall Street Journal,178,0
4,NKE,4,20070329,900,Comprehensive Stock Split Table: Record And Pay Dates,Dow Jones News Service,260,0
5,NKE,5,20070329,NA,Corporate News: Yue Yuen's net profit rises 7.6% --- Shoemaker predicts labor-cost pressures; analysts lower target,The Wall Street Journal Asia,435,0
6,NKE,6,20070328,NA,Trade talks test Seoul's openness --- Protectionist history is on line as deadline for a U.S. deal nears,The Wall Street Journal Europe,1269,0
7,NKE,7,20070327,2250,UPDATE: HK Yue Yuen Posts Lower-Than-Expected Rise In 1Q Net,Dow Jones International News,480,0
8,NKE,8,20070328,252,=DJ UPDATE: HK Yue Yuen Posts Lower-Than-Expected Rise In 1Q Net,Dow Jones Chinese Financial Wire,478,0
9,NKE,9,20070327,2040,DJ HK Yue Yuen Fiscal 1Q Net Profit US$92.4M; Up 7.6% On Year,Dow Jones Chinese Financial Wire,176,0
10,NKE,10,20070328,900,Comprehensive Stock Split Table: Record And Pay Dates,Dow Jones News Service,271,0
11,NKE,11,20070328,NA,"Korea-U.S. trade talks hinge on open market --- Tariffs on rice, autos put pressure on deal; Seoul takes hard look",The Wall Street Journal Asia,1610,0
12,NKE,12,20070327,1947,HK Yue Yuen Fiscal 1Q Net Profit US$92.4M Vs US$85.9M,Dow Jones International News,177,0
13,NKE,13,20070327,900,Comprehensive Stock Split Table: Record And Pay Dates,Dow Jones News Service,294,0
14,NKE,14,20070326,NA,Business Brief:  Nike Inc.,The Wall Street Journal Europe,169,0
15,NKE,15,20070326,1300,"Seven Summits Research releases comments on SBUX, ABT, NKE, JBLU, and STLD",PR Newswire (U.S.),455,0
16,NKE,16,20070326,NA,"Advertising: On Madison Avenue, A Digital Wake-Up Call --- Firms Take Notice As Nike Demands More Web Savvy",The Wall Street Journal,1200,0
17,NKE,17,20070326,1500,TIP SHEET: Rainier Fund Manager Bullish On Large-Cap Growth,Dow Jones News Service,827,0
18,NKE,18,20070326,900,Comprehensive Stock Split Table: Record And Pay Dates,Dow Jones News Service,295,0
19,NKE,19,20070325,NA,Weekend Warriors,The New York Times,122,0
20,NKE,20,20070323,NA,"Nike, Inc. Comments On Q1 2008 Revenue Outlook-Conference Call",Reuters Significant Developments,56,0
21,NKE,21,20070323,NA,"Earnings Digest: Nike Profit Advances 8%, Helped by Growth Overseas",The Wall Street Journal,509,0
22,NKE,22,20070323,932,"UPDATE: Nike Profit Rises, Sees Weak Margins In Quarter And Year",Dow Jones Business News,1064,0
23,NKE,23,20070323,1030,DJ Hot Stocks: NKE,Dow Jones Chinese Financial Wire,49,0
24,NKE,24,20070323,900,Comprehensive Stock Split Table: Record And Pay Dates,Dow Jones News Service,295,0
25,NKE,25,20070322,1950,"NIKE, Inc. Reports Third Quarter Earnings Per Share of US$1.37",PR Newswire Europe,2497,0
26,NKE,26,20070321,2057,Pony Names Kevin Wulff as Chief Executive Officer,PR Newswire Europe,363,0
27,NKE,27,20070322,1615,"NIKE, Inc. Reports Third Quarter Earnings Per Share of $1.37; Revenue up 9 percent; Worldwide futures orders up 9 percent",PR Newswire (U.S.),2443,0
28,NKE,28,20070322,2459,"Entergy Offsets 100,000 Metric Tons of Carbon Emissions",PR Newswire (U.S.),677,0
29,NKE,29,20070321,2024,Pony Names Kevin Wulff as Chief Executive Officer,PR Newswire (U.S.),365,0
30,NKE,30,20070322,1715,"DJ UPDATE: LATE TRADING: Palm Up; 3Q Beats View, 4Q Looks Softer",Dow Jones Commodities Service,530,0
31,NKE,31,20070322,1714,"UPDATE: Nike Profit Rises, Buoyed By Europe And Asia",Dow Jones Business News,653,0
32,NKE,32,20070322,100,STOCKS TO WATCH: Stocks In Focus For Thursday,Dow Jones Business News,1592,0
33,NKE,33,20070322,1841,DJ Nike CFO Sees High Single-Digit Rev Growth In FY2008 >NKE,Dow Jones Chinese Financial Wire,215,0
34,NKE,34,20070322,1751,DJ Nike 3Q EPS $1.37 Vs $1.24 >NKE,Dow Jones Chinese Financial Wire,89,0
35,NKE,35,20070322,825,DJ Hot Stocks to Watch: NKE,Dow Jones Chinese Financial Wire,30,0
36,NKE,36,20070322,1748,WSJ UPDATE: Nike's 3Q Profit Rises On Overseas Growth,Dow Jones News Service,550,0
37,NKE,37,20070322,1735,Nike CFO Sees High Single-Digit Rev Growth In FY'08,Dow Jones News Service,217,0
38,NKE,38,20070322,1641,"UPDATE: Nike 3Q Net Up, Driven By Overseas Growth",Dow Jones News Service,308,0
39,NKE,39,20070322,1615,Nike 3Q EPS $1.37 Vs EPS $1.24,Dow Jones News Service,91,0
40,NKE,40,20070322,900,Comprehensive Stock Split Table: Record And Pay Dates,Dow Jones News Service,295,0
41,NKE,41,20070322,1726,"Nike sees Q4, FY sales up in high single digits",Reuters News,102,0
42,NKE,42,20070322,1635,After the Bell - Nike shares rise,Reuters News,84,0
43,NKE,43,20070322,1621,"UPDATE 3-Nike profit up, but U.S. and margins disappoint",Reuters News,685,0
44,NKE,44,20070322,1620,UPDATE 1-After the Bell - Nike shares edge lower,Reuters News,101,0
45,NKE,45,20070322,1030,RESEARCH ALERT-Lehman raises Nike price target to $120,Reuters News,127,0
46,NKE,46,20070322,710,STOCKS NEWS US-After the Bell - Nike shares rise,Reuters News,423,0
47,NKE,47,20070321,1000,"Fashion Camp NYC Brings Fashion to Life for Manhattan Teens; -- Camp counselors to include fashion executives from Coach, Victoria's Secret...",PR Newswire (U.S.),303,0
48,NKE,48,20070321,900,Comprehensive Stock Split Table: Record And Pay Dates,Dow Jones News Service,295,0
49,NKE,49,20070320,NA,adidas AG Shares Rally On Bid Talk-Reuters,Reuters Significant Developments,72,0
50,NKE,50,20070320,900,Comprehensive Stock Split Table: Record And Pay Dates,Dow Jones News Service,319,0
51,NKE,51,20070319,NA,"ADVERTISING: ADDENDA: LEAD AGENCY SKIPS NIKE REVIEW, AND ONE DIRECTOR DEPARTS",The New York Times Abstracts,49,0
52,NKE,52,20070319,1713,Pony Names Kevin Wulff as Chief Executive Officer,PR Newswire (U.S.),438,0
53,NKE,53,20070319,931,"Seven Summits Research Releases Comments on CVS, ADBE, FDX, GIS and NKE",PR Newswire (U.S.),399,0
54,NKE,54,20070319,520,"Fashion Camp NYC Brings Fashion to Life for Manhattan Teens; - Camp counselors to include fashion executives from Coach, Victoria's Secret...",PR Newswire (U.S.),301,0
55,NKE,55,20070319,NA,"Lead Agency Skips Nike Review, And One Director Departs",The New York Times,137,0
56,NKE,56,20070319,1440,Nike Golf Replacing 'Limited' Number Of Sumo Squared Drivers,Dow Jones News Service,501,0
57,NKE,57,20070319,900,Comprehensive Stock Split Table: Record And Pay Dates,Dow Jones News Service,343,0
58,NKE,58,20070319,NA,The runners who built shoes.,Financial Times,223,0
59,NKE,59,20070319,NA,"The man who made a career out of cool THE MONDAY INTERVIEW MARK PARKER: Nike's chief executive has always had a good eye for design, writes...",Financial Times,1094,0
60,NKE,60,20070318,NA,FT.com site : The man who made a career out of cool.,Financial Times (FT.Com),1296,0
61,NKE,61,20070316,710,"Nike Sees 3Q Profit, Revenue Boosted By Basketball",Dow Jones News Service,542,0
62,NKE,62,20070316,NA,Fashion: Well heeled,The Wall Street Journal Asia,173,0
63,NKE,63,20070315,900,Comprehensive Stock Split Table: Record And Pay Dates,Dow Jones News Service,343,0
64,NKE,64,20070315,1733,EARNINGS OUTLOOK: Nike Profit Expected To Be Boosted By Basketball,Dow Jones Business News,539,0
65,NKE,65,20070315,2406,Adidas Takes German Football Sponsor Dispute To Court,Dow Jones International News,194,0
66,NKE,66,20070314,900,Comprehensive Stock Split Table: Record And Pay Dates,Dow Jones News Service,482,0
67,NKE,67,20070313,900,Comprehensive Stock Split Table: Record And Pay Dates,Dow Jones News Service,354,0
68,NKE,68,20070311,2141,DJ HK Yue Yuen Feb Operating Revenue Up 9% To US$259.8 Mln,Dow Jones Chinese Financial Wire,138,0
69,NKE,69,20070312,900,Comprehensive Stock Split Table: Record And Pay Dates,Dow Jones News Service,354,0
70,NKE,70,20070310,NA,Style -- Women's Wear: Heels Get Pumped Up,The Wall Street Journal,175,0
71,NKE,71,20070309,2340,HK Yue Yuen Feb Operating Revenue Up 9% To US$259.8 Mln,Dow Jones International News,140,0
72,NKE,72,20070308,900,Comprehensive Stock Split Table: Record And Pay Dates,Dow Jones News Service,330,0
73,NKE,73,20070307,NA,Gadgets Brief -- Quick Fix: Adjusting music tempo to keep pace with workout,The Wall Street Journal Asia,122,0
74,NKE,74,20070307,NA,Gadgets Brief -- Quick Fix: Adjusting music tempo to keep pace with workout,The Wall Street Journal Europe,116,0
75,NKE,75,20070307,811,"Adidas CEO: Talks With German Soccer Assoc ""Constructive""",Dow Jones International News,183,0
76,NKE,76,20070307,900,Comprehensive Stock Split Table: Record And Pay Dates,Dow Jones News Service,330,0
77,NKE,77,20070306,1521,Nike Launching New System of Dress Basketball Uniforms With Four Elite Universities; Expected This Week,PR Newswire (U.S.),1041,0
78,NKE,78,20070305,2007,"NIKE, Inc. to Webcast Earnings and Conference Call",PR Newswire (U.S.),293,0
79,NKE,79,20070306,906,FOCUS: Nike Aims To Outplay Adidas On Germans' Home Turf,Dow Jones International News,1385,0
80,NKE,80,20070306,906,FOCUS: Nike Aims To Outplay Adidas On Germans' Home Turf,Dow Jones News Service,1385,0
81,NKE,81,20070305,1447,UPDATE 1-Nike names CFO for affiliate brands unit,Reuters News,162,0
82,NKE,82,20070305,1426,Nike names CFO for affiliate brands unit,Reuters News,76,0
83,NKE,83,20070305,1417,NIKE Inc. news release,Reuters News,34,0
84,NKE,84,20070305,1415,"NIKE, Inc.'s Affiliate Brands Group Names CFO",PR Newswire (U.S.),398,0
85,NKE,85,20070305,1415,"NIKE, Inc.'s Affil Brands Group Names CFO",Dow Jones News Service,8,0
86,NKE,86,20070302,1512,Nike Inc news release,Reuters News,34,0
87,NKE,87,20070302,NA,"Nike, Inc. To Purchase Northridge Site In Greater Memphis",Reuters Significant Developments,54,0
88,NKE,88,20070302,NA,Corporate News Brief -- Retail: Yue Yuen plans to double stores in China in 2 years,The Wall Street Journal Asia,117,0
89,NKE,89,20070302,1500,Nike Agrees to Purchase Northridge Site in Greater Memphis for New Footwear Distribution Center; Also Reaches Sale-Leaseback Agreement With...,PR Newswire (U.S.),660,0
90,NKE,90,20070302,1500,Nike Agrees To Purchase Northridge Site In Greater Memphis For New Footwear Distribution Center,Dow Jones News Service,103,0
91,NKE,91,20070228,2352,UPDATE 2-Top sport shoe maker aims to double China outlets,Reuters News,399,0
92,NKE,92,20070301,113,HK Yue Yuen Plans To Double China Stores For Olympics Sales,Dow Jones International News,391,0
93,NKE,93,20070301,513,DJ HK Yue Yuen Plans To Double China Stores For Olympics Sales,Dow Jones Chinese Financial Wire,389,0
94,NKE,94,20070301,946,Comprehensive Stock Split Table: Record And Pay Dates,Dow Jones News Service,353,0
95,NKE,95,20070228,900,Comprehensive Stock Split Table: Record And Pay Dates,Dow Jones News Service,341,0
96,NKE,96,20070227,904,Comprehensive Stock Split Table: Record And Pay Dates,Dow Jones News Service,353,0
97,NKE,97,20070226,NA,NIKE COMMISSIONS A RAP SONG IN HONOR OF ITS AIR FORCE 1 SHOE,The New York Times Abstracts,65,0
98,NKE,98,20070226,1647,"Payless, Nike Subsidiary Pair On Low-Price, High-Tech Sneaker",Dow Jones News Service,617,0
99,NKE,99,20070226,900,Comprehensive Stock Split Table: Record And Pay Dates,Dow Jones News Service,340,0
100,NKE,100,20070225,NA,Barely Legal,The New York Times,193,0
