,Ticker,Index,Date,Time,Headline,Source,NumWords,missing
1,NKE,1,20110331,1545,Nike Inc (NKE) Mkt On Close Sell Imbalance: Shrs 93800,Dow Jones News Service,10,0
2,NKE,2,20110330,1545,Nike Inc (NKE) Mkt On Close Sell Imbalance: Shrs 87600,Dow Jones News Service,10,0
3,NKE,3,20110330,1041,FACTBOX-New east Africa malls attract draw top brands,Reuters News,406,0
4,NKE,4,20110328,1156,BooneOakley Hires Top Marketing Talent; Former Nike Exec Greg Johnson Joins Agency as CMO and SVP,PR Newswire (U.S.),441,0
5,NKE,5,20110328,1455,"UPDATE 2-Lululemon shares jump, says to split stock",Reuters News,280,0
6,NKE,6,20110326,NA,Stocks: Bracing for Falling Profits,The Wall Street Journal Online,963,0
7,NKE,7,20110324,1416,Can Social Media Predict Companies' Share Prices?,WSJ Blogs,335,1
8,NKE,8,20110323,526,"Belle H2 net up 34 pct, match forecast; sees rising cost",Reuters News,496,0
9,NKE,9,20110323,1638,"HCP, NIKE: Money Flow Leaders (HCP, NKE)",The Wall Street Journal Online,79,0
10,NKE,10,20110323,2445,"Banco Bradesco, NIKE: Money Flow Leaders (BBD, NKE)",The Wall Street Journal Online,79,0
11,NKE,11,20110321,NA,UPFRONT; Software for Shaping Up; Our picks for some of the best apps to monitor and improve diet and fitness,The Wall Street Journal Online,1544,0
12,NKE,12,20110321,NA,Heard on the Street / Financial Analysis and Commentary,The Wall Street Journal Europe,1269,0
13,NKE,13,20110321,930,"Zacks Bull and Bear of the Day Highlights: AMERCO, Companhia Siderurgica Nacional, Nike, Expedia and Priceline",PR Newswire (U.S.),1613,0
14,NKE,14,20110321,1404,"PRICE TARGET CHANGES: FRIEDMAN, BILLINGS & RAMSEY",Dow Jones News Service,116,0
15,NKE,15,20110320,NA,Investor's Calendar,The Wall Street Journal Sunday,302,0
16,NKE,16,20110319,NA,Nike Loses Its Grip,The Wall Street Journal Online,307,0
17,NKE,17,20110319,NA,'Mad Scientist' Salazar Charts a New Course,The Wall Street Journal,1487,0
18,NKE,18,20110319,NA,Nike Loses Its Grip On Costs,The Wall Street Journal,306,0
19,NKE,19,20110318,1331,"US HOT STOCKS: JPMorgan , SunTrust, Nike , Lorillard",Dow Jones News Service,1041,0
20,NKE,20,20110318,1331,DJ US HOT STOCKS: Lattice Semiconductor Shares Active In Late Trade,Dow Jones Institutional News,1053,0
21,NKE,21,20110318,1718,Dow Gets Boost From Dividend Increases,The Wall Street Journal Online,2684,0
22,NKE,22,20110318,1735,Nike Plans to Raise Prices,The Wall Street Journal Online,750,0
23,NKE,23,20110318,NA,Commodity costs squeeze profits at Nike,Financial Times (FT.Com),496,0
24,NKE,24,20110318,NA,MARKET TALK: Warburg Research Upgrades Adidas To Buy,Dow Jones International News,312,0
25,NKE,25,20110318,1400,Nike Cut To Neutral From Buy By Goldman Sachs,Dow Jones International News,140,0
26,NKE,26,20110318,821,MARKET TALK: BHF Bank Continues To See Adidas Well Positioned,Dow Jones International News,9,0
27,NKE,27,20110318,643,MARKET TALK: Adidas Seen Dn After Nike 3Q Misses Estimates,Dow Jones International News,144,0
28,NKE,28,20110318,321,*DJ Nike Cut To Neutral From Buy By Goldman Sachs >NKE,Dow Jones Chinese Financial Wire,136,0
29,NKE,29,20110318,822,DJ US Stock Futures Higher After G-7 Action,Dow Jones Chinese Financial Wire,20,0
30,NKE,30,20110318,748,DJ Hot Stocks: NKE,Dow Jones Chinese Financial Wire,606,0
31,NKE,31,20110318,1420,DJ Hot Stocks: NKE,Dow Jones Chinese Financial Wire,321,0
32,NKE,32,20110318,1040,DJ Hot Stocks to Watch: NKE,Dow Jones Chinese Financial Wire,77,0
33,NKE,33,20110318,644,HEARD ON THE STREET: Nike Loses Its Grip,Dow Jones News Service,59,0
34,NKE,34,20110318,1653,Nike Inc (NKE) Mkt On Close Buy Imbalance: Shrs 156300,Dow Jones News Service,379,0
35,NKE,35,20110318,1545,"MARKET TALK: Nike Results, Guidance Sap $3.3B From Market Cap",Dow Jones News Service,10,0
36,NKE,36,20110318,2400,"MARKET TALK: Nike Results, Guidance Sap $3.3B From Market Cap",Dow Jones News Service,1253,0
37,NKE,37,20110318,2400,"US HOT STOCKS: Nike, Lorillard, Intuit, Caterpillar",Dow Jones News Service,139,0
38,NKE,38,20110318,1034,BEFORE THE BELL:US Stock Futures Higher After G-7 Intervention,Dow Jones News Service,1633,0
39,NKE,39,20110318,758,MARKET TALK: Margin Pressure At Nike Seen Persisting,Dow Jones News Service,1876,0
40,NKE,40,20110318,744,MARKET TALK: Margin Pressure At Nike Seen Persisting,Dow Jones News Service,472,0
41,NKE,41,20110318,744,BEFORE THE BELL: US Stock Futures Higher After G-7 Action,Dow Jones News Service,170,0
42,NKE,42,20110318,624,Higher Costs Dent Profit at Nike,The New York Times,1377,0
43,NKE,43,20110318,NA,German stocks - Factors to watch on March 18,Reuters News,213,0
44,NKE,44,20110318,230,Corporate News: Nike Plans Price Increases,The Wall Street Journal,596,0
45,NKE,45,20110318,NA,2nd UPDATE: Nike Results Miss; Sales Gains Battle Weaker Margin,Dow Jones Business News,486,0
46,NKE,46,20110317,1824,Nike 3Q Results Miss Views As Sales Gains Battle Weaker Margin,Dow Jones Business News,818,0
47,NKE,47,20110317,1744,BEFORE THE BELL: US Stock Futures Gain Ahead Of Economic Data,Dow Jones News Service,641,0
48,NKE,48,20110317,1706,*DJ Nike Inc 3Q Rev $5.08B >NKE,Dow Jones Chinese Financial Wire,639,0
49,NKE,49,20110317,1722,"US HOT STOCKS: Nike, LDK Solar Active In Late Trading",Dow Jones News Service,817,0
50,NKE,50,20110317,1653,"MARKET TALK: Nike 3Q Disappoints, Japan Soft Before Disaster",Dow Jones News Service,427,0
51,NKE,51,20110317,1711,"MARKET TALK: Nike 3Q Disappoints, Japan Soft Before Disaster",Dow Jones News Service,433,0
52,NKE,52,20110317,1638,UPDATE 3-Nike to raise prices sharply as costs hit gains,Reuters News,427,0
53,NKE,53,20110317,755,"Nike, Inc. Comments On Q4 2011 Revenue Guidance-Conference Call",Reuters Significant Developments,557,0
54,NKE,54,20110317,621,DJ US HOT STOCKS: NKE,Dow Jones Chinese Financial Wire,441,0
55,NKE,55,20110317,715,DJ US HOT STOCKS: SCVL,Dow Jones Chinese Financial Wire,439,0
56,NKE,56,20110317,1615,Nike Inc 3Q EPS $1.08,Dow Jones News Service,31,0
57,NKE,57,20110317,1615,CONVERSE and Thrasher Magazine Present Texas Style Death Match; Texas Style Death Match is the only skate event uniting skateboarding and...,PR Newswire (U.S.),23,0
58,NKE,58,20110317,1615,"BMR Previews Earnings for Lululemon, Nike, Tiffany, and Walgreen",PR Newswire (U.S.),16,0
59,NKE,59,20110317,1705,"CONVERSE Turns it Up in Austin; Converse shows its support of the global music community in Austin, TX, March 16 - 20",PR Newswire (U.S.),2774,0
60,NKE,60,20110317,1646,Ahead of the Tape,The Wall Street Journal,1192,0
61,NKE,61,20110317,1646,Puma Names New CEO,The Wall Street Journal Online,144,0
62,NKE,62,20110317,1635,Toes in the Market: Footwear Is a Strength,The Wall Street Journal Online,616,0
63,NKE,63,20110317,NA,Retail Earnings; Feb Housing Data,Dow Jones Top North American Equities Stories,73,0
64,NKE,64,20110317,1743,Adidas to launch new marketing campaign,Reuters News,49,0
65,NKE,65,20110317,1738,Reuters Summit-Fortune's golf business could lure many_-CEO,Reuters News,70,0
66,NKE,66,20110317,1615,Sports sales bounce lifts Nike outlook,Financial Times,51,0
67,NKE,67,20110316,900,"Zacks Earnings Preview: Nike, Ross Stores, Federal Express, Federal Signal and Dole Foods",PR Newswire (U.S.),683,0
68,NKE,68,20110315,955,"Seven Summits Research Releases Comments on FedEx, Nike, LDK Solar, Guess and Factset Research",PR Newswire (U.S.),444,0
69,NKE,69,20110315,900,"Golf Journal: Can Your Golf Ball Make a Difference? --- A Nike Expert, Francesco Molinari and Anthony Kim Talk About the Subtleties of the White Orb",The Wall Street Journal,1179,0
70,NKE,70,20110315,NA,"Can Your Golf Ball Make a Difference? A Nike Expert, Francesco Molinari and Anthony Kim Talk About the Subtleties of the White Orb",The Wall Street Journal Online,408,0
71,NKE,71,20110315,NA,UPDATE 1-Bidders tee up for Fortune golf unit -sources,Reuters News,348,0
72,NKE,72,20110315,NA,Initial Bids For Fortune Brands' Golf Unit Due Friday -Reuters,Dow Jones News Service,410,0
73,NKE,73,20110314,734,Nike Inc (NKE) Mkt On Close Buy Imbalance: Shrs 69000,Dow Jones News Service,805,0
74,NKE,74,20110311,1445,Adidas is upbeat on sales but not costs,The Wall Street Journal Europe,880,0
75,NKE,75,20110314,1402,UPDATE 2-Foot Locker beats with jump in Q4 profit,Reuters News,185,0
76,NKE,76,20110314,2436,"UPDATE 3-Adidas sales top forecasts, raises 2011 outlook",Reuters News,239,0
77,NKE,77,20110314,NA,"2nd UPDATE: Adidas Ups Sales Guidance, Warns Of Price Pressure",Dow Jones International News,187,0
78,NKE,78,20110314,957,UPDATE: Adidas Ups 2011 Sales Guidance On Better Consumer Mood,Dow Jones International News,2260,0
79,NKE,79,20110314,931,Adidas 4Q Sales EUR2.93B Vs EUR2.46B,Dow Jones International News,406,0
80,NKE,80,20110312,NA,MARKET TALK: Foot Locker Inventory Up Despite Fewer Stores,Dow Jones News Service,961,0
81,NKE,81,20110312,NA,Adidas Raises Sales Forecast,The Wall Street Journal Online,954,0
82,NKE,82,20110311,1730,WSJ BLOG/India Real Time: Indian Budget Could Bring Some Retail Therapy,Dow Jones Global Equities News,369,0
83,NKE,83,20110311,1642,"BMR Updates Outlooks on Deckers, Timberland, Nike, Skechers & DSW",PR Newswire (U.S.),104,0
84,NKE,84,20110311,1545,Nike Inc (NKE) Mkt On Close Sell Imbalance: Shrs 91800,Dow Jones News Service,10,0
85,NKE,85,20110303,NA,Ask Teri,The Wall Street Journal,438,0
86,NKE,86,20110302,1726,Ask Teri; Fashion reporter Teri Agins answers readers' questions,The Wall Street Journal Online,266,0
87,NKE,87,20110302,151,Nike Inc (NKE) Mkt On Close Buy Imbalance: Shrs 56200,Dow Jones News Service,647,0
88,NKE,88,20110302,819,"Nike, Inc. Declares $0.31 Quarterly Dividend",Reuters Significant Developments,744,0
89,NKE,89,20110302,257,WSJ BLOG/China Real Time: Air Jordan Channels the Chinese Zodiac,Dow Jones International News,616,0
90,NKE,90,20110302,130,"Nike, PowerShares QQQ: Money Flow Leaders (NKE, QQQQ)",The Wall Street Journal Online,342,0
91,NKE,91,20110302,1716,=DJ HBK Investments LP 4Q 13F: Hldgs As Of Dec 31,Dow Jones Institutional News,151,0
92,NKE,92,20110302,840,=DJ Fidelity Mgmt & Research Co. 4Q 13F: Hldgs As Of Dec 31,Dow Jones Institutional News,655,0
93,NKE,93,20110228,104,Star Investors Show Stock Picks,The Wall Street Journal,747,0
94,NKE,94,20110227,2338,How Star Investors Bet Last Quarter,The Wall Street Journal Online,747,0
95,NKE,95,20110227,2300,"UPDATE: Buffett's Berkshire Sells Bank of America, Nike, Fiserv",Dow Jones Global News Select,747,0
96,NKE,96,20110225,1110,WSJ: Roundup On Big Investors' 4Q Stock Holdings,Dow Jones News Service,747,0
97,NKE,97,20110228,957,*DJ Buffett's Berkshire Adds To Holdings Of Wells Fargo,Dow Jones Chinese Financial Wire,424,0
98,NKE,98,20110228,1545,Nike Inc (NKE) Mkt On Close Buy Imbalance: Shrs 70700,Dow Jones News Service,10,0
99,NKE,99,20110224,NA,Declining Margins Seen Setting Up A Drag For Stocks -Morgan Stanley,Dow Jones News Service,251,0
100,NKE,100,20110224,NA,Nike Inc (NKE) Mkt On Close Buy Imbalance: Shrs 81600,Dow Jones News Service,250,0
