,Ticker,Index,Date,Time,Headline,Source,NumWords,missing
1,NKE,1,20060629,NA,Rising costs mean Nike disappoints.,Financial Times,236,0
2,NKE,2,20060629,NA,Business Brief: Nike Inc.,The Wall Street Journal Asia,149,0
3,NKE,3,20060628,NA,Business Brief -- Nike Inc.: Earnings decline 5% after Converse charge,The Wall Street Journal Europe,129,0
4,NKE,4,20060628,1602,UPDATE: Nike's Shares Pressured Amid Questions About Outlook,Dow Jones Business News,735,0
5,NKE,5,20060627,2330,"UPDATE: Nike Revenue Rises, But Charge Weighs On Profit",Dow Jones Business News,298,0
6,NKE,6,20060627,2100,News Highlights: Labroy Expects Rigs Option Exercised,Dow Jones International News,250,0
7,NKE,7,20060628,700,US Hot Stocks To Watch: NKE CAKE WEN THI,Dow Jones News Service,172,0
8,NKE,8,20060628,NA,Nike eyes China in run-up to Beijing Olympics - SPORTING GOODS.,Financial Times,475,0
9,NKE,9,20060628,430,Adidas best placed in World Cup quarter finals,Reuters News,459,0
10,NKE,10,20060628,NA,"Nike's Earnings Decline by 4.8%, Hurt by Charge",The Wall Street Journal,569,0
11,NKE,11,20060627,1646,"NIKE, Inc. Reports Fiscal 2006 Earnings Per Share Growth of 18 Percent",PR Newswire Europe,3188,0
12,NKE,12,20060627,1615,"NIKE, Inc. Reports Fiscal 2006 Earnings Per Share Growth of 18 Percent; Revenue up 9 percent to $15.0 billion for the year; worldwide...",PR Newswire (U.S.),3079,0
13,NKE,13,20060627,1725,DJ Nike 4Q Net Falls 5% As Cost Of Sales Rise >NKE,Dow Jones Chinese Financial Wire,189,0
14,NKE,14,20060627,1817,WSJ UPDATE: Nike Fiscal 4Q Net Declines 5%,Dow Jones News Service,684,0
15,NKE,15,20060627,1731,Nike Sees Fiscal 1Q EPS Flat-To-Down Before Option Costs,Dow Jones News Service,513,0
16,NKE,16,20060627,1644,UPDATE:Nike Posts 5% Decline In 4Q Net On Converse Charge,Dow Jones News Service,359,0
17,NKE,17,20060627,1615,"NIKE, Inc. Reports Fiscal 2006 EPS Growth Of 18 %",Dow Jones News Service,189,0
18,NKE,18,20060627,NA,"Nike, Inc. Issues Q1, FY 2007 Revenue Guidance-Conference Call",Reuters Significant Developments,70,0
19,NKE,19,20060627,1742,Nike CEO sees 1st-qtr EPS flat to down,Reuters News,99,0
20,NKE,20,20060627,1630,TABLE-Nike Q4 net income falls,Reuters News,91,0
21,NKE,21,20060627,1629,After the Bell -Nike shares fall on Inet after earnings,Reuters News,76,0
22,NKE,22,20060627,1622,"UPDATE 3-Nike qtly profit down, sees 1st-qtr cost pressures",Reuters News,724,0
23,NKE,23,20060627,NA,Nike turns pedestrian classic to high brow --- Converse shoe loses antifashion image; keeping a low profile,The Wall Street Journal Asia,1006,0
24,NKE,24,20060626,904,"Seven Summits Research Releases Comments on BHI, NKE, INTC, GLW, and AA",PR Newswire (U.S.),393,0
25,NKE,25,20060623,2246,Crystal Method gives Nike a run for its money,Reuters News,412,0
26,NKE,26,20060622,2018,UPDATE 1-Nike hires Gap exec Lee Bird to run smaller brands,Reuters News,355,0
27,NKE,27,20060623,NA,Nike Takes Chuck Taylors From Antifashion to Fashionista,The Wall Street Journal,1139,0
28,NKE,28,20060623,NA,Nike makes Converse trendy again,The Wall Street Journal Europe,996,0
29,NKE,29,20060622,1723,"Nike hires Bird to run Converse, Cole Haan, others",Reuters News,144,0
30,NKE,30,20060622,1701,"NIKE, Inc. Hires Lee Bird to Head Subsidiaries",PR Newswire (U.S.),399,0
31,NKE,31,20060622,1702,"NIKE, Inc. Hires Lee Bird To Head Subsidiaries",Dow Jones News Service,105,0
32,NKE,32,20060621,NA,Business Brief: Nike Inc.,The Wall Street Journal Europe,107,0
33,NKE,33,20060620,NA,Business Brief -- Nike Inc.: Board Approves Buyback Plan As Prior Program Ends Early,The Wall Street Journal,123,0
34,NKE,34,20060620,NA,Nike announces share buy-back NEWS DIGEST.,Financial Times,238,0
35,NKE,35,20060619,2215,"HK Yue Yuen Indus Apr, May Rev US$669.7M; Up 20% On Year",Dow Jones International News,351,0
36,NKE,36,20060619,2317,"DJ HK Yue Yuen Indus Apr, May Rev US$669.7M; Up 20% On Year",Dow Jones Chinese Financial Wire,349,0
37,NKE,37,20060620,800,RLI Appoints Barbara Allen to Board,PR Newswire (U.S.),337,0
38,NKE,38,20060620,600,"For Nine Million Refugee Youth, A Chance to Learn and Play; UN Refugee Agency Launches Innovative Global Campaign With Corporate Partners to...",PR Newswire (U.S.),1211,0
39,NKE,39,20060620,1201,"For Nine Million Refugee Youth, A Chance to Learn and Play",PR Newswire Europe,1469,0
40,NKE,40,20060619,NA,FT.com site : Nike in $3bn share buy-back.,Financial Times (FT.Com),307,0
41,NKE,41,20060619,901,"Nike, Inc. Announces New $3B Shr Repurchase Program",Dow Jones News Service,70,0
42,NKE,42,20060619,NA,Business Brief: Nike Inc.,The Wall Street Journal Asia,127,0
43,NKE,43,20060619,NA,"Nike, Inc. Announces New $3 Billion Share Repurchase Program",Reuters Significant Developments,70,0
44,NKE,44,20060619,914,Nike plans $3 bln share buyback,Reuters News,63,0
45,NKE,45,20060619,741,"UPDATE 1-Yue Yuen's H1 net jumps but oil, duties to weigh",Reuters News,349,0
46,NKE,46,20060619,637,"Yue Yuen says H1 net up 15.1 pct, beats forecast",Reuters News,170,0
47,NKE,47,20060619,900,"Nike, Inc. Announces New $3 Billion Share Repurchase Program",PR Newswire (U.S.),412,0
48,NKE,48,20060616,1224,China Court Rules In Nike's Favor In Illustration Dispute,Dow Jones International News,245,0
49,NKE,49,20060615,2024,DJ China Court Rules In NIke's Favor In Illustration Dispute,Dow Jones Commodities Service,255,0
50,NKE,50,20060614,NA,Nike makes the early running in the battle of the brands - The American group has achieved an edge over its German rivals on the pitch but...,Financial Times,805,0
51,NKE,51,20060612,1717,"NIKE, Inc. to Webcast Earnings and Conference Call",PR Newswire (U.S.),282,0
52,NKE,52,20060611,2406,GERMAN PRESS: Adidas Aims To Overtake Nike,Dow Jones International News,106,0
53,NKE,53,20060608,1335,Nike's quest for soccer dominance is long-term,Reuters News,639,0
54,NKE,54,20060604,NA,Dressed to a Tee,The New York Times,302,0
55,NKE,55,20060531,1111,"Nike Opens Fourth Factory Store in New York; Company donates $5,000 cash and product grant to Local Boys and Girls Club to Help Kids Get...",PR Newswire (U.S.),564,0
56,NKE,56,20060531,1110,"Nike Opens Its First Factory Store in Louisiana; Company donates $5,000 cash and product grant to Local Boys and Girls Club to Help Kids Get...",PR Newswire (U.S.),559,0
57,NKE,57,20060531,1107,"Nike Opens Its Second Factory Store in Illinois; Company donates $5,000 cash and product grant to Local Boys and Girls Club to Help Kids Get...",PR Newswire (U.S.),551,0
58,NKE,58,20060531,1044,"Nike Opens Its Eleventh Factory Store in Florida; Company donates $5,000 cash and product grant to Local Boys and Girls Club to Help Kids...",PR Newswire (U.S.),583,0
59,NKE,59,20060525,2242,RPT-UPDATE 1-Gokaldas hopes to maintain sales growth in FY07,Reuters News,189,0
60,NKE,60,20060525,1040,UPDATE 1-Gokaldas hopes to maintain sales growth in FY07,Reuters News,181,0
61,NKE,61,20060524,NA,"Apple Computer, Inc. And Nike, Inc. Link Sneakers And iPod-WSJ",Reuters Significant Developments,113,0
62,NKE,62,20060524,NA,"Apple Computer, Inc. And Nike Link Sneakers And iPod-WSJ",Reuters Significant Developments,112,0
63,NKE,63,20060524,1416,TECH VIEW: Will Apple Start Making Perfume Next?,Dow Jones News Service,710,0
64,NKE,64,20060524,NA,News in Depth: Pitched battle: Adidas and Nike fight for top spot at World Cup --- German company gets official sponsorship; U.S. rival bets...,The Wall Street Journal Asia,2000,0
65,NKE,65,20060523,NA,"World Cup: Germany 2006 --- Pitched Battle: At soccer's World Cup, Adidas, Nike compete for supremacy --- German giant sponsors tourney...",The Wall Street Journal Europe,1987,0
66,NKE,66,20060523,1300,UPDATE 3-Nike and Apple tell runners: 'It's worth it',Reuters News,743,0
67,NKE,67,20060523,2409,Nike shoes talk to Apple's iPod in new system,Reuters News,78,0
68,NKE,68,20060523,NA,"Pitched Battle: At World Cup, Nike and Adidas Fight for Top Spot --- German Firm, Long No. 1, Gets Official Sponsorship Deals; U.S. Rival...",The Wall Street Journal,2007,0
69,NKE,69,20060523,1857,UPDATE: Nike And Apple Team Up On New IPod Product,Dow Jones Business News,301,0
70,NKE,70,20060523,1757,UPDATE: Nike And Apple Team On iPod Product Line,Dow Jones News Service,288,0
71,NKE,71,20060523,1158,Nike And Apple Team Up To Launch Nike+iPodGlobal,Dow Jones News Service,173,0
72,NKE,72,20060522,1345,2006 American Express(TM) Women's Golf Week Presented by Golf For Women Magazine Set for June 3-10; The Event Benefits the American Heart...,PR Newswire (U.S.),844,0
73,NKE,73,20060521,NA,Pitch Perfect,The New York Times,178,0
74,NKE,74,20060520,NA,Hackney accuses Nike of cashing in on its logo.,Financial Times,408,0
75,NKE,75,20060519,118,GERMAN PRESS: Adidas CEO Sees More Consolidation Ahead,Dow Jones International News,92,0
76,NKE,76,20060517,912,Hot Stocks To Watch: FAL NKE V REDE NVS PFG,Dow Jones News Service,327,0
77,NKE,77,20060516,2056,DJ Nike: Arbitrator Awards Alon $52.5M In Damages >NKE,Dow Jones Chinese Financial Wire,167,0
78,NKE,78,20060516,NA,French officials investigate Nike,The Wall Street Journal Europe,206,0
79,NKE,79,20060516,1720,"NIKE, Inc. Announces Unfavorable Arbitration Ruling of Approximately US$52.5 Million Involving Converse Subsidiary",PR Newswire Europe,392,0
80,NKE,80,20060516,1630,"NIKE, Inc. Announces Unfavorable Arbitration Ruling of Approximately $52.5 Million Involving Converse Subsidiary",PR Newswire (U.S.),372,0
81,NKE,81,20060516,2431,"Guangdong Province, PRC - U.S. Golf Manufacturers Anti-Counterfeiting Working Group Deals Another Blow to Counterfeit Golf Factories",PR Newswire (U.S.),556,0
82,NKE,82,20060516,NA,"Tefron Ltd. Announces Partnership With Nike, Inc.",Reuters Significant Developments,90,0
83,NKE,83,20060516,1657,Nike: Arbitrator Awards Alon $52.5M In Damages,Dow Jones International News,168,0
84,NKE,84,20060516,1630,"NIKE, Inc. Announces Unfavorable Arbitration Ruling Of Approximately $52.5 M Involving Converse Unit",Dow Jones News Service,174,0
85,NKE,85,20060516,1658,UPDATE 1-Nike sees likely charge due to arbitration,Reuters News,196,0
86,NKE,86,20060516,1641,Nike sees likely charge due to arbitration,Reuters News,88,0
87,NKE,87,20060516,NA,France Investigates Nike's European Affiliate,The Wall Street Journal,213,0
88,NKE,88,20060515,1043,"Nike Opens Third Arizona Store; Company donates $5,000 cash and product grant to Local Boys and Girls Club to Help Kids Get Moving",PR Newswire (U.S.),576,0
89,NKE,89,20060515,1037,"Nike Opens Fifth Factory Store in Texas; Company donates $5,000 cash and product grant to Local Boys and Girls Club to Help Kids Get Moving",PR Newswire (U.S.),571,0
90,NKE,90,20060515,900,NIKE Declares Dividend,PR Newswire (U.S.),218,0
91,NKE,91,20060515,1135,Nike Europe Under Investigation In Soccer Transfer Probe,Dow Jones International News,213,0
92,NKE,92,20060515,NA,"Nike, Inc. Declares Quarterly Cash Dividend",Reuters Significant Developments,61,0
93,NKE,93,20060504,1310,Pony Names Rollen Jones CFO,PR Newswire (U.S.),199,0
94,NKE,94,20060504,949,Soccer-Nike rule out changes to Rooney boots,Reuters News,444,0
95,NKE,95,20060504,NA,Just don't do it - MUDLARK CLAY HARRIS.,Financial Times,54,0
96,NKE,96,20060502,NA,Foot injury may deny Rooney starring role in Nike campaign - Matthew Garrahan on how the player's unlucky break raises questions about...,Financial Times,660,0
97,NKE,97,20060427,231,"UPDATE 1-INTERVIEW-India's Gokaldas eyes Puma, Lotto order",Reuters News,405,0
98,NKE,98,20060426,1643,Nike says names Hoffman v.p. of brand design,Reuters News,64,0
99,NKE,99,20060418,NA,Nike Apparel Chief Leaves for IAC,The Wall Street Journal,420,0
100,NKE,100,20060417,919,Nike names new VP of global apparel business,Reuters News,123,0
