,Ticker,Index,Date,Time,Headline,Source,NumWords,missing
1,NKE,101,20071108,NA,Sports Direct sells Finnish Amer stake.,Financial Times,323,0
2,NKE,102,20071107,NA,Business Brief:  PPR SA,The Wall Street Journal Europe,154,0
3,NKE,103,20071105,1630,Nike Names Bert Hoyt Vice President of Global Football,PR Newswire (U.S.),620,0
4,NKE,104,20071105,1641,UPDATE 1- Nike names Hoyt VP and general manager of football,Reuters News,158,0
5,NKE,105,20071105,1630,Nike Names Bert Hoyt Vice President of Global Football,PR Newswire Europe,626,0
6,NKE,106,20071103,NA,SEVEN DAYS.,Financial Times,786,0
7,NKE,107,20071101,900,New NikeiD Studio Opens at NikeTown London Giving Consumers a Key to Unlock The World Of Design; London Design studio follows successful...,PR Newswire (U.S.),753,0
8,NKE,108,20071101,500,Nike ACG Outdoor Apparel Launches With Exclusive Styles Available at DICK'S Sporting Goods(R); - New Collection of Activewear and Outdoor...,PR Newswire (U.S.),662,0
9,NKE,109,20071031,NA,Sale rumour hits Johnson.,Financial Times,350,0
10,NKE,110,20071031,NA,Nike missed a chance to upset Ashley's Umbro play.,Financial Times,415,0
11,NKE,111,20071031,NA,Ashley doubles Umbro stake in Nike spoiler.,Financial Times,631,0
12,NKE,112,20071031,NA,Sports Direct raises stake in Umbro.,Financial Times,442,0
13,NKE,113,20071031,236,RPT-Sports Direct doubles Umbro stake to take on Nike,Reuters News,114,0
14,NKE,114,20071031,235,Sports Direct doubles Umbro stake to take on  Nike,Reuters News,109,0
15,NKE,115,20071030,NA,Incomparable Ashley.,Financial Times,285,0
16,NKE,116,20071030,NA,FT.com site : Sports Direct raises Umbro stake to 29.9%.,Financial Times (FT.Com),613,0
17,NKE,117,20071030,NA,FT.com site : Nike missed a chance to upset Ashley's Umbro play.,Financial Times (FT.Com),848,0
18,NKE,118,20071030,1737,UPDATE:  Nike's Offer For Umbro In Doubt As Sports Direct Doubles Stake,Dow Jones Business News,388,0
19,NKE,119,20071030,1348,3rd UPDATE: Sports Direct Ups Umbro Stake;  Nike Bid In Doubt,Dow Jones International News,620,0
20,NKE,120,20071030,1327,2nd UPDATE: Sports Direct Doubles Stake In Bid Target Umbro,Dow Jones International News,559,0
21,NKE,121,20071030,2436,UPDATE: Sports Direct Doubles Stake In Bid Target Umbro,Dow Jones International News,234,0
22,NKE,122,20071030,1453,DJ Sports Direct Ups Umbro Stake;  Nike Bid In Doubt,Dow Jones Chinese Financial Wire,606,0
23,NKE,123,20071030,2433,"Nike, LeBron James Celebrate Launch of Zoom LeBron V and New Basketball Campaign; 'Be Better Than Me'",PR Newswire (U.S.),682,0
24,NKE,124,20071029,NA,News in Depth: Running underground: Nike CEO taps 'influencers' to sharpen edge --- House built by athletes hires a tattoo artist; Mr...,The Wall Street Journal Asia,2244,0
25,NKE,125,20071027,NA,SEVEN DAYS.,Financial Times,772,0
26,NKE,126,20071026,NA,LK Bennett takes a turn on the selling block.,Financial Times,454,0
27,NKE,127,20071026,2436,NFL Athletes in Good Hands With New  Nike Glove Deal; Expanded League Agreement Allows Players to Wear  Nike Gloves On-Field,PR Newswire (U.S.),541,0
28,NKE,128,20071026,NA,Corrections & Amplifications,The Wall Street Journal Asia,212,0
29,NKE,129,20071026,NA,Corrections & Amplifications,The Wall Street Journal Europe,150,0
30,NKE,130,20071025,NA,How to steer on the right side of reality.,Financial Times,725,0
31,NKE,131,20071024,NA,Nike deal to buy Umbro will extend football hold,The Wall Street Journal Europe,276,0
32,NKE,132,20071024,NA,"Running Underground: To Sharpen Nike's Edge, CEO Taps 'Influencers' --- House Built by Athletes Hires a Tattoo Artist; Mr. Parker and the Twins",The Wall Street Journal,2231,0
33,NKE,133,20071024,NA,Pounds 285m move to be top brand.,Financial Times,360,0
34,NKE,134,20071024,NA,Three lions are crown jewels for Nike.,Financial Times,722,0
35,NKE,135,20071024,NA,Umbro's upside.,Financial Times,375,0
36,NKE,136,20071024,NA,Extreme competitor.,Financial Times,225,0
37,NKE,137,20071024,NA,Nike to become football's biggest brand if bid for Umbro succeeds.,Financial Times,351,0
38,NKE,138,20071024,NA,White shirt of England tops Nike's league.,Financial Times,644,0
39,NKE,139,20071024,NA,Nike in line to take top football brand spot if Umbro bid succeeds.,Financial Times,396,0
40,NKE,140,20071024,NA,Financial Times Deutschland:  Nike aims to become leading football supplier ( Nike greift Adidas beim Fusball an).,Financial Times Deutschland,183,0
41,NKE,141,20071024,NA,Corporate News:  Nike plans to buy Umbro to expand soccer foothold,The Wall Street Journal Asia,281,0
42,NKE,142,20071023,249,"NIKE, Inc. Reaches Agreement to Acquire Umbro",PR Newswire Europe,1140,0
43,NKE,143,20071023,944,3RD UPDATE:  Nike Agrees To Buy Umbro For $583 Million,Dow Jones Business News,608,0
44,NKE,144,20071023,551,2ND UPDATE:  Nike Agrees To Buy Umbro For $583 Million,Dow Jones Business News,526,0
45,NKE,145,20071023,435,UPDATE:  Nike Agrees To Buy Umbro For $583 Million,Dow Jones Business News,426,0
46,NKE,146,20071023,622,3rd UPDATE:  Nike Unveils GBP285 Mln Bid For Umbro,Dow Jones International News,739,0
47,NKE,147,20071023,441,2nd UPDATE:  Nike Unveils GBP285M Bid For UK's Umbro,Dow Jones International News,619,0
48,NKE,148,20071023,332,Nike Exec: Co Will Pay For Umbro Buy From Existing Funds,Dow Jones International News,220,0
49,NKE,149,20071023,213,UPDATE:  Nike Unveils GBP285M Bid For UK's Umbro,Dow Jones International News,320,0
50,NKE,150,20071023,203,Nike Makes Offer For Umbro,Dow Jones International News,432,0
51,NKE,151,20071023,1622,=DJ Nike CEO Sees Umbro Buy Fitting Long-Term Strategy,Dow Jones Chinese Financial Wire,446,0
52,NKE,152,20071023,249,DJ Nike Inc. To Buy Umbro PLC >NKE,Dow Jones Chinese Financial Wire,99,0
53,NKE,153,20071023,1517,Nike CEO Sees Umbro Buy Fitting Long-Term Strategy,Dow Jones News Service,448,0
54,NKE,154,20071023,216,"NIKE, Inc. Reaches Agreement To Acquire Umbro",Dow Jones News Service,101,0
55,NKE,155,20071023,1557,S&PBulletin:  NIKE Inc. Rtg Currently Unaffected By Umbro News,Dow Jones Capital Markets Report,11,0
56,NKE,156,20071023,NA,Room to Run for Under Armour? Maybe,The Wall Street Journal,1102,0
57,NKE,157,20071023,NA,ReneSola's horizons broaden.,Financial Times,349,0
58,NKE,158,20071023,NA,Nike expected to launch Pounds 280m bid for Umbro.,Financial Times,364,0
59,NKE,159,20071023,NA,No push-over on the field.,Financial Times,228,0
60,NKE,160,20071023,NA,FT.com site : Three lions are crown jewels for Nike.,Financial Times (FT.Com),718,0
61,NKE,161,20071023,NA,FT.com site : Nike agrees GBP285m Umbro deal.,Financial Times (FT.Com),839,0
62,NKE,162,20071023,216,"NIKE, Inc. Reaches Agreement to Acquire Umbro; Move significantly expands  Nike's global leadership in football",PR Newswire (U.S.),1116,0
63,NKE,163,20071023,NA,"Nike, Inc. Recommends Cash Offer For  Umbro Plc",Reuters Significant Developments,135,0
64,NKE,164,20071022,NA,Business Brief:  Umbro PLC,The Wall Street Journal Europe,125,0
65,NKE,165,20071022,1839,Nike May Launch GBP280M Bid For Umbro This Week - FT,Dow Jones International News,84,0
66,NKE,166,20071022,NA,FT.com site : Nike expected to launch GBP280m bid for Umbro.,Financial Times (FT.Com),363,0
67,NKE,167,20071020,NA,Nike still sees glorious hope in Umbro's dirtied English kit.,Financial Times,664,0
68,NKE,168,20071020,NA,JJB buys Umbro stake ahead of possible Nike bid.,Financial Times,460,0
69,NKE,169,20071020,NA,Nike targets Umbro to help take on Adidas.,Financial Times,561,0
70,NKE,170,20071019,NA,FT.com site : Nike targets Umbro to help take on Adidas.,Financial Times (FT.Com),561,0
71,NKE,171,20071019,NA,FT.com site : JJB buys Umbro stake ahead of possible Nike bid.,Financial Times (FT.Com),450,0
72,NKE,172,20071019,1308,UPDATE:  JJB Sports Buys Umbro Stake To Protect Interests,Dow Jones International News,217,0
73,NKE,173,20071019,2417,JJB: Bought Umbro Stake To Protect Business Interests,Dow Jones International News,164,0
74,NKE,174,20071019,411,Umbro Shares Continue To Rise On  Nike Takeover Talk,Dow Jones International News,356,0
75,NKE,175,20071019,1051,Sri Lanka inflation hurting clothing sector -MAS,Reuters News,392,0
76,NKE,176,20071019,333,RESEARCH ALERT-Seymour Pierce raises Umbro to hold,Reuters News,98,0
77,NKE,177,20071019,NA,Nike looks to lace up Umbro.,Financial Times,355,0
78,NKE,178,20071019,NA,Nike's two-way bet.,Financial Times,206,0
79,NKE,179,20071019,NA,Nike tipped as suitor for Umbro.,Financial Times,399,0
80,NKE,180,20071019,NA,Nike behind bid for Umbro.,Financial Times,293,0
81,NKE,181,20071018,1349,Nike Has No Comment On Report It Approached Umbro,Dow Jones International News,196,0
82,NKE,182,20071018,1336,Nike Has No Comment On Report It Approached Umbro,Dow Jones News Service,196,0
83,NKE,183,20071018,1155,Nike is behind Umbro takeover approach- sources,Reuters News,104,0
84,NKE,184,20071018,929,"UPDATE 4-UK's Umbro gets approach, sources say it's  Nike",Reuters News,474,0
85,NKE,185,20071018,442,UPDATE 2-INTERVIEW-  Nike expects $1 billion China sales in year,Reuters News,466,0
86,NKE,186,20071018,415,Nike expects $1 billion China sales within a year,Reuters News,113,0
87,NKE,187,20071018,NA,FT.com site : Nike behind bid for Umbro.,Financial Times (FT.Com),423,0
88,NKE,188,20071017,1601,"Nautilus, Inc. Names Seasoned Fincl Steward, Former Nike CFO Robert S. Falcone, Pres And Chief Executive Officer",Dow Jones News Service,98,0
89,NKE,189,20071017,1620,Nautilus appoints new CEO,Reuters News,78,0
90,NKE,190,20071015,1838,Photo Advisory -- LeBron V Shoe Launches In Shanghai,PR Newswire Europe,309,0
91,NKE,191,20071014,NA,The New Advertising Outlet: Your Life,The New York Times,2391,0
92,NKE,192,20071010,NA,Noted...,The Wall Street Journal,361,0
93,NKE,193,20071009,657,Yue Yuen September Operating Revenue US$348M; Up 14% On Yr,Dow Jones International News,157,0
94,NKE,194,20071009,806,DJ Yue Yuen September Operating Revenue US$348M; Up 14% On Yr,Dow Jones Chinese Financial Wire,155,0
95,NKE,195,20071009,901,"Nike Names Jill Stanton Vice Pres, Global Apparel, And Roger Wyett, CEO,  Hurley International",Dow Jones News Service,82,0
96,NKE,196,20071009,918,Nike names new CEO for Hurley International,Reuters News,127,0
97,NKE,197,20071009,900,"Nike Names Jill Stanton Vice President, Global Apparel, and Roger Wyett, CEO,  Hurley International; Joe Serino is New Head of USapparel; Company Also Names Jayme Martin Head of Americas Region",PR Newswire (U.S.),833,0
98,NKE,198,20071004,1329,Nike Opens New NIKEiD Studio in New York Giving Consumers a Key to Unlock the World of Design; Retail Space is First-of-its-Kind in North...,PR Newswire (U.S.),889,0
99,NKE,199,20071003,NA,"To the Nike Swoosh, Add Indian Artifacts",The New York Times,821,0
100,NKE,200,20071003,NA,"TO THE NIKE SWOOSH, ADD INDIAN ARTIFACTS",The New York Times Abstracts,109,0
