,Ticker,Index,Date,Time,Headline,Source,NumWords,missing
1,NKE,1,20080630,1909,Consumer Reports Rates Running Shoes: Nike Air Zoom Vomero+2 Tops Ratings in Men's and Women's Categories,PR Newswire (U.S.),706,0
2,NKE,2,20080630,NA,Nike plans Olympic advert blitz in China,Financial Times (FT.Com),410,0
3,NKE,3,20080630,NA,"Nike, Inc. Debuts Team USA's Footwear and Apparel",Reuters Significant Developments,40,0
4,NKE,4,20080627,NA,Corporate News: Nike ends year on 12% profit rise,The Wall Street Journal Asia,229,0
5,NKE,5,20080626,2410,15 companies set to gain from obesity boom-analysts,Reuters News,405,0
6,NKE,6,20080626,NA,STOCKS NEWS EUROPE-Europe shares cling to losses as US slides,Reuters News,397,0
7,NKE,7,20080626,954,Earnings Digest: Nike's Profit Rises 12%,The Wall Street Journal,2574,0
8,NKE,8,20080626,NA,MARKET SNAPSHOT: U.S. Stocks Sharply Off; Dow Poised For Worst Close Since 2006,Dow Jones Business News,376,0
9,NKE,9,20080626,1335,MARKET SNAPSHOT: U.S. Stocks Move Sharply Lower; GM Shares Sink 10%,Dow Jones Business News,759,0
10,NKE,10,20080626,2418,UPDATE: Nike Shares Down 7.5% On Dimmer Growth Outlook,Dow Jones Business News,612,0
11,NKE,11,20080626,1123,DJ Hot Stocks: NKE,Dow Jones Chinese Financial Wire,588,0
12,NKE,12,20080626,1001,DJ Hot Stocks: NKE,Dow Jones Chinese Financial Wire,527,0
13,NKE,13,20080626,1017,DJ Hot Stocks to Watch: NKE,Dow Jones Chinese Financial Wire,722,0
14,NKE,14,20080626,1440,BEFORE THE BELL: Futures Sharply Lower On Weak Outlooks,Dow Jones News Service,36,0
15,NKE,15,20080626,1419,"Nike's 4th-quarter net rose 12%, helped by growth outside U.S.",The Wall Street Journal Europe,36,0
16,NKE,16,20080626,1027,"Nike, Inc. Reaffirms FY 2009 Revenue Guidance-DJ",Reuters Significant Developments,36,0
17,NKE,17,20080626,833,Leading the News: Li Ning's Olympic deal hits hurdle --- Ambush marketing is being curtailed at the Beijing Games,The Wall Street Journal Asia,38,0
18,NKE,18,20080626,754,NIke's Umbro brand to dilute EPS by 10 cents in 09,Reuters News,743,0
19,NKE,19,20080626,NA,After the Bell-Nike shares fall after results,Reuters News,329,0
20,NKE,20,20080626,NA,UPDATE 4-Nike profit up but shares tumble on US concerns,Reuters News,53,0
21,NKE,21,20080625,NA,"Nike posts net profit rise, helped by int'l sales",Reuters News,805,0
22,NKE,22,20080624,2258,=DJ Nike Still Sees 2009 Rev Growth In High Single Digits >NKE,Dow Jones Chinese Financial Wire,807,0
23,NKE,23,20080625,NA,=DJ Nike 4Q Net Up 12% Amid Continued Overseas Growth,Dow Jones Chinese Financial Wire,713,0
24,NKE,24,20080625,1740,Business Brief: Yue Yuen Industrial (Holdings),The Wall Street Journal Asia,84,0
25,NKE,25,20080625,1651,Earnings Digest Brief -- Yue Yuen Industrial (Holdings): Profit Grew 23% in Half On Rise in Output Capacity,The Wall Street Journal,80,0
26,NKE,26,20080625,1647,Nike 6.0 Goes Viral With Online Social Community on the Loop'd Network; First viral action sports Mash-up Widget allows community member...,PR Newswire (U.S.),775,0
27,NKE,27,20080625,1622,"Seven Summits Research Releases Comments on MON, BA, WAG, NKE and KR",PR Newswire (U.S.),225,0
28,NKE,28,20080625,1834,=DJ UPDATE: Yue Yuen Industrial 1H Net Up 23% To US$209.3 Mln,Dow Jones Chinese Financial Wire,258,0
29,NKE,29,20080625,1740,DJ Yue Yuen Industrial 1H Net Pft US$209.3 Mln Vs US$169.6 Mln,Dow Jones Chinese Financial Wire,463,0
30,NKE,30,20080625,1744,Adidas CEO hails Euro 2008 sales rise,Reuters News,303,0
31,NKE,31,20080625,1653,Nike Will Allow Rival Suit,The New York Times,367,0
32,NKE,32,20080625,1633,Nike Lets Sponsored US Olympic Hopefuls Wear Speedo Swimwear,Dow Jones International News,298,0
33,NKE,33,20080624,NA,PepsiCo's (PEP) Gatorade Taps Innovative Sports & Entertainment Marketer Sarah Robb O'Hagan as Chief Marketing Officer,PR Newswire (U.S.),140,0
34,NKE,34,20080624,NA,"Nike Canada Hires Organic, Inc. as Its Digital Agency of Record; All Digital Work Consolidated under Organic - - Agency Poised to Engage...",PR Newswire (U.S.),180,0
35,NKE,35,20080624,NA,DJ Yue Yuen May Operating Revenue US$444.4 Mln,Dow Jones Chinese Financial Wire,118,0
36,NKE,36,20080624,545,PRESS DIGEST - Russia - June 7,Reuters News,735,0
37,NKE,37,20080623,931,"Network CN Launches Out-of-Home Media Network; - Visa, McDonald's, Coca-Cola, Mercedes Benz, Adidas, Shisheido, Nike, Siemens, Lenovo and Other Major Corporations Sign On",PR Newswire (U.S.),398,0
38,NKE,38,20080623,201,BRO KNOWS FOOTBALL,The New York Times,370,0
39,NKE,39,20080622,2158,UPDATE 1-RESEARCH ALERT-CS raises Nike price target,Reuters News,234,0
40,NKE,40,20080616,824,"Green tech innovations save cash, and planet - group",Reuters News,255,0
41,NKE,41,20080615,NA,"NIKE Signs Outsourcing Contract With Siemens IT Solutions And Services, Inc.",Dow Jones News Service,109,0
42,NKE,42,20080614,1955,"NIKE Signs Outsourcing Contract with Siemens IT Solutions and Services, Inc.",PR Newswire (U.S.),464,0
43,NKE,43,20080613,1015,"NIKE Signs Outsourcing Contract With Siemens AG's Siemens IT Solutions and Services, Inc.",Reuters Significant Developments,617,0
44,NKE,44,20080611,1703,DJ Hot Stocks: NKE,Dow Jones Chinese Financial Wire,505,0
45,NKE,45,20080610,2017,Nike Names Keith Houlemard To Lead Jordan Brand,Dow Jones News Service,176,0
46,NKE,46,20080607,156,UPDATE 1-Nike names company veteran to lead Jordan brand,Reuters News,242,0
47,NKE,47,20080602,750,Nike may buy rival to boost Asian business-report,Reuters News,974,0
48,NKE,48,20080601,NA,NYSE Most Actives- Composite Trades,Dow Jones News Service,1905,0
49,NKE,49,20080528,1127,Stanford helped to make Converse star.,Financial Times,226,0
50,NKE,50,20080520,1927,Yue Yuen April Operating Revenue US$430.9 Million,Dow Jones International News,323,0
51,NKE,51,20080515,801,"Nike, Adidas Marketing War Courts China's Athletes, Consumers",Dow Jones News Service,85,0
52,NKE,52,20080515,800,Corporate News: Adidas Wins Suit Against Shoe Chain Over Trademark,The Wall Street Journal,519,0
53,NKE,53,20080515,NA,Co-branded Nike-Finish Line store targets runners,Reuters News,129,0
54,NKE,54,20080514,1141,Adidas Profit Rose 32% in Quarter,The Wall Street Journal,60,0
55,NKE,55,20080430,839,Starwood Hotels & Resorts Worldwide Inc.,WSJ Blogs,56,1
56,NKE,56,20080514,1300,Business Brief: Adidas AG,The Wall Street Journal Asia,70,0
57,NKE,57,20080514,1313,Nike And Finish Line Create New Running And Training Retail Experience,Dow Jones News Service,208,0
58,NKE,58,20080514,315,"Nike, Finish Line open Finish Line Ltd store",Reuters News,197,0
59,NKE,59,20080512,1842,"Nike, Inc. and Finish Line, Inc. Create New Running and Training Retail Experience",Reuters Significant Developments,150,0
60,NKE,60,20080512,NA,Counterfeit Golf Equipment Supplier Sentenced to Jail,PR Newswire (U.S.),996,0
61,NKE,61,20080509,548,ACS Awarded Multi-Year ITO Contract Extension With NIKE,PR Newswire (U.S.),171,0
62,NKE,62,20080509,653,"Seven Summits Research Releases Alerts on MER, BA, TGT, NKE, and CENX",PR Newswire (U.S.),177,0
63,NKE,63,20080509,1312,CIRCUITS Nike Sports Watch Collects Data for Runners,The New York Times,1339,0
64,NKE,64,20080508,NA,NYSE Most Actives- Composite Trades,Dow Jones News Service,347,0
65,NKE,65,20080506,2038,Bauer Hockey Appoints Kevin Davis President & Chief Executive Officer,PR Newswire (U.S.),553,0
66,NKE,66,20080507,NA,"Nike, Inc. Completes Sale Of Bauer Hockey",Reuters Significant Developments,457,0
67,NKE,67,20080507,NA,Nike Completes Sale Of Bauer Hockey,Dow Jones News Service,494,0
68,NKE,68,20080506,2017,INTERVIEW-UPDATE 1-Head of Nike's Jordan brand looks abroad,Reuters News,112,0
69,NKE,69,20080507,NA,"Police Seize $25M In Counterfeit Sneakers, Other Knockoffs",Dow Jones News Service,150,0
70,NKE,70,20080506,900,CFA TOP AFTERNOON NEWS: Judge Sends Wornick's Bankruptcy Plan To Creditors For Vote,Dow Jones Corporate Filings Alert,11,0
71,NKE,71,20080506,916,WSJ.COM/Golf Blog: Inside Nike's Coloring Book,Dow Jones News Service,103,0
72,NKE,72,20080506,NA,Yue Yuen March Operating Revenue US$391M; Up 21% On Year,Dow Jones International News,64,0
73,NKE,73,20080429,1652,"Nike Extends Sponsorship Of U.S. Olympic, Paralympic Teams Through 2012",Dow Jones News Service,509,0
74,NKE,74,20080429,600,Vietnam Workers Return To  Nike Contract Plant After Wage Row,Dow Jones International News,681,0
75,NKE,75,20080428,931,Business Brief:  Yue Yuen Industrial (Holdings),The Wall Street Journal Asia,514,0
76,NKE,76,20080424,NA,DJ Yue Yuen Oct-Dec Unaudited Net Profit US$99.76M Vs US$92.42M,Dow Jones Chinese Financial Wire,192,0
77,NKE,77,20080418,1912,Leading the News: Vietnamese strike as pay gets pinched by inflation,The Wall Street Journal Asia,154,0
78,NKE,78,20080417,1011,"UPDATE:20,000 Vietnam Workers Strike At  Nike Contract Factory",Dow Jones International News,706,0
79,NKE,79,20080417,NA,WSJ UPDATE:  Nike Workers Strike In Vietnam Amid Inflation,Dow Jones News Service,52,0
