,Ticker,Index,Date,Time,Headline,Source,NumWords,missing
1,NKE,1,20051229,1802,WSJ: Intel To Announce Major Branding Changes,Dow Jones News Service,868,0
2,NKE,2,20051222,NA,"Corporate News: Nike profit rises 15%, led by stronger sales --- Sneaker firm warns of increasing costs and softer markets",The Wall Street Journal Asia,422,0
3,NKE,3,20051221,NA,"Nike posts rise of 15% in profit, sees higher costs",The Wall Street Journal Europe,333,0
4,NKE,4,20051221,902,"MORNING UPDATE: Seven Summits Research Issues Alerts for PALM, NKE, FDX, JBL, and BMET",PR Newswire (U.S.),1063,0
5,NKE,5,20051221,NA,"Nike Net Rises 15% as Higher Costs, Weak Sales Loom",The Wall Street Journal,533,0
6,NKE,6,20051221,NA,Nike has 'the right game plan' - EMERGING MARKETS.,Financial Times,267,0
7,NKE,7,20051221,NA,FT.com site : Nike's Perez targets emerging markets.,Financial Times (FT.Com),399,0
8,NKE,8,20051220,2006,DJ Nike CEO Says Review Shows Company Is On The Right Track,Dow Jones Chinese Financial Wire,173,0
9,NKE,9,20051220,1754,"Nike sees 'mid single-digit' growth in Q3, Q4",Reuters News,122,0
10,NKE,10,20051220,1659,"After the Bell-Nike, video game publishers fall on Inet",Reuters News,185,0
11,NKE,11,20051220,1648,"After the Bell-Nike, video game publishers fall on Inet",Reuters News,242,0
12,NKE,12,20051220,1641,TABLE-Nike Q2 earnings rise,Reuters News,73,0
13,NKE,13,20051220,1624,UPDATE 5-Nike net rises but orders disappoint; shares fall,Reuters News,744,0
14,NKE,14,20051220,702,"STOCKS NEWS US-After the Bell-Nike, video game publishers fall",Reuters News,689,0
15,NKE,15,20051220,1812,UPDATE: Nike Beats Profit Forecast; Futures Orders Slam Stock,Dow Jones Business News,321,0
16,NKE,16,20051220,1734,"DJ Nike 2Q Net Up 15%; Rev Up 10% On Strength In US, Americas",Dow Jones Chinese Financial Wire,177,0
17,NKE,17,20051220,1825,WSJ UPDATE: Nike 2Q Net Up 15%; Sees Margin Pressure,Dow Jones News Service,582,0
18,NKE,18,20051220,1725,Nike CEO: Review Shows Company Is On The Right Track,Dow Jones News Service,353,0
19,NKE,19,20051220,1701,NEWS WRAP: Nike 2Q Net Up 15% On Strong U.S. Sales,Dow Jones News Service,248,0
20,NKE,20,20051220,1615,"NIKE Reports 2Q EPS Of $1.14, Up 18 % From Prior Yr",Dow Jones News Service,431,0
21,NKE,21,20051219,653,STOCKS NEWS US -U.S. earnings diary for Dec. 20,Reuters News,1124,0
22,NKE,22,20051215,1925,ESPN signs exclusive ad deals for Mobile ESPN,Reuters News,199,0
23,NKE,23,20051214,929,"RESEARCH ALERT-Citigroup starts Nike, two others",Reuters News,195,0
24,NKE,24,20051214,1500,WSJ.COM/Season's Subtotal: Holiday Sales News Tracker,Dow Jones News Service,812,0
25,NKE,25,20051209,NA,"Counterfeit for Christmas --- Gift Givers Tap New Source As Travel to China Eases, Knockoff Quality Improves",The Wall Street Journal,1009,0
26,NKE,26,20051205,NA,"How investors can cash in on dividend spree --- Payouts hit records, but usual industries aren't best options",The Wall Street Journal Europe,810,0
27,NKE,27,20051203,NA,TRADING CHIC FOR VOLUME IN SHOE SALES,The New York Times Abstracts,32,0
28,NKE,28,20051203,NA,Trading Chic For Volume In Shoe Sales,The New York Times,844,0
29,NKE,29,20051203,NA,"How to Cash In On Dividends --- Payouts Hit Record Levels, But Not Where You'd Expect; A Banking-Industry Comeback",The Wall Street Journal,1560,0
30,NKE,30,20051130,1411,"Portland A Good Fit For Shoe Designers, Marketers",Dow Jones News Service,886,0
31,NKE,31,20051123,NA,Nike switches agency in China --- Independent firm Wieden gets pre-Olympics account in setback for WPP unit,The Wall Street Journal Europe,592,0
32,NKE,32,20051123,NA,Leading the News: Nike shifts China ad agency --- Switch ahead of Olympics to independent firm is blow to WPP Group unit,The Wall Street Journal Asia,601,0
33,NKE,33,20051123,NA,Nike Switches China Ad Account To Wieden in Blow to WPP Unit,The Wall Street Journal,593,0
34,NKE,34,20051122,1024,Nike CEO Describes Drama To Land Company Plane Safely,Dow Jones International News,413,0
35,NKE,35,20051121,1505,DJ Distressed Nike Corp Jet Lands Without Apparent Incident,Dow Jones Commodities Service,78,0
36,NKE,36,20051121,1505,DJ Nike Pres On Board Distressed Plane -CNBC,Dow Jones Commodities Service,84,0
37,NKE,37,20051121,NA,"Gulfstream Jet Touches Down Safely in Oregon; General Motors to Eliminate 30,000 Jobs",CNN: Live From...,9656,0
38,NKE,38,20051121,1517,Nike jet lands safely in Oregon,Reuters News,61,0
39,NKE,39,20051121,1515,RPT-Nike says chairman Knight not on crippled flight,Reuters News,153,0
40,NKE,40,20051121,1536,UPDATE 5-Nike plane with CEO lands safely after problems,Reuters News,316,0
41,NKE,41,20051121,1327,Nike plane circling Portland with nose gear problem,Reuters News,133,0
42,NKE,42,20051121,530,"RESEARCH ALERT-JP Morgan cuts Nike to ""neutral"" -MarketWatch",Reuters News,66,0
43,NKE,43,20051121,1538,UPDATE: Nike Jet With Landing Gear Trouble Lands Safely,Dow Jones International News,416,0
44,NKE,44,20051121,1410,2nd UPDATE: Nike Corporate Jet To Make Emergency Landing,Dow Jones International News,286,0
45,NKE,45,20051121,1338,UPDATE: Nike Corp Jet May Make Emergency Landing In Oregon,Dow Jones International News,259,0
46,NKE,46,20051121,1407,J.P. Morgan Shines Spotlight On Apparel Sector,Dow Jones News Service,937,0
47,NKE,47,20051119,NA,Nike Approves Dividend Increase,The Wall Street Journal,97,0
48,NKE,48,20051118,917,Nike raises dividend by 24 percent,Reuters News,62,0
49,NKE,49,20051118,900,"Nike, Inc. Appoints Apple COO Timothy D. Cook To Bd Of Directors",Dow Jones News Service,12,0
50,NKE,50,20051118,1703,Dividends Reported November 18,Dow Jones News Service,1078,0
51,NKE,51,20051115,600,"Fashion and Technology, Perfectly Matched: eBags, Inc. Launches 6pm.com; 6pm.com Provides an Innovative Shopping Experience Through Dynamic...",PR Newswire (U.S.),738,0
52,NKE,52,20051114,1845,Standard & Poor's Announces Changes to the S&P Global 100 Index,PR Newswire (U.S.),412,0
53,NKE,53,20051111,NA,Shenzhou relaunches IPO --- Price of $101 million deal is at top of lowered range of Hong Kong-listed firm,The Wall Street Journal Asia,416,0
54,NKE,54,20051111,NA,Nike Relaunches Kobe Bryant After Two Years of Prep Work,The Wall Street Journal,1199,0
55,NKE,55,20051111,NA,Ahead of the Tape,The Wall Street Journal,421,0
56,NKE,56,20051110,605,UPDATE: Shenzhou Intl Sells US$101M HK IPO; HK$2.625/Shr,Dow Jones International News,440,0
57,NKE,57,20051107,NA,Adidas completes sale of shares,The Wall Street Journal Europe,155,0
58,NKE,58,20051107,NA,Business Brief -- Adidas-Salomon AG: Stock Sale Raises $766 Million Ahead of Reebok Purchase,The Wall Street Journal,160,0
59,NKE,59,20051107,NA,"Cole Haan, Loehmann's Incorporated and Friedman's Jewelers Select MapInfo Corporation Technology",Reuters Significant Developments,50,0
60,NKE,60,20051107,NA,Adidas completes sale of shares,The Wall Street Journal Asia,161,0
61,NKE,61,20051104,1947,Former Nike France Exec Placed Under Investigation-Source,Dow Jones International News,193,0
62,NKE,62,20051026,NA,International Investor Brief: Shenzhou cancels its IPO after discord over pricing,The Wall Street Journal Asia,187,0
63,NKE,63,20051024,839,"UPDATE 4-Reebok posts profit jump, but lower sales",Reuters News,649,0
64,NKE,64,20051024,2438,UPDATE: Reebok's 3Q Net Up 44% On Gain; Sales Decline,Dow Jones News Service,565,0
65,NKE,65,20051014,NA,"Despite Butterflies, Wie Is Steady In Pro Debut",The New York Times,883,0
66,NKE,66,20051013,940,Argentina's Alpargatas To Manufacture Nike Shoes,Dow Jones International News,135,0
67,NKE,67,20051013,NA,Shenzhou IPO Range Aims for $115 Million --- Chinese Knitwear Exporter Could Benefit if the Sector Revives After Trade Fights,The Asian Wall Street Journal,739,0
68,NKE,68,20051013,1605,DJ Argentina's Alpargatas To Manufacture Nike Shoes >ALPA.BA,Dow Jones Commodities Service,146,0
69,NKE,69,20051006,NA,Nike to Target Women's Golf With a Prodigy,The Asian Wall Street Journal,1019,0
70,NKE,70,20051005,NA,Michelle Wie Wins A Deal Helping Nike Target Women Golfers,The Wall Street Journal,1212,0
71,NKE,71,20051005,NA,"With Prodigy on Board, Nike Shoots for Women's Golf",The Wall Street Journal Europe,892,0
72,NKE,72,20051005,NA,International News Brief: Adidas-Salomon AG,The Asian Wall Street Journal,109,0
73,NKE,73,20051004,1100,"Nike, Inc. Debuts New Unified Logo and Brand Direction for Bauer and Its Global Nike Hockey Businesses Move Designed to Strengthen Product...",PR Newswire (U.S.),639,0
74,NKE,74,20051004,326,Adidas-Salomon And Reebok Announce Expiration Of Hart-Scott-Rodino Waiting Period For Proposed Acquisition,Dow Jones News Service,186,0
75,NKE,75,20051003,1045,CHINA VIEW: Consumer-Focused Cos. Eye Holiday Spending,Dow Jones News Service,979,0
