,Ticker,Index,Date,Time,Headline,Source,NumWords,missing
1,NKE,1,20121231,711,=DJ CFA Retail:Insider Review For Week Ended Dec. 28,Dow Jones Institutional News,1096,0
2,NKE,2,20121231,844,=DJ CFA Substantial Insider Sales: Morning Report,Dow Jones Institutional News,1019,0
3,NKE,3,20121228,1545,Nike (NKE) Mkt On Close Sell Imbalance: Shrs 73000,Dow Jones News Service,9,0
4,NKE,4,20121225,1921,"Los Angeles Lakers' Kobe Bryant wears a Christmas Day holiday season version of the Nike Kobe 8 System basketball shoes, during the NBA basketball game against the New York Knicks in Los Angeles",Reuters Pictures,91,0
5,NKE,5,20121226,1545,Nike (NKE) Mkt On Close Sell Imbalance: Shrs 61700,Dow Jones News Service,9,0
6,NKE,6,20121224,614,WSJ BLOG/MarketBeat: Morning MarketBeat: Cliff Nears; Dollar Benefits,Dow Jones News Service,1285,0
7,NKE,7,20121224,614,NIKE Inc Cut To Neutral From Buy By Janney,Dow Jones Global Equities News,1294,0
8,NKE,8,20121221,625,U.S. HOT STOCKS: O2Micro Active in Late Trading,Dow Jones News Service,9,0
9,NKE,9,20121221,1741,MARKET TALK: Street Stays Sidelined on Nike Despite Praise,Dow Jones News Service,946,0
10,NKE,10,20121221,1332,MARKET TALK: Street Stays Sidelined on Nike Despite Praise,Dow Jones News Service,1096,0
11,NKE,11,20121221,757,"Dow Futures' Losses Ease Slightly 3 Hours Before Open, Off 165 Points; Were Down 200 Last Night",Dow Jones News Service,1586,0
12,NKE,12,20121221,757,DJ US HOT STOCKS TO WATCH: NKE,Dow Jones Chinese Financial Wire,147,0
13,NKE,13,20121221,638,"U.S. HOT STOCKS: Westway, Nike, Red Hat Active in Late Trading",Dow Jones News Service,2032,0
14,NKE,14,20121221,707,"Nike Beats Expectations, Helped by Robust Demand",NYTimes.com Feed,103,0
15,NKE,15,20121220,1921,"MARKET PULSE-RIM, Nokia, GE, JPMorgan, Nike, ArcelorMittal",Reuters News,102,0
16,NKE,16,20121220,1903,U.S. stock futures signal sharp drop on budget impasse,Reuters News,1284,0
17,NKE,17,20121221,NA,"U.S. RESEARCH ROUNDUP: Research In Motion, Apple, NYSE Euronext, Apple,",Reuters News,296,0
18,NKE,18,20121221,NA,Brand Selloffs Weigh on Nike,The Wall Street Journal,313,0
19,NKE,19,20121221,737,"Nike Inc Comments On Q3, Q4 2013 Revenue Guidance; Reaffirms FY 2013 Revenue Guidance-Conference Call",Reuters Significant Developments,994,0
20,NKE,20,20121221,701,Nike profits up despite stiff Chinese headwinds,Financial Times,1017,0
21,NKE,21,20121221,457,2nd UPDATE: Nike 2nd-Quarter Net Down 18% but Shares Up,Dow Jones Global News Select,636,0
22,NKE,22,20121221,1804,News Highlights: Top Equities Stories of the Day,Dow Jones Global Equities News,1062,0
23,NKE,23,20121221,NA,DJ Nike 2nd-Quarter Net Down 18% on Discontinued Operations Losses,Dow Jones Chinese Financial Wire,437,0
24,NKE,24,20121221,NA,MARKET TALK: Nike Sees Greater Scale With NFL Gear Pact,Dow Jones News Service,158,0
25,NKE,25,20121221,NA,MARKET TALK: Nike Sees Greater Scale With NFL Gear Pact,Dow Jones News Service,309,0
26,NKE,26,20121220,1955,MARKET TALK: Nike's Streak of Margin Weakness Could Soon End,Dow Jones News Service,898,0
27,NKE,27,20121220,1647,MARKET TALK: Nike Has More Work to Do to Fix China Problem,Dow Jones News Service,824,0
28,NKE,28,20121220,1741,MARKET TALK: Nike Has More Work to Do to Fix China Problem,Dow Jones News Service,901,0
29,NKE,29,20121220,1732,MARKET TALK: Future Orders Shows Nike Still Challenged in China,Dow Jones News Service,685,0
30,NKE,30,20121220,1701,MARKET TALK: Future Orders Shows Nike Still Challenged in China,Dow Jones News Service,868,0
31,NKE,31,20121220,1701,MARKET TALK: Nike's North American Sales Jump Strongest in F2Q,Dow Jones News Service,868,0
32,NKE,32,20121220,1747,MARKET TALK: Broad Sales Gains Bolster Nike's F2Q Profit,Dow Jones News Service,685,0
33,NKE,33,20121220,1715,"MARKET TALK: Nike Observers Eye Margins, China in F2Q Report",Dow Jones News Service,876,0
34,NKE,34,20121220,2000,"MARKET TALK: Nike Observers Eye Margins, China in F2Q Report",Dow Jones News Service,355,0
35,NKE,35,20121220,1827,WSJ BLOG/MarketBeat: Morning Links: Why Ackman is Wrong About Herbalife,Dow Jones News Service,427,0
36,NKE,36,20121220,1647,WSJ BLOG/MarketBeat: Morning MarketBeat: Home-Builder Rally Due for a Pause?,Dow Jones News Service,421,0
37,NKE,37,20121220,1702,WSJ BLOG/MarketBeat: Morning MarketBeat: Home-Builder Rally Due for a Pause?,Dow Jones News Service,421,0
38,NKE,38,20121220,1804,WSJ BLOG/MarketBeat: Morning MarketBeat: Home-Builder Rally Due for a Pause?,Dow Jones News Service,1159,0
39,NKE,39,20121220,1754,Analyst Estimates for U.S. Earnings Thursday,Dow Jones News Service,1073,0
40,NKE,40,20121220,1804,BRIEF-NIKE shares up 4.6 percent after results,Reuters News,139,0
41,NKE,41,20121220,1754,UPDATE 3-Nike buoyed by strong domestic demand; shares jump,Reuters News,126,0
42,NKE,42,20121220,1736,BRIEF-NIKE shares up following results,Reuters News,1053,0
43,NKE,43,20121220,1736,Ahead of the Tape,The Wall Street Journal,139,0
44,NKE,44,20121220,1647,"Cole Haan, Umbro Sales Weigh on Nike",The Wall Street Journal Online,1278,0
45,NKE,45,20121220,1643,Nike Struggling to Regain Its Glory Days,The Wall Street Journal Online,1251,0
46,NKE,46,20121220,1637,Nike profits up despite falling China orders,Financial Times (FT.Com),1323,0
47,NKE,47,20121220,1631,Nike Locks in State-Tax Guarantee With Oregon,Dow Jones Top North American Equities Stories,1338,0
48,NKE,48,20121220,1627,"WSJ BLOG/MarketBeat: Tomorrow's Tape: Home Sales, Jobless Claims, Research In Motion Earnings",Dow Jones News Service,1368,0
49,NKE,49,20121220,1647,Nike (NKE) Mkt On Close Sell Imbalance: Shrs 86100,Dow Jones News Service,122,0
50,NKE,50,20121220,1637,"Leading Investment Service Previews Earnings for Oracle, Research in Motion, Bed Bath & Beyond, Nike & Others",PR Newswire (U.S.),140,0
51,NKE,51,20121220,1627,"The Zacks Analyst Blog Highlights: Cisco Systems, Nike, Iconix Brand Group, PVH and Brown Shoe Co.",PR Newswire (U.S.),149,0
52,NKE,52,20121220,1328,Li Ning: To See Substantial Net Loss This Year,Dow Jones Global Equities News,1412,0
53,NKE,53,20121220,1328,Corrections & Amplifications,The Wall Street Journal Online,142,0
54,NKE,54,20121220,900,JD Sports Opens JD Pro Sports Performance Shop in London,PR Newswire Europe,191,0
55,NKE,55,20121220,837,Li Ning to Record Substantial Loss for the Year,Dow Jones Top News & Commentary,1321,0
56,NKE,56,20121220,820,Nike Announces Senior Leadership Changes,Dow Jones News Service,1323,0
57,NKE,57,20121220,615,Nike Presses for 40-Year Tax Deal in Oregon,The Wall Street Journal Online,1318,0
58,NKE,58,20121220,555,Rory lands in the rough over €192m deal to be face of Nike,Irish Daily Mail,411,0
59,NKE,59,20121220,1637,WSJ BLOG/MarketBeat: Next Week's Tape: Not Much Cheer in Data,Dow Jones News Service,41,0
60,NKE,60,20121220,1656,WSJ BLOG/All Things D: Pixplit Is a Photo App That's Actually Social,Dow Jones News Service,568,0
61,NKE,61,20121220,1616,WSJ: Nike Presses For 40-Year Tax Deal in Oregon,Dow Jones News Service,35,0
62,NKE,62,20121220,NA,Four Old Spice Ads Make YouTube's List of Most Popular Ads of 2012,NYT Blogs,409,0
63,NKE,63,20121220,1814,Nike Started at Neutral by JPMorgan,Dow Jones Global Equities News,589,0
64,NKE,64,20121219,2110,Nike (NKE) Mkt On Close Buy Imbalance: Shrs 75200,Dow Jones News Service,399,0
65,NKE,65,20121220,NA,Puma CEO Franz Koch to Leave,Dow Jones Top Global Market Stories,193,0
66,NKE,66,20121220,NA,WSJ: Puma CEO Franz Koch to Leave,Dow Jones Global Equities News,180,0
67,NKE,67,20121220,601,Feeling For | Cole Haan and Fragment Design’s LunarGrand Loafer,NYT Blogs,338,0
68,NKE,68,20121219,1905,Oregon Governor Plans Law That Would Provide Tax Stability for Companies Including Nike -Portland Tribune,Dow Jones Global News Select,346,0
69,NKE,69,20121219,1822,"Coming Soon, Visa-Free Visits to Beijing",WSJ Blogs,338,1
70,NKE,70,20121219,1822,WSJ BLOG/Digits: Holiday Buying Guide: What Tech Accessories Are Hot Right Now,Dow Jones News Service,350,0
71,NKE,71,20121219,1832,Holiday Gift Ideas for Gadget Geeks,The Wall Street Journal Digits,345,1
72,NKE,72,20121219,1851,DJ Iconix Files 8K - Asset Acquisition Or Disposition >ICON,Dow Jones Institutional News,338,0
73,NKE,73,20121219,1658,WSJ: Nike Sues in Chinese Trademark Dispute,Dow Jones Chinese Financial Wire,188,0
74,NKE,74,20121219,1545,Lululemon Proves Skeptics Wrong,The Wall Street Journal Online,9,0
75,NKE,75,20121219,1025,"WSJ BLOG/China Real Time: Top China Stories from WSJ: Land Seizures, Nike Dispute, Canon",Dow Jones Global Equities News,535,0
76,NKE,76,20121218,946,Corporate News: Nike Seeks Trademark,The Wall Street Journal Asia,535,0
77,NKE,77,20121218,930,SceneStyle: Cole Haan in Shanghai,WSJ Blogs,1311,1
78,NKE,78,20121216,1913,WSJA(12/3) A Year Of Rebuilding For China's Li Ning,Dow Jones Chinese Financial Wire,235,0
79,NKE,79,20121216,2114,Kate Middleton is Pregnant; John McAfee on the Run; The Man Behind Air Jordan Leaves Nike; Making Charitable Donations Go Further.,CNN: CNN Newsroom,240,0
80,NKE,80,20121216,2036,Iconix Brand Group Inc Completes Acquisition Of Umbro From NIKE Inc,Reuters Significant Developments,240,0
81,NKE,81,20121217,1139,"Critical Alerts For Netflix, Nike, Illumina, Progressive, and Catamaran Released By InvestorsObserver",PR Newswire (U.S.),285,0
82,NKE,82,20121217,2436,Iconix Brand Group Completes Acquisition Of Umbro,PR Newswire (U.S.),412,0
83,NKE,83,20121216,2134,Nike (NKE) Mkt On Close Buy Imbalance: Shrs 55100,Dow Jones News Service,540,0
84,NKE,84,20121217,1615,"Nike Tries to Avoid Bangladesh, Risky Cities",The Wall Street Journal Online,5,0
85,NKE,85,20121214,2111,Corporate News: Nike's Game Plan for Policing Its Suppliers: Try to Avoid Bangladesh,The Wall Street Journal,565,0
86,NKE,86,20121214,646,NIKE Inc. Raised To Overweight From Neutral By HSBC,Dow Jones Global Equities News,523,0
87,NKE,87,20121214,1046,"The Zacks Analyst Blog Highlights:Simon Property Group, Nike, G-III Apparel Group, Taubman Centers and Gap",PR Newswire (U.S.),523,0
88,NKE,88,20121213,1925,132 online counterfeit sites seized in Cyber Monday blitz,Reuters News,522,0
89,NKE,89,20121213,1920,Accounts and People of Note in the Advertising Industry,NYTimes.com Feed,533,0
90,NKE,90,20121214,NA,Li Ning Scales Back Global Goal,The Wall Street Journal Asia,585,0
91,NKE,91,20121215,NA,Altamir Amboise Sca Announces Acquisition of Cole Haan from Nike Inc via Participation in Apax VIII Private Equity Fund,Reuters Significant Developments,262,0
92,NKE,92,20121214,1653,Corporate Watch,The Wall Street Journal,728,0
93,NKE,93,20121214,800,Nike (NKE) Mkt On Close Buy Imbalance: Shrs 56800,Dow Jones News Service,485,0
94,NKE,94,20121213,1907,Leading Brands Continue To Join St. Louis Premium Outlets(R),PR Newswire (U.S.),10,0
95,NKE,95,20121213,NA,NIKE TO SELL COLE HAAN FOR $570 MILLION,The New York Times Abstracts,885,0
96,NKE,96,20121212,742,Nike to Sell Cole Haan for $570 Million,The New York Times,6,0
97,NKE,97,20121212,1545,UPDATE 1-Nike sells Cole Haan brand to Apax Partners,Reuters News,9,0
98,NKE,98,20121212,821,Wall Street set for weekly loss,Financial Times (FT.Com),577,0
99,NKE,99,20121212,805,Foot Locker's Profit Jumps,The Wall Street Journal Online,562,0
100,NKE,100,20121212,801,Nike to Sell Cole Haan for $570 Million,The Wall Street Journal Online,644,0
