,Ticker,Index,Date,Time,Headline,Source,NumWords,missing
1,NKE,1,20071222,NA,Ashley delivers Umbro to Nike.,Financial Times,482,0
2,NKE,2,20071222,NA,Nike moves closer to deal for Umbro.,Financial Times,265,0
3,NKE,3,20071221,NA,Corporate News: Asia bolsters  Nike results --- Earnings top forecast as Chinese sales pop; 'just the beginning',The Wall Street Journal Asia,446,0
4,NKE,4,20071221,NA,FT.com site : Nike moves closer to deal for Umbro.,Financial Times (FT.Com),485,0
5,NKE,5,20071221,NA,FT.com site : Ashley sells Umbro stake to Nike.,Financial Times (FT.Com),126,0
6,NKE,6,20071221,935,UPDATE: Sports Direct Share Sale Clears Way For Umbro Deal,Dow Jones International News,426,0
7,NKE,7,20071221,816,Sports Direct Sells 29M Umbro Shares,Dow Jones International News,129,0
8,NKE,8,20071221,437,UPDATE: Umbro Revenue Hit By Poor England Uniform Sales,Dow Jones International News,473,0
9,NKE,9,20071221,2441,DJ Sports Direct Share Sale Clears Way For Umbro Deal,Dow Jones Chinese Financial Wire,423,0
10,NKE,10,20071221,901,NIKE Acquires 19.9 % Of Umbro Shrs From Sports Direct International,Dow Jones News Service,102,0
11,NKE,11,20071221,1015,"Featured Stocks on Today's Edition of The Analyst's Review: NKE, RL, LIZ, WWW",PR Newswire (U.S.),394,0
12,NKE,12,20071221,NA,"Nike, Inc. Announces Acquisition of 19.9% Interest In Umbro",Reuters Significant Developments,49,0
13,NKE,13,20071220,NA,Business Brief:  Nike Inc.,The Wall Street Journal Europe,137,0
14,NKE,14,20071220,931,"Seven Summits Research Releases Alerts on BSC, NKE, DFS, BNI, and RL",PR Newswire (U.S.),531,0
15,NKE,15,20071220,NA,"Nike Profit Up 10%, Pushed by Overseas Sales",The New York Times,170,0
16,NKE,16,20071220,NA,Umbro gains on Ashley talk.,Financial Times,351,0
17,NKE,17,20071220,2433,DJ Hot Stocks: NKE,Dow Jones Chinese Financial Wire,69,0
18,NKE,18,20071220,1118,DJ Hot Stocks: NKE,Dow Jones Chinese Financial Wire,70,0
19,NKE,19,20071220,NA,"Earnings Digest: Nike, Paced by Sales Abroad, Expects More Gains",The Wall Street Journal,615,0
20,NKE,20,20071219,1240,STOCKS TO WATCH: Stocks In Focus For Wednesday,Dow Jones Business News,1736,0
21,NKE,21,20071219,NA,"Nike, Inc. Comments On H2 2008 Revenue Guidance; Reaffirms FY 2008 Guidance-Conference Call",Reuters Significant Developments,86,0
22,NKE,22,20071219,1803,Nike sees low double-digit revenue growth in 2H,Reuters News,89,0
23,NKE,23,20071219,1746,Nike CEO sees no further divestitures on horizon,Reuters News,111,0
24,NKE,24,20071219,1702,After the Bell-Nike shares rise after results,Reuters News,55,0
25,NKE,25,20071219,1642,"UPDATE 3- Nike quarterly income tops Street, shares rise",Reuters News,685,0
26,NKE,26,20071219,1620,Nike posts higher 2nd-quarter net profit,Reuters News,218,0
27,NKE,27,20071219,1150,"Sports Direct says ""won't oppose""  Nike move on Umbro",Reuters News,241,0
28,NKE,28,20071219,813,STOCKS NEWS UK-Umbro up on hope Ashley will back  Nike takeover,Reuters News,589,0
29,NKE,29,20071219,1634,DJ  Nike 2Q EPS 71c Vs 64c >NKE,Dow Jones Chinese Financial Wire,92,0
30,NKE,30,20071219,839,DJ Hot Stocks to Watch: NKE,Dow Jones Chinese Financial Wire,31,0
31,NKE,31,20071219,837,DJ Hot Stocks to Watch: ORCL,Dow Jones Chinese Financial Wire,171,0
32,NKE,32,20071219,1843,"2nd UPDATE: Nike FY2Q Up 10% Amid Strong Sales In Europe,Asia",Dow Jones News Service,683,0
33,NKE,33,20071219,1656,"UPDATE: Nike FY2Q Net Up 10% Amid Strong Sales In Europe,Asia",Dow Jones News Service,463,0
34,NKE,34,20071219,1615,Nike Inc. 2Q EPS 71c Vs EPS 64c,Dow Jones News Service,95,0
35,NKE,35,20071218,NA,Nike asks Ashley not to block bid for Umbro.,Financial Times,441,0
36,NKE,36,20071217,1740,Nike Asks Sports Direct's Ashley Not To Block Umbro Bid - FT,Dow Jones International News,154,0
37,NKE,37,20071217,NA,FT.com site : Nike asks Ashley not to block Umbro bid.,Financial Times (FT.Com),437,0
38,NKE,38,20071212,1907,Yue Yuen Plans To Spin Off Retail Business In HK IPO,Dow Jones International News,188,0
39,NKE,39,20071211,NA,Umbro falls amid Nike doubt.,Financial Times,370,0
40,NKE,40,20071210,601,Yue Yuen Nov Operating Revenue US$368.4 Mln,Dow Jones International News,151,0
41,NKE,41,20071210,628,DJ Yue Yuen Nov Operating Revenue US$368.4 Mln; Up 17% On Year,Dow Jones Chinese Financial Wire,153,0
42,NKE,42,20071206,NA,"Nike makes a run for it --- With new campaign, chase is under way for hard-core runners",The Wall Street Journal Europe,708,0
43,NKE,43,20071206,NA,"Nike, New Coach Chase Serious Runners --- 'Plus' Sneaker Ads Shift from Usual Track; A Social-Network Link",The Wall Street Journal,817,0
44,NKE,44,20071204,1543,"Recession a yo-yo for apparel, shoe stocks-analyst",Reuters News,378,0
45,NKE,45,20071204,214,UPDATE 1-Asics says has not considered acquisition of Adidas,Reuters News,181,0
46,NKE,46,20071203,1404,UPDATE:  Safeway Makes Stronger Push Into Gift Cards,Dow Jones Business News,854,0
47,NKE,47,20071203,407,Workers End 5-day Strike At Nike Vietnam Plant,Dow Jones International News,299,0
48,NKE,48,20071203,1704,"NIKE, Inc. Announcing Q2 FY 2008 Earnings and Conference Call",PR Newswire (U.S.),298,0
49,NKE,49,20071203,609,"UPDATE 1-Adidas up on talk of Nike, Asics interest - traders",Reuters News,261,0
50,NKE,50,20071130,1715,The Jordan Melo M4 Launches in Hollywood Style; Jordan Brand Throws the Night's Hottest Event To Commemorate Carmelo Anthony's Fourth...,PR Newswire (U.S.),590,0
51,NKE,51,20071129,639,"10,000 Workers Strike At Vietnam Plant Making  Nike Shoes",Dow Jones International News,358,0
52,NKE,52,20071127,2202,Jordan Brand and Levi's(R) Jeanswear Announce: 23 Meets the Original 501(R) Jean; Two American Originals Unite To Release the All-New Jordan...,PR Newswire (U.S.),787,0
53,NKE,53,20071127,NA,Sports Direct in share buy-back.,Financial Times,416,0
54,NKE,54,20071126,1301,"Nike's Jordan Brand, Levi's In Pact",Dow Jones News Service,80,0
55,NKE,55,20071126,1301,Jordan Brand and Levi's(R) Jeanswear Announce: 23 Meets The Original 501(R) Jean; Two American Originals Unite To Release the All-New Jordan...,PR Newswire (U.S.),785,0
56,NKE,56,20071126,1157,"Steelcase,  Nike, NativeEnergy and Shaw Industries Share Marketing Insights During Good And Green -- The Green Marketing Conference",PR Newswire (U.S.),423,0
57,NKE,57,20071126,917,"Stocks in Focus on Today's Edition of 'Before the Bell:' TGT, WMT, BBY, NKE, FL",PR Newswire (U.S.),408,0
58,NKE,58,20071123,2457,UPDATE: Nike Expects To Complete Umbro Buy By March 3-Document,Dow Jones International News,487,0
59,NKE,59,20071123,1158,Nike Expects To Complete Umbro Buy By March 3 -Document,Dow Jones International News,162,0
60,NKE,60,20071123,NA,Jarvis plunges after warning.,Financial Times,362,0
61,NKE,61,20071123,NA,Business nursing a football hangover.,Financial Times,889,0
62,NKE,62,20071123,NA,England defeat puts retailers on the defensive.,Financial Times,407,0
63,NKE,63,20071123,NA,UK sports retailers dive.,Financial Times,341,0
64,NKE,64,20071123,NA,Sports stores count the cost of England's failure in Euro 2008.,Financial Times,426,0
65,NKE,65,20071123,NA,England's loss hits retail hopes.,Financial Times,420,0
66,NKE,66,20071122,223,Umbro says England's football failure to hit sales,Reuters News,105,0
67,NKE,67,20071122,230,"UPDATE: Sports Direct, Umbro Hit By England Loss",Dow Jones International News,222,0
68,NKE,68,20071121,1444,"2ND UPDATE:  Nike,  Foot Locker Shoot To Score With House Of Hoops",Dow Jones Business News,1122,0
69,NKE,69,20071119,2142,"UPDATE:  Nike,  Foot Locker Shoot To Score With House Of Hoops",Dow Jones Business News,1116,0
70,NKE,70,20071120,900,Jordan Brand Introduces the Jordan Melo M4: Carmelo Anthony's New Signature Shoe; Integrated Marketing Campaign starring Carmelo Anthony...,PR Newswire (U.S.),1126,0
71,NKE,71,20071120,NA,Umbro Plc Updates On Cash Offer,Reuters Significant Developments,56,0
72,NKE,72,20071120,900,Nike betting on specialty stores to run up sales,Reuters News,751,0
73,NKE,73,20071119,2008,Nike betting on specialty stores to run up sales,Reuters News,747,0
74,NKE,74,20071120,702,"Nike,  Foot Locker Shoot To Score With House of Hoops",Dow Jones News Service,1116,0
75,NKE,75,20071119,1600,Converse and Target to Launch 'One Star' Exclusive Sportswear and Footwear Beginning Spring 2008; Target Stores Nationwide Will Feature...,PR Newswire (U.S.),747,0
76,NKE,76,20071119,931,"Seven Summits Research Releases Comments on GRMN, GPS, NKE, GME and FRE",PR Newswire (U.S.),438,0
77,NKE,77,20071119,900,"Nike and Foot Locker Unwrap Dream Basketball Store, House of Hoops, in Time For Holiday Shopping Season; Nike, Jordan, Converse Under One...",PR Newswire (U.S.),978,0
78,NKE,78,20071119,800,Nike To Participate in Contingent Workforce Strategies Council; Helping Corporations Better Manage Contingent Labor,PR Newswire (U.S.),467,0
79,NKE,79,20071119,NA,"Nike deal to sell Starter signals shift in strategy --- Sneaker giant moves from low-end sector, cuts  Wal-Mart pact",The Wall Street Journal Asia,464,0
80,NKE,80,20071117,NA,Business lines up with football fans to support Israel.,Financial Times,452,0
81,NKE,81,20071116,858,Nike Increases Quarterly Dividend 24 Percent,PR Newswire (U.S.),383,0
82,NKE,82,20071116,NA,"Nike, Inc. Increases Quarterly Dividend 24 Percent",Reuters Significant Developments,84,0
83,NKE,83,20071116,1730,Dividends Reported November 16,Dow Jones News Service,996,0
84,NKE,84,20071116,858,Nike Increases Qtrly Div 24 Percent,Dow Jones News Service,84,0
85,NKE,85,20071116,904,TABLE- Nike raises quarterly dividend,Reuters News,43,0
86,NKE,86,20071116,NA,Nike Sale of Starter Marks Shift From Low-End Market,The Wall Street Journal,472,0
87,NKE,87,20071115,430,Nike Sells Starter to  Iconix Brand Group,PR Newswire Europe,710,0
88,NKE,88,20071115,1732,"Brazil Football Team Unveils New Home Kit Today in Rio De Janiero; Inspired By Their 1st World Cup Win In '58, the Kit Pays Homage to a...",PR Newswire (U.S.),766,0
89,NKE,89,20071115,700,"Iconix Brand Group Announces Definitive Agreement to Purchase the Starter(R) Brand from  Nike, Inc.",PR Newswire (U.S.),826,0
90,NKE,90,20071115,430,Nike Sells Starter to  Iconix Brand Group,PR Newswire (U.S.),704,0
91,NKE,91,20071115,NA,"Nike, Inc. Sells Starter To  Iconix Brand Group",Reuters Significant Developments,51,0
92,NKE,92,20071115,NA,"Nike, Inc. Sells Starter To  Iconix Brand Group Inc.",Reuters Significant Developments,56,0
93,NKE,93,20071115,431,Nike Sells Starter Brand To Iconix Brand Grp For $60M,Dow Jones News Service,95,0
94,NKE,94,20071115,442,Nike sells Starter brand to Iconix,Reuters News,66,0
95,NKE,95,20071113,1810,"Nike Recalls 235,000 Football Helmet Chin Straps Made In China",Dow Jones International News,182,0
96,NKE,96,20071113,1811,"Nike recalls 235,000 U.S. helmet chin straps",Reuters News,204,0
97,NKE,97,20071110,NA,Sneakers for all occasions The next step for footwear fanatics? Design your own Nikes. Bronwyn Cosgrave reports.,Financial Times,986,0
98,NKE,98,20071109,NA,Business Brief:  Adidas AG,The Wall Street Journal Europe,154,0
99,NKE,99,20071109,412,Yue Yuen October Operating Revenue US$351.9 Mln,Dow Jones International News,151,0
100,NKE,100,20071109,439,DJ Yue Yuen October Operating Revenue US$351.9M; Up 13% On Year,Dow Jones Chinese Financial Wire,152,0
