,Ticker,Index,Date,Time,Headline,Source,NumWords,missing
1,NKE,101,20060804,NA,"Adidas targets Nike in China in run-up to 2008 Olympics --- It will open stores, sponsor local stars with Reebok on team",The Wall Street Journal Asia,824,0
2,NKE,102,20060803,201,Puma 2Q Net Sales EUR546.6M Vs EUR395.5M,Dow Jones International News,275,0
3,NKE,103,20060802,1338,Nike Hosts European Champion FC Barcelona at Fan Rallies in Los Angeles and New York City; Kobe Bryant Joins Nike in Welcoming Barcelona to...,PR Newswire (U.S.),985,0
4,NKE,104,20060802,NA,Nike Founder's Record Gift to Business School,The New York Times,356,0
5,NKE,105,20060802,NA,NIKE FOUNDER'S RECORD GIFT TO BUSINESS SCHOOL,The New York Times Abstracts,63,0
6,NKE,106,20060802,NA,Nike chief gives Dollars 105m to Stanford PHILANTHROPY.,Financial Times,412,0
7,NKE,107,20060801,NA,FT.com site : Nike founder in $105m pledge to university.,Financial Times (FT.Com),531,0
8,NKE,108,20060720,1456,"Columbia Sportswear Company Names Mick McCormick Vice President of Sales; Position Will Manage Multi-brand Apparel, Footwear, Equipment, and...",PR Newswire (U.S.),411,0
9,NKE,109,20060720,800,Jordan Brings Back the Breakfast Club; Athletes Invited to Partake in Reincarnation of a Michael Jordan Tradition,PR Newswire (U.S.),715,0
10,NKE,110,20060719,NA,"The Mossberg Solution: On the Run With the iPod/Nike Fitness Device --- Wireless System Measures Progress, Plays Songs; No Monitor for Heart...",The Wall Street Journal,1608,0
11,NKE,111,20060714,1612,US business presses for quick vote on Vietnam deal,Reuters News,403,0
12,NKE,112,20060713,1938,The 86th Northern California Open Will Have the Largest Purse in the History of the Event,PR Newswire (U.S.),375,0
13,NKE,113,20060713,1437,The Northern California Open Will Have the Largest Purse in the 86 Year History of the Event,PR Newswire (U.S.),372,0
14,NKE,114,20060712,1707,"Nike, Apple Launch Nike+iPod Sport Kit",Dow Jones International News,138,0
15,NKE,115,20060712,1851,"DJ Nike, Apple Launch Nike+iPod Sport Kit >NKE",Dow Jones Chinese Financial Wire,134,0
16,NKE,116,20060712,1637,Nike And Apple Launch Nike+iPod Sport Kit,Dow Jones News Service,139,0
17,NKE,117,20060712,NA,"Puma wins World Cup with Italy --- Champion's sponsor gets a boost in chase after Adidas, Nike",The Wall Street Journal Asia,513,0
18,NKE,118,20060711,NA,"Puma scores the winning goal --- Italy's victory gives push to German firm versus Nike, Adidas",The Wall Street Journal Europe,379,0
19,NKE,119,20060711,1207,"HK Yue Yuen June Revenue US$347.5 Mln, Up 15.6% On Year",Dow Jones International News,163,0
20,NKE,120,20060711,1313,"Nike, Apple's Nano On The Run",Dow Jones News Service,1001,0
21,NKE,121,20060711,NA,"Advertising: Puma Wins With Italy at World Cup --- Sponsorship of Champions Aids Athletic-Wear Maker In Race With Nike, Adidas",The Wall Street Journal,654,0
