,Ticker,Index,Date,Time,Headline,Source,NumWords,missing
1,NKE,101,20010227,NA,COMPANIES &FINANCE INTERNATIONAL - US shoe division hits Nike.,Financial Times,163,0
2,NKE,102,20010227,1122,I2 Technologies Shares Slip Amid Customer Nike's Supply-Chain Software Woes,Dow Jones Business News,277,0
3,NKE,103,20010226,1737,UPDATE 1-Nike sharply cuts Q3 EPS guidance.,Reuters News,243,0
4,NKE,104,20010226,1642,Nike sharply cuts Q3 EPS guidance.,Reuters News,148,0
5,NKE,105,20010226,1758,After the Bell - Profit warnings weigh.,Reuters News,419,0
6,NKE,106,20010226,1748,Nike cites supply chain problems for profit shortfall.,Reuters News,101,0
7,NKE,107,20010226,1726,After the Bell - Nike stumbles after earnings warning.,Reuters News,119,0
8,NKE,108,20010226,NA,"Nike, Inc. Revises Third Quarter and Fiscal Year 2001 EPS Guidance",Reuters Significant Developments,150,0
9,NKE,109,20010226,1638,"Nike Issues Profit Warning, Cites Weak U.S. Revenue, Supply-System Woes",Dow Jones Business News,1004,0
10,NKE,110,20010226,1617,Nike Inc. Sees 3Q Net 34c-38c/Share,Dow Jones News Service,495,0
11,NKE,111,20010223,449,Hungry sponsors hedge bets for Beijing Olympics.,Reuters News,701,0
12,NKE,112,20010223,1216,PRESS DIGEST - Washington Post business - Feb 23.,Reuters News,199,0
13,NKE,113,20010223,NA,"Nike, Inc. Announces The Formation Of A New Standalone Business Unit",Reuters Significant Developments,34,0
14,NKE,114,20010223,NA,"Nike, Inc. Announces The Formation Of A Standalone Category Business Unit",Reuters Significant Developments,84,0
15,NKE,115,20010223,NA,"Nike, Inc. All Conditions Gear Announces That It Will Partner With Step-In Industry Switch Manufacturing",Reuters Significant Developments,73,0
16,NKE,116,20010223,NA,"Nike, Inc. Announces The Formation Of A New Standalone Category Business Unit",Reuters Significant Developments,49,0
17,NKE,117,20010223,NA,"Nike, Inc.'s All Conditions Gear Announces A New Strategic Partnership With Intrawest",Reuters Significant Developments,109,0
18,NKE,118,20010223,NA,"Nike, Inc. Announces The Formation Of A Division",Reuters Significant Developments,36,0
19,NKE,119,20010223,NA,"Nike, Inc. and S3's Rio Division Announces That They Shipped The Nike PSA/Play 120",Reuters Significant Developments,51,0
20,NKE,120,20010222,NA,Nike Factory Report Cites Violations --- Company-Funded Study Examines Conditions in Indonesian Contract Plants --- By Shu Shin Luh Staff...,The Wall Street Journal Europe,1061,0
21,NKE,121,20010222,401,PRESS DIGEST - Wall Street Journal - Feb 22.,Reuters News,450,0
22,NKE,122,20010222,1349,Hill Holliday to buy interactive marketing agency.,Reuters News,323,0
23,NKE,123,20010222,1452,Report says Nike workers face abuse in Indonesia.,Reuters News,729,0
24,NKE,124,20010221,2241,Nike acknowledges abuses in Indonesian plants.,Reuters News,279,0
25,NKE,125,20010222,1853,"Nike recalls 225,000 pairs of Jordan Trunner shoes.",Reuters News,287,0
26,NKE,126,20010222,NA,"Report Claims Abuses by Nike Contractors --- Sporting-Goods Firm Funded Study in Indonesia, Intends to Verify It",The Wall Street Journal,920,0
27,NKE,127,20010222,NA,Report on Nike alleges sexual harassment and abuse.,Financial Times (FT.Com),403,0
28,NKE,128,20010222,NA,Findings on Nike put the spotlight on broader global issues.,Financial Times (FT.Com),408,0
29,NKE,129,20010222,NA,Nike releases plan to address harassment claims.,Financial Times (FT.Com),416,0
30,NKE,130,20010222,NA,Nike report alleges abuse.,Financial Times (FT.Com),399,0
31,NKE,131,20010222,NA,Nike releases plan to address harassment claims.,Financial Times (FT.Com),417,0
32,NKE,132,20010222,NA,Nike's Indonesian workers 'encouraged to date bosses'.,Financial Times (FT.Com),403,0
33,NKE,133,20010222,937,Nike Releases Remediation Plan For Indonesian Factories,Dow Jones News Service,391,0
34,NKE,134,20010222,NA,INTERNATIONAL ECONOMY - Findings on Nike put the spotlight on broader global issues.,Financial Times,414,0
35,NKE,135,20010222,NA,FRONT PAGE - FIRST SECTION - Indonesian Nike workers allege sexual harassment.,Financial Times,339,0
36,NKE,136,20010222,1112,Nike Announces Steps to Improve Working Conditions at Indonesian Factories,Dow Jones Business News,768,0
37,NKE,137,20010222,NA,Nike Factory Report Cites Violations --- Company-Funded Study Examines Conditions in Indonesian Contract Plants,The Asian Wall Street Journal,1057,0
38,NKE,138,20010221,1851,PRESS DIGEST - Asian Wall Street Journal - Feb 22.,Reuters News,496,0
39,NKE,139,20010219,802,Larger WPP seen weathering ad slowdown.,Reuters News,490,0
40,NKE,140,20010216,1604,Warren Buffett Didn't Liquidate Nike Stake In 4Q,Dow Jones News Service,293,0
41,NKE,141,20010214,1007,Nike Hldr FMR Corp Raises Class B Stake To 8.185%,Federal Filings Newswires,142,0
42,NKE,142,20010209,2046,"Update: Nike Golf Acquires Impact Golf Technologies, Strengthens Golf Club Development Team",PR Newswire,100,0
43,NKE,143,20010209,1616,Nike's Golf Unit Buys Impact Golf Technologies,Dow Jones News Service,77,0
44,NKE,144,20010209,1437,"Nike Golf Acquires Impact Golf Technologies, Strengthens Golf Club Development Team",PR Newswire,390,0
45,NKE,145,20010208,809,Soccer-Man Utd deal may not have impact in short-term.,Reuters News,517,0
46,NKE,146,20010208,1400,Norwood and Nike Golf Team Up in $17 Billion Promotional Products Industry,PR Newswire,436,0
47,NKE,147,20010207,1550,UPDATE 3-U.S. and U.K. sports giants teaming up.,Reuters News,678,0
48,NKE,148,20010207,944,UPDATE 1-Soccer-Man United looking set to sign deal with Yankees.,Reuters News,412,0
49,NKE,149,20010207,838,UPDATE 1-Man Utd scores on deal with NY Yankees.,Reuters News,625,0
50,NKE,150,20010207,1814,"UPDATE 4-Yankees, United - a sports marketing giant.",Reuters News,890,0
51,NKE,151,20010201,1419,'Hacky Sack' Is Back for Nike Golf; New TV Spots Build on Award-Winning Campaign,PR Newswire,406,0
52,NKE,152,20010130,757,"Adidas at new high, seen cheap compared to U.S. peer.",Reuters News,258,0
53,NKE,153,20010129,NA,"Nike, Inc.'s All Conditions Gear and American Skiing Company Introduce First Nike ACG Store in United States",Reuters Significant Developments,75,0
54,NKE,154,20010129,NA,Nike All Conditions Gear and American Skiing Company Introduce First Nike ACG Store in United States,Reuters Significant Developments,73,0
55,NKE,155,20010127,NA,Rights Group Scores Success With Nike,The New York Times,601,0
56,NKE,156,20010127,NA,CIVIL RIGHTS GROUP SCORES SUCCESS WITH NIKE,New York Times Abstracts,69,0
57,NKE,157,20010126,NA,"INTERNATIONAL ECONOMY - Nike, Reebok Mexico plant 'violated rights'.",Financial Times,403,0
58,NKE,158,20010126,NA,Mexican factory 'violated rights'.,Financial Times (FT.Com),401,0
59,NKE,159,20010125,459,WPP to lift lid on fourth global ad network.,Reuters News,259,0
60,NKE,160,20010123,1403,"Nike VP Destefano Files To Sell 49,000 Cmn Shrs",Federal Filings Newswires,125,0
61,NKE,161,20010122,1439,"Nike Golf, Nordstrom Announce Agreement for Exclusive Distribution Of Tiger Woods Collection",PR Newswire,497,0
62,NKE,162,20010122,NA,"Nike Golf, Nordstrom, Inc. Announce Agreement for Exclusive Distribution Of Tiger Woods Collection",Reuters Significant Developments,92,0
63,NKE,163,20010122,NA,Converse files for bankruptcy.,Financial Times (FT.Com),275,0
64,NKE,164,20010122,NA,Converse files for bankruptcy protection.,Financial Times (FT.Com),275,0
65,NKE,165,20010119,NA,INTERNATIONAL ECONOMY - Sackings dispute hits Nike - Andrea Mandel-Campbell and Edward Alden.,Financial Times,548,0
66,NKE,166,20010119,NA,INTERNATIONAL ECONOMY - Sackings dispute hits Nike.,Financial Times,525,0
67,NKE,167,20010118,700,Get Ready for the Nike Golf Tour Accuracy Challenge,PR Newswire,395,0
68,NKE,168,20010118,NA,Sackings dispute hits Nike.,Financial Times (FT.Com),523,0
69,NKE,169,20010117,1421,Nike/Costs -3: Apparel Margins Better In 2Q Vs Year Ago,Federal Filings Newswires,203,0
70,NKE,170,20010117,1409,"Nike/Costs-2: Olympics, Soccer Helped Drive Up Marketing",Federal Filings Newswires,206,0
71,NKE,171,20010117,1401,"Nike Selling, Admin Costs Rise 8% In 2Q Vs Yr Ago",Federal Filings Newswires,18,0
72,NKE,172,20010117,2402,Nike Got $1.25Bln Credit Line In FY'01 2nd Qtr,Federal Filings Newswires,21,0
73,NKE,173,20010117,1529,"Nike Selling, Admin Costs Rise 8% In 2Q Vs Year Ago",Dow Jones News Service,364,0
74,NKE,174,20010117,2407,Nike Got $1.25 Billion Credit Line In FY'01 2nd Qtr,Dow Jones News Service,145,0
75,NKE,175,20010117,1402,"Nike Costs Rise In 2Q For Marketing, Growth Initiatives",Federal Filings Newswires,16,0
76,NKE,176,20010117,2420,Nike/Credit Line -2: Has $750M Line Maturing In 364 Days,Federal Filings Newswires,158,0
77,NKE,177,20010115,NA,"Business Brief -- Nike Inc.: In Mexico, Workers Strike At Kukdong-Owned Factory",The Wall Street Journal,171,0
78,NKE,178,20010113,1854,U.S. organic cotton acreage off - Nike to use more.,Reuters News,297,0
79,NKE,179,20010112,1757,Nike Golf Extends Contract of Golfer Casey Martin,PR Newswire,748,0
80,NKE,180,20010112,NA,SPORT - Nike finds Brazil deal a bad fit - FOOTBALL SPONSORSHIP - Raymond Colitt and Matthew ...,Financial Times,1004,0
81,NKE,181,20010112,NA,Nike finds Brazil soccer deal a bad fit.,Financial Times (FT.Com),970,0
82,NKE,182,20010110,1000,Soccer-Ronaldo tells Congress he was fit for World Cup final.,Reuters News,427,0
83,NKE,183,20010109,2439,Soccer-Ronaldo to testify over World Cup final appearance.,Reuters News,495,0
84,NKE,184,20010108,NA,Nike finds deal a bad fit.,Financial Times (FT.Com),967,0
85,NKE,185,20010108,NA,Nike in spotlight as Ronaldo testifies on 1998 final.,Financial Times (FT.Com),321,0
86,NKE,186,20010103,1941,UPDATE 2-Nike exec Clarke files to sell $7.8 mln in shares.,Reuters News,208,0
87,NKE,187,20010103,2424,Nike exec Clarke files to sell $7.8 mln in shares.,Reuters News,160,0
88,NKE,188,20010103,1717,UPDATE 1-Nike exec Clarke files to sell $7.8 mln in shares.,Reuters News,183,0
89,NKE,189,20010103,2437,"Nike Pres Clarke Registers 140,000 More Common Shares",Federal Filings Newswires,136,0
90,NKE,190,20010103,1310,"Nike Pres Clarke Registers 140,000 More Common Shares",Dow Jones News Service,133,0
91,NKE,191,20010102,1144,UPDATE 1-Adidas paid French fine of 2.4 mln euros in 1997.,Reuters News,201,0
92,NKE,192,20010102,610,French court fines Adidas 2.4 mln euros.,Reuters News,162,0
