,Ticker,Index,Date,Time,Headline,Source,NumWords,missing
1,NKE,201,20120710,1545,Nike (NKE) Mkt On Close Buy Imbalance: Shrs 81700,Dow Jones News Service,9,0
2,NKE,202,20120710,930,"Zacks Sell List Highlights: NIKE, Companhia de Bebidas das Americas, Arcos Dorados Holding and Weight Watchers International",PR Newswire (U.S.),1047,0
3,NKE,203,20120709,1021,NBA Executive Returns to Nike to Lead Jordan Brand,Dow Jones Business News,314,0
4,NKE,204,20120709,1006,Nike Names Larry Miller As Pres Of The Jordan Brand,Dow Jones News Service,314,0
5,NKE,205,20120709,915,"Central Coast McDonald's(R) Will Send One Lucky Customer to See Local Pro-Surfer, Lakey Peterson, Compete at the Nike U.S. Open of Surfing",PR Newswire (U.S.),10,0
6,NKE,206,20120709,1557,"Top Stock Alerts for Day Traders: Kohl's, Schlumberger, NIKE, ConocoPhillips, EnCana, and Fifth Third Bancorp",PR Newswire (U.S.),603,0
7,NKE,207,20120709,850,Nike (NKE) Mkt On Close Buy Imbalance: Shrs 99100,Dow Jones News Service,709,0
8,NKE,208,20120702,859,Li Ning Brings In New Management,The Wall Street Journal Asia,818,0
9,NKE,209,20120706,1545,Nike (NKE) Mkt On Close Sell Imbalance: Shrs 51300,Dow Jones News Service,9,0
10,NKE,210,20120706,NA,"At Olympic Trials, Shoe Companies Compete, Too",NYT Blogs,717,0
11,NKE,211,20120706,NA,Heard on the Street / Financial Analysis and Commentary,The Wall Street Journal Asia,647,0
12,NKE,212,20120705,1419,Heard on the Street / Financial Analysis and Commentary,The Wall Street Journal (Europe Edition),731,0
13,NKE,213,20120705,407,Foreign Forces Are Striking U.S. Earnings,The Wall Street Journal,773,0
14,NKE,214,20120704,2333,Nike running shoes are displayed at the U.S. Olympic athletics trials in Eugen,Reuters Pictures,751,0
15,NKE,215,20120705,1545,Nike Cut To Hold From Buy By Argus,Dow Jones International News,9,0
