,Ticker,Index,Date,Time,Headline,Source,NumWords,missing
1,NKE,1,20010329,1612,Timberland warns cattle diseases could hurt business.,Reuters News,230,0
2,NKE,2,20010329,1731,UPDATE 1-Timberland warns cattle diseases could hurt business.,Reuters News,423,0
3,NKE,3,20010329,2429,Retailer Galyan's Trading files for $100 mln IPO.,Reuters News,249,0
4,NKE,4,20010328,1016,"RESEARCH ALERT-UBS Warburg starts apparel, footwear cos.",Reuters News,188,0
5,NKE,5,20010327,NA,SURVEY - CREATIVE BUSINESS - Nike.,Financial Times,579,0
6,NKE,6,20010326,1803,Basketball-Fancy footwear no protection against injury - study.,Reuters News,314,0
7,NKE,7,20010322,NA,Nike's Net Fell 33% For Third Quarter As Orders Declined,The Wall Street Journal Europe,173,0
8,NKE,8,20010322,1753,"Nike, Inc. Names New Vice Presidents of Global Apparel Sourcing And Global Operations",PR Newswire,450,0
9,NKE,9,20010322,NA,Nike's Net Fell 33% In Third Quarter,The Asian Wall Street Journal,155,0
10,NKE,10,20010321,239,"German DAX seen whipped by Fed decision, D.Telekom.",Reuters News,360,0
11,NKE,11,20010320,1937,"UPDATE 3-Nike Q3 profits fall 33 pct, hurt by U.S. shoe sales.",Reuters News,596,0
12,NKE,12,20010321,1506,Reebok chairman sees steady growth in uncertain economy.,Reuters News,267,0
13,NKE,13,20010321,NA,COMPANY NEWS: EARNINGS AT NIKE PLUMMET 33% IN THE LATEST QUARTER,New York Times Abstracts,40,0
14,NKE,14,20010321,NA,"Business Brief -- Nike Inc.: Net Falls 33% on Weak Sales Of Footwear, Supply Glitches",The Wall Street Journal,231,0
15,NKE,15,20010321,NA,COMPANIES &FINANCE THE AMERICAS - Sports shoes drag on Nike.,Financial Times,307,0
16,NKE,16,20010320,1657,UPDATE 2-Nike Q3 profits fall 33 percent.,Reuters News,430,0
17,NKE,17,20010320,1659,TABLE-Nike Inc. third-quarter earnings fall 33 pct.,Reuters News,245,0
18,NKE,18,20010320,1623,Nike Q3 profits fall 33 percent.,Reuters News,207,0
19,NKE,19,20010320,1641,"Nike's 3rd-Quarter Net Income Fell 33%, Hitting Lowered Target",Dow Jones Business News,636,0
20,NKE,20,20010320,1843,Nike Says 84% Of Excess US Footwear Sold To Stores,Dow Jones News Service,1466,0
21,NKE,21,20010320,1618,Nike Inc. 3Q Rev $2.17B Vs $2.16B,Dow Jones News Service,496,0
22,NKE,22,20010320,NA,Nike earnings decline 33% in third quarter.,Financial Times (FT.Com),309,0
23,NKE,23,20010320,NA,Sports shoes drag on Nike.,Financial Times (FT.Com),307,0
24,NKE,24,20010319,1833,DIARY - U.S. corporate earnings calendar Mar. 20.,Reuters News,67,0
25,NKE,25,20010316,1426,DIARY - U.S.corporate earnings calendar March 19-23.,Reuters News,180,0
26,NKE,26,20010316,NA,COMPANY NEWS: NIKE NAMES NEW LEADER FOR UNITED STATES OPERATIONS,New York Times Abstracts,26,0
27,NKE,27,20010315,855,Nike names new president of U.S. operations.,Reuters News,105,0
28,NKE,28,20010315,907,Nike Names Company Veteran DeStefano President of U.S. Operations,Dow Jones Business News,137,0
29,NKE,29,20010315,830,Nike Inc. Names President of U.S. Operations,PR Newswire,423,0
30,NKE,30,20010315,852,Nike Names U.S. Ops Pres -2: Hasn't Named Successor Yet,Dow Jones News Service,88,0
31,NKE,31,20010315,830,Nike Inc. Gary M. DeStefano Pres Of US Ops,Dow Jones News Service,101,0
32,NKE,32,20010314,NA,Managers & Managing: Who's News,The Wall Street Journal Europe,211,0
33,NKE,33,20010313,NA,Nike Inc.,The Wall Street Journal,137,0
34,NKE,34,20010313,1700,Class Action Lawsuit Filed Against Nike Inc.,PR Newswire,622,0
35,NKE,35,20010313,1617,"NIKE, Inc. to Webcast Earnings",PR Newswire,279,0
36,NKE,36,20010312,NA,Managers & Managing: Who's News,The Wall Street Journal Europe,264,0
37,NKE,37,20010312,744,Hot Stocks To Watch: NKE LVC ELET,Dow Jones News Service,170,0
38,NKE,38,20010312,NA,INTERNATIONAL PEOPLE - FT Global 500 moves Nike.,Financial Times,73,0
39,NKE,39,20010309,1633,Nike Inc. Faces Suit For Alleged Securities Violations,Dow Jones News Service,249,0
40,NKE,40,20010309,NA,NIKE SELECTS TWO TO SHARE THE TITLE OF PRESIDENT,The New York Times,135,0
41,NKE,41,20010308,855,Nike names two new presidents of Nike Brand.,Reuters News,176,0
42,NKE,42,20010308,541,Adidas says U.S. problems persist but sees pick up.,Reuters News,227,0
43,NKE,43,20010308,1046,UPDATE 2-Adidas set to struggle in sluggish U.S. market.,Reuters News,858,0
44,NKE,44,20010308,959,"INTERVIEW-New Adidas CEO aims to outcool Nike, Reebok.",Reuters News,672,0
45,NKE,45,20010308,905,Nike Names Two Company Veterans as Presidents of Nike Brand,Dow Jones Business News,326,0
46,NKE,46,20010308,1545,DJ: Argentine Textile Co To Lay Off 850 Workers-Agency,Dow Jones International News,176,0
47,NKE,47,20010308,836,"Nike Inc. Names Denson, Parker Presidents Of Nike Brand",Dow Jones News Service,60,0
48,NKE,48,20010307,NA,Technology Journal: ESPN.com's Page 2 Draws Readers With Politically Incorrect Viewpoints --- Well-Known Writers Make Fun of Sports World...,The Wall Street Journal Europe,773,0
49,NKE,49,20010307,NA,"Nike, Inc. and Finish Line, Inc. in Partnership",Reuters Significant Developments,74,0
50,NKE,50,20010307,NA,"ESPN.com's Page 2 Site Rakes in Readers, Ads --- Well-Known Writers Draw in Sports Fans",The Asian Wall Street Journal,788,0
51,NKE,51,20010305,1440,Australasian Order of Merit Winner Reaches Three-Year Agreement With Nike Golf,PR Newswire,375,0
52,NKE,52,20010302,1352,"Warnings, warnings, warnings, and no end in sight.",Reuters News,339,0
53,NKE,53,20010301,NA,Managers & Managing: Sweatshop Spat Gives Nike Some Traction in Marketing --- E-Mail Protest Boosts Personalized Shoe Offer,The Wall Street Journal Europe,674,0
54,NKE,54,20010301,1737,Mounties seize thousands of counterfeit designer clothes.,Reuters News,251,0
55,NKE,55,20010228,2036,"Seattle quake jolts business, but damage mostly minor.",Reuters News,685,0
56,NKE,56,20010301,NA,`Sweatshop' Spat Gives Nike Traction,The Asian Wall Street Journal,662,0
57,NKE,57,20010228,NA,Nike Expects to Miss Estimates From Low Third-Quarter Sales --- Company Blames Slow U.S. Footwear Purchases,The Wall Street Journal Europe,396,0
58,NKE,58,20010227,1912,WRAPUP-U.S. tech stocks sink - bonds rally on rate-cut hopes.,Reuters News,984,0
59,NKE,59,20010228,NA,Nike Gets Traction From Sweatshop Spat,The Wall Street Journal,668,0
60,NKE,60,20010228,NA,Lex - Nike.,Financial Times (FT.Com),250,0
61,NKE,61,20010227,2009,"HK PRESS: Yue Yuen To Invest HK$120-150M In China,Vietnam",Dow Jones Asian Equities Report,95,0
62,NKE,62,20010228,NA,COMPANIES &FINANCE THE AMERICAS - Nike loses grip on eps targets.,Financial Times,269,0
63,NKE,63,20010228,NA,Nike Expects Net For Third-Quarter To Miss Forecast --- Sportswear Maker Blames Weak U.S. Footwear Sales,The Asian Wall Street Journal,295,0
64,NKE,64,20010227,1646,"U.S. stocks slump, Nasdaq ends at 2-year low.",Reuters News,813,0
65,NKE,65,20010227,1506,"Eurostocks up for second day, look to Greenspan.",Reuters News,825,0
66,NKE,66,20010227,1504,"U.S. stocks stumble, Wall Street frets over slowing economy.",Reuters News,817,0
67,NKE,67,20010227,2453,UPDATE 1-Software firms fall as analysts cut profit estimates.,Reuters News,828,0
68,NKE,68,20010227,229,REPEAT-UPDATE 3-Nike blames Q3 shortfall on software problems.,Reuters News,610,0
69,NKE,69,20010227,352,Adidas Salomon slides on Nike profit forecast cut.,Reuters News,168,0
70,NKE,70,20010227,1016,Hot Stocks Highlights - Feb. 27.,Reuters News,445,0
71,NKE,71,20010227,2459,U.S. stocks mixed amid wave of weak economic data.,Reuters News,839,0
72,NKE,72,20010227,1004,"German DAX above red, helped by D.Telekom gains.",Reuters News,214,0
73,NKE,73,20010227,947,U.S. stocks open lower on downbeat earnings.,Reuters News,295,0
74,NKE,74,20010227,2438,"Eurostocks up for second day, D. Telekom leads.",Reuters News,1039,0
75,NKE,75,20010227,931,Mexico stocks seen opening weak with U.S. markets.,Reuters News,378,0
76,NKE,76,20010227,925,"CORRECTED - U.S. stocks seen lower at open on downbeat earns, data.",Reuters News,965,0
77,NKE,77,20010227,923,"Toronto stocks seen opening lower, waiting data.",Reuters News,357,0
78,NKE,78,20010227,928,"CORRECTED - Before the Bell - Futures ease, Nike slides.",Reuters News,227,0
79,NKE,79,20010227,904,RESEARCH ALERT-CSFB cuts Nike to hold from buy.,Reuters News,99,0
80,NKE,80,20010227,833,RESEARCH ALERT-Lehman cuts Nike target.,Reuters News,193,0
81,NKE,81,20010227,1156,Telekom keeps DAX positive but weak Wall Street weighs.,Reuters News,738,0
82,NKE,82,20010227,826,"Deutsche Telekom supports German DAX, N.Markt stays flat.",Reuters News,656,0
83,NKE,83,20010227,822,"FOREX-Dollar slips ahead of U.S. data, eyes stocks.",Reuters News,666,0
84,NKE,84,20010226,1951,UPDATE 3-Nike blames Q3 shortfall on software problems.,Reuters News,609,0
85,NKE,85,20010227,814,"U.S. stocks set to open lower on downbeat earns, data.",Reuters News,1042,0
86,NKE,86,20010227,1107,U.S. stocks pinned lower after weak data.,Reuters News,858,0
87,NKE,87,20010227,757,I2 slumps in pre-open with Nike shortfall warning.,Reuters News,141,0
88,NKE,88,20010227,1049,Top software firms fall as analysts cut profit estimates.,Reuters News,226,0
89,NKE,89,20010227,255,"Eurostocks seen up, nervy ahead US confidence data.",Reuters News,851,0
90,NKE,90,20010227,252,PRESS DIGEST - New York Times business - Feb 27.,Reuters News,232,0
91,NKE,91,20010227,245,"German stocks seen higher, buoyed by U.S. close.",Reuters News,237,0
92,NKE,92,20010227,234,German stocks - Factors to watch on Feb 27.,Reuters News,428,0
93,NKE,93,20010227,705,U.S. stocks mixed in quiet European trade.,Reuters News,481,0
94,NKE,94,20010227,405,"German DAX starts flat, Adidas hit by Nike warning.",Reuters News,263,0
95,NKE,95,20010227,NA,Nike Warns Fiscal 3rd-Quarter Earnings Will Miss Estimates by at Least 28%,The Wall Street Journal,378,0
96,NKE,96,20010227,NA,Nike loses grip on EPS targets.,Financial Times (FT.Com),260,0
97,NKE,97,20010227,NA,i2 buckles beneath Nike.,Financial Times (FT.Com),399,0
98,NKE,98,20010227,NA,i2 Technologies buckles beneath Nike accusation.,Financial Times (FT.Com),401,0
99,NKE,99,20010227,NA,Nike warns of lower earnings on weak US shoe sales.,Financial Times (FT.Com),167,0
100,NKE,100,20010227,NA,"Europe opens higher on strong US close - Frankfurt +0.14% at 6,197.43, Paris +0.28% at 5,430.02.",Financial Times (FT.Com),353,0
