,Ticker,Index,Date,Time,Headline,Source,NumWords,missing
1,NKE,101,20020806,1637,Nike Golf Introduces the Perfect Set of Irons,PR Newswire,291,0
2,NKE,102,20020805,658,Adidas Q2 to bear brunt of World Cup marketing bill.,Reuters News,520,0
3,NKE,103,20020805,NA,Nike Is Seeking Review of Ruling On Activist Suit,The Asian Wall Street Journal,405,0
4,NKE,104,20020802,1224,Nike to appeal Calif. ruling to Supreme Court.,Reuters News,409,0
5,NKE,105,20020802,NA,Nike to Turn to the Supreme Court,The Wall Street Journal,710,0
6,NKE,106,20020802,NA,"SPX, Alcoa, Caterpillar Fall, Hurt by Economic Report",The Wall Street Journal,868,0
7,NKE,107,20020802,NA,U.S. Stocks Sink on Key Report --- Dow Industrials Decline By 229.97 Points on Data On Manufacturing Growth,The Wall Street Journal Europe,643,0
8,NKE,108,20020801,1931,Nike to appeal Calif. ruling to Supreme Court.,Reuters News,409,0
9,NKE,109,20020801,1422,Nike Golf Introduces Expanded Lines at Fall PGA Show,PR Newswire,635,0
10,NKE,110,20020801,1359,"Nike, Inc. to Ask U.S. Supreme Court to Reaffirm First Amendment Right Of Businesses to Discuss Public Issues",PR Newswire,901,0
11,NKE,111,20020801,NA,Philips Electronics Blitzes Asian Market As It Strives for Hipness,The Asian Wall Street Journal,898,0
12,NKE,112,20020801,NA,Unhip Philips Tries to Shed Its Stuffy Image --- Old-World Maker Woos Young Asians in Battle For Electronics Market,The Wall Street Journal Europe,875,0
13,NKE,113,20020801,1400,Nike To Ask Supreme Ct To Reaffirm 1st Amendment Right,Dow Jones News Service,153,0
14,NKE,114,20020730,2115,PRESS DIGEST-Indonesian business news - July 31.,Reuters News,338,0
15,NKE,115,20020731,453,Nike Is Latest Footwear Co To Cut Production In Indonesia,Dow Jones International News,344,0
16,NKE,116,20020730,602,"Zacks Issues Recommendations on 4 Stocks: BSC, CBH, MHP and NKE",PR Newswire,1252,0
17,NKE,117,20020726,1551,Web sites for brick-and-mortar e-tailers score big.,Reuters News,397,0
18,NKE,118,20020726,NA,THE MEDIA BUSINESS: ADVERTISING -- ADDENDA: LIONS AND OBIES HONOR AD WORK,New York Times Abstracts,63,0
19,NKE,119,20020726,NA,PERSONAL JOURNAL --- Global Player: Wrestle This Bear Market --- Whom Can You Trust? These Four Experts Offer Sound Advice to Cope With the...,The Wall Street Journal Europe,2017,0
20,NKE,120,20020726,122,"Vietnam Police Seize Counterfeit Nike, Adidas Shoe Parts",Dow Jones International News,425,0
21,NKE,121,20020725,712,"UPDATE 2-Puma Q2 profit jumps, boosts stock.",Reuters News,498,0
22,NKE,122,20020724,1531,Reebok and Skechers earnings up on mid-price shoes.,Reuters News,647,0
23,NKE,123,20020723,NA,Reebok's Iverson Shoe Line Sells Despite Star's Legal Problems,The Wall Street Journal Europe,678,0
24,NKE,124,20020723,1400,TALES OF THE TAPE: Finish Line's Changes,Dow Jones News Service,1186,0
25,NKE,125,20020723,1748,Nike Golf Carries on Innovation and Style in New Bag Line,PR Newswire,343,0
26,NKE,126,20020723,NA,Foot Locker Alters Shoe Mix --- Nike's Biggest Customer Cuts Back on High-End Sneakers,The Asian Wall Street Journal,839,0
27,NKE,127,20020723,NA,"Reebok's Iverson Line Sells, Despite Star's Legal Woes",The Asian Wall Street Journal,644,0
28,NKE,128,20020722,NA,Foot Locker Changes Retail Mix,The Wall Street Journal Europe,269,0
29,NKE,129,20020722,1112,UPDATE 1-Foot Locker cuts shelf space of high-priced Nikes.,Reuters News,376,0
30,NKE,130,20020722,304,Footlocker cuts shelf space of high priced Nikes-WSJ.,Reuters News,267,0
31,NKE,131,20020722,115,PRESS DIGEST - Wall Street Journal - July 22.,Reuters News,435,0
32,NKE,132,20020722,NA,"Foot Locker Changes Mix of Sneakers --- Nike's Biggest Customer, Faced With Lukewarm Reaction, Cuts Back on Expensive Shoes",The Wall Street Journal,911,0
33,NKE,133,20020722,NA,"Reebok's Iverson Shoe Line Strong, Despite NBA Star's Legal Woes",The Wall Street Journal,665,0
34,NKE,134,20020719,NA,PERSONAL JOURNAL --- The Home Front -- Gearing Up -- Step This Way: Custom-Made Sneakers,The Wall Street Journal Europe,228,0
35,NKE,135,20020718,NA,"NIKE Goes Live with Vastera, Inc.'s TradeSphere Finance and Importer Modules",Reuters Significant Developments,59,0
36,NKE,136,20020716,NA,FRONT ROW,New York Times Abstracts,36,0
37,NKE,137,20020716,511,"RESEARCH ALERT-Merrill ups Nike rating to ""strong buy"".",Reuters News,130,0
38,NKE,138,20020715,NA,"Nike, Inc. to Launch the Tiger Woods and DuraComfort Collections",Reuters Significant Developments,58,0
39,NKE,139,20020715,728,UPDATE 1-Puma chief eyes 70 percent earnings sprint in 2002.,Reuters News,522,0
40,NKE,140,20020715,1640,Nike Golf Raises Style and Performance Standards for Men's Footwear This Fall and Beyond,PR Newswire,224,0
41,NKE,141,20020712,1755,Does Reebok need an 'Answer' for Iverson scandal?,Reuters News,713,0
42,NKE,142,20020711,601,Team Jordan Welcomes Two New Football Recruits,PR Newswire,579,0
43,NKE,143,20020711,NA,"Nike, Inc. Launches Backpack Line for 2002 School Year",Reuters Significant Developments,59,0
44,NKE,144,20020710,NA,Long-Hitting Clubs May Level the Field For Weekend Golfers --- Technology Gives Drivers Extra `Pop'; Six Yards Closer to Tiger Woods,The Wall Street Journal,1205,0
45,NKE,145,20020705,NA,Shoemakers Take to Streets,The Wall Street Journal Europe,951,0
46,NKE,146,20020703,1341,US Retailers Hedging For West Coast Dockworkers' Strike,Dow Jones News Service,600,0
47,NKE,147,20020703,NA,"Hoop Dreams: In Search of Stars, Shoe Makers Turn To the Playground --- As Big Names Wane, Reebok And Nike Court Hip Kids With Local...",The Wall Street Journal,1963,0
48,NKE,148,20020702,NA,"Retailers Look for Winning Teams --- South Korea's Fans Create Run on Jerseys as Nike, Adidas Seek Soccer's Best",The Asian Wall Street Journal,996,0
49,NKE,149,20020702,NA,Retailers Stumped by World Cup Results --- Success of South Korea Creates Run on Red Jerseys; French Shirts Gather Dust,The Wall Street Journal Europe,949,0
50,NKE,150,20020702,1205,"HK Hot Stocks-Clothing, shoe exporters up sharply.",Reuters News,192,0
51,NKE,151,20020701,1647,Nike Golf Enlists Legendary Crooners for New Campaign,PR Newswire,456,0
52,NKE,152,20020701,NA,Nike Posts Rise In Net Income,The Asian Wall Street Journal,185,0
53,NKE,153,20020701,NA,Off-Key 2nd Quarter Ends on Sour Note For U.S. Markets,The Asian Wall Street Journal,378,0
54,NKE,154,20020701,NA,Major Indexes Finish Session Little Changed --- Stocks Register Closing Of Unpleasant Quarter On Inauspicious Note,The Wall Street Journal Europe,695,0
55,NKE,155,20020701,716,Wall St seen firm but held back by accounting woe.,Reuters News,368,0
56,NKE,156,20020701,624,"D.Telekom brakes DAX decline, Adidas stumbles.",Reuters News,656,0
57,NKE,157,20020701,604,Adidas stock falls after Nike-clad Brazil win final.,Reuters News,387,0
58,NKE,158,20020701,NA,"Picking a Winning Jersey Is Tough --- South Korea's Fans Create A Run on `Kits' as Nike, Adidas Seek Soccer's Best",The Wall Street Journal,1120,0
59,NKE,159,20020701,NA,Stocks End Unpleasant Quarter In an Inauspicious Manner,The Wall Street Journal,720,0
