,Ticker,Index,Date,Time,Headline,Source,NumWords,missing
1,NKE,1,20020930,926,Manchester United buck trend of financial gloom.,Reuters News,588,0
2,NKE,2,20020930,922,Soccer-United buck trend of financial gloom in world game.,Reuters News,591,0
3,NKE,3,20020930,1149,UPDATE 3-Man Utd scores from player sales.,Reuters News,672,0
4,NKE,4,20020930,2455,UPDATE 3-Soccer-Player sales boost Man Utd annual profits.,Reuters News,571,0
5,NKE,5,20020930,NA,"Barbershops Create a Buzz: Marketers, Taste Makers Use Them to Push Products --- Minority Salons Entice Customers With Haircuts, CDs and...",The Asian Wall Street Journal,1171,0
6,NKE,6,20020930,NA,"Barbershops Create a Buzz: Marketers, Tastemakers Use Them to Push Products --- To Sellers of CDs and Sports Shoes, Haircutters' Word of...",The Wall Street Journal Europe,1198,0
7,NKE,7,20020927,NA,"Barbershops Are Back But With a Twist: A Haircut and a CD --- They Have Sports Themes, Hawk Shoes and Records; New Voices of Authority",The Wall Street Journal,1203,0
8,NKE,8,20020927,NA,PERSONAL JOURNAL --- Home Front -- Gearing Up -- Look Like a Pro: Titanium Golf Clubs,The Wall Street Journal Europe,223,0
9,NKE,9,20020925,2441,FEATURE-Baseball icon Rawlings faces toughest pitch.,Reuters News,1063,0
10,NKE,10,20020925,1315,UPDATE 2-Adidas sees America and Asia beefing up earnings.,Reuters News,537,0
11,NKE,11,20020923,528,Adidas Sweats Over Third World Subcontractors Sweatshops,Dow Jones International News,1055,0
12,NKE,12,20020923,1031,Stock Rating Reiterations: AEIS ISIL AMLN MGG KSU OSIP,Dow Jones News Service,179,0
13,NKE,13,20020920,NA,THE MEDIA BUSINESS: ADVERTISING -- ADDENDA: NIKE SPOT WINS AN EMMY AWARD,New York Times Abstracts,45,0
14,NKE,14,20020920,2403,FEATURE-Sports goods maker looks for new blood to win race.,Reuters News,877,0
15,NKE,15,20020920,702,Soccer-Man United brand still booming despite dip in form.,Reuters News,593,0
16,NKE,16,20020919,NA,Nike Reports Loss On New Accounting,The New York Times,268,0
17,NKE,17,20020919,NA,NIKE REPORTS LOSS ON NEW ACCOUNTING,New York Times Abstracts,46,0
18,NKE,18,20020919,NA,Companies: Nike Swung to 1st-Quarter Loss --- Goodwill Write-Off Cuts Results as Overseas Sales Offset U.S. Market Slump,The Wall Street Journal Europe,577,0
19,NKE,19,20020919,1504,"SportsTicker: Tiger Shoots 65, Leads At American Express",Dow Jones News Service,743,0
20,NKE,20,20020919,NA,Nike Swings to a Loss Despite 7% Sales Rise,The Asian Wall Street Journal,595,0
21,NKE,21,20020919,1137,Banks maul Germany's DAX index as Allianz steadies.,Reuters News,650,0
22,NKE,22,20020919,814,DAX falls as expiry looms but Allianz steadies.,Reuters News,672,0
23,NKE,23,20020919,108,"HK stocks steady at midday, exporter Li & Fung down.",Reuters News,492,0
24,NKE,24,20020919,1235,PRESS DIGEST - Wall Street Journal - Sept 19.,Reuters News,485,0
25,NKE,25,20020919,1220,HK Hot Stocks-Esprit succumbs to profit-taking.,Reuters News,371,0
26,NKE,26,20020918,2345,HK Hot Stocks-Yue Yuen extends fall after deal.,Reuters News,205,0
27,NKE,27,20020919,NA,"J.P. Morgan Ends 5.2% Lower; Celestica, Hershey Foods Drop",The Wall Street Journal,776,0
28,NKE,28,20020919,NA,"Nike Posts Loss, Citing Write-Off For Goodwill",The Wall Street Journal,587,0
29,NKE,29,20020918,1500,"Maine Running Great Joan Benoit Samuelson Honored with New Track in Hometown Of Freeport, Maine",PR Newswire,1054,0
30,NKE,30,20020918,1000,The Switch Is On: Tiger Woods Puts His Trust in Engineer Tom Stites and Nike Golf's Forged Irons,PR Newswire,561,0
31,NKE,31,20020918,801,"NIKE, Inc. Reports First Quarter Earnings Per Share Up Eight Percent; Worldwide Futures Orders Increase 2.5 Percent",PR Newswire,1452,0
32,NKE,32,20020918,NA,"Nike, Inc. Sees Weaker Revenue Growth than Expected, Confirms Revenue Outlook for Year-Reuters",Reuters Significant Developments,105,0
33,NKE,33,20020918,1011,"NIKE, Inc. reports first quarter earnings per share up eight per cent - worldwide futures orders ...",PR Newswire Europe,1545,0
34,NKE,34,20020918,815,Nike Posts Fiscal 1st-Quarter Loss on Changes for New Accounting Rules,Dow Jones Business News,395,0
35,NKE,35,20020918,1132,Nike Call -2: 'A Lot Of Confidence' About High-End Shoes,Dow Jones News Service,772,0
36,NKE,36,20020918,1012,NEWS WRAP: Nike Had Fiscal 1Q Loss On Accounting Changes,Dow Jones News Service,384,0
37,NKE,37,20020918,935,Nike Still Sees High-Single-Digit FY03 Rev Growth,Dow Jones News Service,45,0
38,NKE,38,20020918,729,Nike 1Q Net Up 8%,Dow Jones News Service,505,0
39,NKE,39,20020918,1926,Nike earnings rise on strong international sales.,Reuters News,662,0
40,NKE,40,20020918,1621,UPDATE 3-Nike earnings rise on strong international sales.,Reuters News,665,0
41,NKE,41,20020918,1323,Nike sees weaker revenue growth than expected.,Reuters News,79,0
42,NKE,42,20020918,947,Nike sees weaker revenue growth than expected.,Reuters News,79,0
43,NKE,43,20020918,919,UPDATE 1-Nike earnings rise on strong international sales.,Reuters News,281,0
44,NKE,44,20020918,820,TABLE-Nike 1st-quarter profit up.,Reuters News,223,0
45,NKE,45,20020918,819,Nike earnings rise on strong international sales.,Reuters News,153,0
46,NKE,46,20020918,710,DIARY-Today in U.S. Equities - Sept 18.,Reuters News,293,0
47,NKE,47,20020917,2119,"HK stocks seen lower on U.S., no cheer from jobless news.",Reuters News,531,0
48,NKE,48,20020917,1138,DIARY-U.S. Equities Events from Sept. 18.,Reuters News,236,0
49,NKE,49,20020917,932,UPDATE 1-Yue Yuen to buy shoe business for US$427 mln.,Reuters News,433,0
50,NKE,50,20020917,831,Yue Yuen to buy shoe units for US$427 mln.,Reuters News,122,0
51,NKE,51,20020916,1655,"Nike, Inc.'s 2002 Annual Meeting of Shareholders",PR Newswire,272,0
52,NKE,52,20020916,1449,DIARY-U.S. Equities Events from Sept. 17.,Reuters News,251,0
53,NKE,53,20020913,1036,Foot Locker Could See $150M-$250M Cut In Nike Purchases,Dow Jones Corporate Filings Alert,242,0
54,NKE,54,20020913,1511,Nike shares hit new low on Foot Locker cuts.,Reuters News,631,0
55,NKE,55,20020912,1655,"NIKE, Inc. to Webcast Earnings Conference Call, Annual Meeting of Shareholders and Investor Meeting",PR Newswire,338,0
56,NKE,56,20020912,1636,Nike Golf Preps Team USA in Time for Solheim,PR Newswire,401,0
57,NKE,57,20020909,NA,"Footwear Is Fleeing Indonesia --- Output Drop by Nike, Others Has Implications for Key Export Model",The Wall Street Journal,1010,0
58,NKE,58,20020906,NA,Investors Take Defensive Posture Amid Stock-Market Volatility,The Wall Street Journal,471,0
59,NKE,59,20020905,902,"Nike Donates More Than $29 Million in Cash, Product and In-Kind Services",PR Newswire,1236,0
60,NKE,60,20020905,1530,Options Report:Investors Play It Safe With Bleak Forecast,Dow Jones News Service,615,0
61,NKE,61,20020903,1339,Tiger Woods and Nike Golf Make Golf and Holiday Shopping a Little Easier,PR Newswire,839,0
62,NKE,62,20020831,1658,Business group pushes green guidelines at Summit.,Reuters News,299,0
63,NKE,63,20020831,1657,Business group pushes green guidelines at Summit.,Reuters News,299,0
64,NKE,64,20020829,2150,U.S. techs boosted by bargain-hunting - Dow stumbles.,Reuters News,979,0
65,NKE,65,20020830,NA,"Recovery Data Dent Blue Chips; P&G, Caterpillar and GE Slide",The Wall Street Journal,991,0
66,NKE,66,20020830,NA,"Economic Data Dent Blue Chips --- Industrials Fall 23.10 Points; Procter & Gamble, Caterpillar And General Electric Decline",The Wall Street Journal Europe,735,0
67,NKE,67,20020829,1545,U.S. techs hold gains - GE hurts Dow.,Reuters News,825,0
68,NKE,68,20020829,2409,"Footwear retailers slash estimates, shares fall.",Reuters News,477,0
69,NKE,69,20020829,1131,"Insurers dent DAX, TUI jumps as outlook reassures.",Reuters News,654,0
70,NKE,70,20020829,NA,Which Agency Should Get an Emmy for Best Ad?,The Wall Street Journal Europe,488,0
71,NKE,71,20020828,NA,"Which Agency Should Get an Emmy? --- Not `Nail Gun' or `Amnesia' Or Even the Olympians, But the Patriotic Offering",The Wall Street Journal,650,0
72,NKE,72,20020827,1327,Nike Golf Goes Soft on Golfers This Holiday,PR Newswire,438,0
73,NKE,73,20020827,1618,CFA Retail: Monthly Insider Review For July,Dow Jones Corporate Filings Alert,1669,0
74,NKE,74,20020826,NA,"Knockoff Nikes Soon May Be a No-No in China, Too",The Wall Street Journal,410,0
75,NKE,75,20020825,NA,"RESPONSIBLE PARTY: A BURDEN OF YOUTH, LIGHTENED",New York Times Abstracts,34,0
76,NKE,76,20020822,903,GolfGear Agrees To $3M Investment From ThinkTank Hldg,Dow Jones News Service,294,0
77,NKE,77,20020822,NA,Sneakers' Savile Row: Custom Running Shoes Are Gaining a Footing,The Wall Street Journal,925,0
78,NKE,78,20020821,1124,"SEC Clears Nike CEO, CFO Sworn Certifications",Dow Jones News Service,53,0
79,NKE,79,20020821,NA,Nike Workers Protest in Jakarta,The Asian Wall Street Journal,288,0
80,NKE,80,20020821,NA,"Young Entrepreneurs Challenge Nike --- Using the Web, Dealers Subvert Marketing Control of Sneaker Company",The Asian Wall Street Journal,1876,0
81,NKE,81,20020821,NA,"Getting the Jump on Nike: Teenage `Sneaker Pimp' Outmaneuvers Shoe King --- Eric Eways, Rarities Dealer, Subverts Giant's Control of...",The Wall Street Journal Europe,1325,0
82,NKE,82,20020820,336,Nike Workers In Indonesia Protest Production Cutbacks,Dow Jones International News,291,0
83,NKE,83,20020820,600,Indonesia workers slam Nike for cutting orders.,Reuters News,316,0
84,NKE,84,20020820,NA,"Fancy Footwork: How Young Dealers Of Rare Sneakers Challenge Nike --- Using the Web, Mr. Eways, 16, Subverts a Giant's Control Of Its...",The Wall Street Journal,1974,0
85,NKE,85,20020816,NA,"Clear Channel, Viacom Gain As Stocks Rise in Late Rally",The Wall Street Journal,832,0
86,NKE,86,20020816,1706,Nike Inc CEO Knight Got $1.4 Million Bonus In FY2002,Dow Jones Corporate Filings Alert,178,0
87,NKE,87,20020815,1744,Survey Says: Golfers Find Sweet Spot With Nike Driver,PR Newswire,513,0
88,NKE,88,20020815,1321,U.S. hot stocks highlights - August 15 (afternoon).,Reuters News,381,0
89,NKE,89,20020815,1145,Nike stock falls 3 percent on cut in future orders.,Reuters News,362,0
90,NKE,90,20020814,1817,"NIKE, Inc. Submits Financial Certifications With SEC",PR Newswire,250,0
91,NKE,91,20020814,NA,SURVEY - CREATIVE BUSINESS - Meanwhile in... California Nike goes to court for freedom of speech.,Financial Times,307,0
92,NKE,92,20020813,1406,Warren Buffett Sold Entire Liz Claiborne Stake In 2Q,Dow Jones Corporate Filings Alert,557,0
93,NKE,93,20020812,1618,NIKE Declares Dividend,PR Newswire,86,0
94,NKE,94,20020811,2331,Tiger Leads Field in Driving Distance and Captures Buick Open Title,PR Newswire,303,0
95,NKE,95,20020811,809,"Adidas head says to focus on debt, not M&A-paper.",Reuters News,226,0
96,NKE,96,20020811,930,GERMAN PRESS: Adidas-Salomon Sees 02 Margin Rises In US,Dow Jones International News,153,0
97,NKE,97,20020808,621,RESEARCH ALERT-ABN AMRO ups Adidas to hold.,Reuters News,109,0
98,NKE,98,20020807,847,UPDATE 2-Adidas scores on World Cup investment.,Reuters News,828,0
99,NKE,99,20020807,151,"Adidas says Q2 net income climbs, sales tick higher.",Reuters News,176,0
100,NKE,100,20020807,1102,Adidas-Salomon Signs Sponsorship Pact With NBA's Dunleavy,Dow Jones International News,160,0
