,Ticker,Index,Date,Time,Headline,Source,NumWords,missing
1,NKE,101,20020223,NA,COMPANY BRIEFS,The New York Times,86,0
2,NKE,102,20020223,NA,COMPANY NEWS: NIKE INC,New York Times Abstracts,7,0
3,NKE,103,20020221,1201,"Asian Stock Focus:HK Yue Yuen To Tap World Cup,China Mkt",Dow Jones International News,1005,0
4,NKE,104,20020221,651,Adidas-Salomon says no plans for convertible bond.,Reuters News,116,0
5,NKE,105,20020220,NA,Insider Trading Spotlight,The Wall Street Journal,961,0
6,NKE,106,20020219,1656,"Canada firm, snowboards early winners at Olympics.",Reuters News,690,0
7,NKE,107,20020215,1830,Nike Declares Dividend,PR Newswire,86,0
8,NKE,108,20020213,NA,Germany's Adidas Unveils New Center For U.S. in Oregon,The Wall Street Journal,258,0
9,NKE,109,20020210,NA,JUST A FRIENDLY COMPETITION,New York Times Abstracts,12,0
10,NKE,110,20020209,NA,NIKE SUES SEGA OVER CONCEPT OF MICHAEL JORDAN AD,New York Times Abstracts,40,0
11,NKE,111,20020209,NA,NIKE SUES SEGA OVER CONCEPT OF MICHAEL JORDAN AD,The New York Times,130,0
12,NKE,112,20020208,NA,S3 Incorporated and Nike Form Strategic Partnership to Wire Athletes with Rio Audio,Reuters Significant Developments,60,0
13,NKE,113,20020207,2116,Olympics-Speedskating-'Swift skin' suits face test at Games.,Reuters News,469,0
14,NKE,114,20020207,1409,Nike Files Lawsuit Against Sega of America,PR Newswire,500,0
15,NKE,115,20020207,NA,"Nike, Inc. Files Lawsuit Against Sega of America",Reuters Significant Developments,81,0
16,NKE,116,20020207,1453,"Nike Suing Sega, Ad Agency for Alleged Copying of 1996 Television Ad",Dow Jones Business News,292,0
17,NKE,117,20020207,1758,French Court Finds Nike Guilty Of Trademark Violation,Dow Jones International News,211,0
18,NKE,118,20020206,1954,Calif Crt Considering Nike False Advertising Case,Dow Jones International News,562,0
19,NKE,119,20020207,1412,Nike Files Lawsuit Against Sega of America,Dow Jones News Service,201,0
20,NKE,120,20020207,1600,Nike sues over Sega ad.,Reuters News,457,0
21,NKE,121,20020207,1404,UPDATE 1-French court bans Nike from using Presto name.,Reuters News,178,0
22,NKE,122,20020207,1121,French court bans Nike from using Presto name.,Reuters News,166,0
23,NKE,123,20020207,543,"UPDATE 2-Adidas-Salomon 2001 sales, earnings hit target.",Reuters News,632,0
24,NKE,124,20020207,145,"Adidas-Salomon 2001 sales, earnings on target.",Reuters News,146,0
25,NKE,125,20020204,732,Fortune Informatics ties-up with Ricoh arm.,Reuters News,182,0
26,NKE,126,20020201,NA,"About Advertising: World Cup May Miss Advertising Goals --- Pitches for Soap, not Liquors Could Crop Up on Morning Games --- Media Outlets...",The Wall Street Journal Europe,1169,0
27,NKE,127,20020201,2428,POLL-Adidas-Salomon 2001 profit seen up 12 pct.,Reuters News,378,0
28,NKE,128,20020201,2429,Adidas-Salomon seen almost meeting 2001 EPS goal.,Reuters News,475,0
29,NKE,129,20020129,NA,BEYOND THE SHOE,New York Times Abstracts,17,0
30,NKE,130,20020125,NA,"U.S. Officials Make Airport Security A Mickey Mouse Affair --- Disney, Nike and Others Tapped To Make Changes Palatable",The Wall Street Journal Europe,772,0
31,NKE,131,20020124,NA,"Mickey Mouse, Nike Give Advice On Air Security",The Wall Street Journal,754,0
32,NKE,132,20020124,802,Jordan at the Improv,PR Newswire,525,0
33,NKE,133,20020124,801,Jordan Introduces the New Air Jordan XVII Experience,PR Newswire,791,0
34,NKE,134,20020123,251,"China lagging on anti-piracy pledges, U.S. says.",Reuters News,498,0
35,NKE,135,20020122,533,Adidas buys back shares to control Italy business.,Reuters News,209,0
36,NKE,136,20020122,NA,Nike to launch golf club line.,Financial Times (FT.Com),442,0
37,NKE,137,20020121,252,"Yue Yuen year net up 1.2 pct, eyes China expansion.",Reuters News,511,0
38,NKE,138,20020118,NA,Kodak Taps Pizzoli ...,The Asian Wall Street Journal,408,0
39,NKE,139,20020117,1500,"Online Auction for First Production Set of Nike Golf Clubs Powered by Golf Channel, Nike Golf & eBay",PR Newswire,445,0
40,NKE,140,20020115,1359,Hot stocks highlights - Jan. 15 (afternoon).,Reuters News,872,0
41,NKE,141,20020115,1304,Nike shares jump after Merrill boosts earnings view.,Reuters News,321,0
42,NKE,142,20020115,215,INTERVIEW-Top China fund manager says small is beautiful.,Reuters News,913,0
43,NKE,143,20020115,810,"Nike Renews 1-Year Credit Line, Lowers Amount To $600M",Dow Jones Corporate Filings Alert,492,0
44,NKE,144,20020114,1727,"Nike Renews 1-Year Credit Line, Lowers Amount To $600M",Dow Jones Corporate Filings Alert,519,0
45,NKE,145,20020108,1705,UN Business Alliance Says N Amer Cos Not Well Represented,Dow Jones International News,310,0
46,NKE,146,20020102,600,"Zacks Issues Recommendations on 4 Stocks: EMLX, FDX, AKAM, and NKE",PR Newswire,832,0
