,Ticker,Index,Date,Time,Headline,Source,NumWords,missing
1,NKE,1,20101231,1118,Retail Stocks Fall; Poised For Top 2010 Sector,Dow Jones Business News,470,0
2,NKE,2,20101231,1103,Nike Inc (NKE) Mkt On Close Sell Imbalance: Shrs 147400,Dow Jones News Service,470,0
3,NKE,3,20101231,1545,"UPDATE:US Treasury Met With US, Foreign Banks On Dodd-Frank Rules",Dow Jones Capital Markets Report,10,0
4,NKE,4,20101230,1817,Resilient Shoppers Ring In Cheer For Retailers,Dow Jones News Service,879,0
5,NKE,5,20101230,1832,"PRICE TARGET CHANGES: Friedman, Billings & Ramsey",Dow Jones News Service,879,0
6,NKE,6,20101228,1337,"For Apparel Makers, 'Challenge' Is in Style",The Wall Street Journal Online,872,0
7,NKE,7,20101228,1040,Ahead of the Tape,The Wall Street Journal,160,0
8,NKE,8,20101227,NA,P&G's Gillette Won't Renew Tiger Woods Endorsement Pact -Report,Dow Jones News Service,412,0
9,NKE,9,20101227,NA,U.S. financials climb; ARM jumps in London,The Wall Street Journal Asia,410,0
10,NKE,10,20101223,1844,Corporate News: Corporate Watch,The Wall Street Journal,252,0
11,NKE,11,20101223,NA,"US HOT STOCKS: Walgreen , Nike , Whitney Holding , Xilinx ,",Dow Jones News Service,455,0
12,NKE,12,20101222,NA,MARKET SNAPSHOT: U.S. Stocks Edge Higher; S&P Up For Fifth Session,Dow Jones Institutional News,658,0
13,NKE,13,20101222,1022,A 22% Increase In Profit at Nike,The New York Times,1601,0
14,NKE,14,20101222,1325,Adidas to grow faster than Nike - CEO in paper,Reuters News,1883,0
15,NKE,15,20101222,1648,"CORRECTED - UPDATE 4-Nike future orders disappoint, shares fall",Reuters News,486,0
16,NKE,16,20101222,1546,MARKET SNAPSHOT: U.S. Stocks Edge Higher; S&P Up For Fifth Session,Dow Jones Global News Select,479,0
17,NKE,17,20101222,1432,MARKET SNAPSHOT: U.S. Stocks Look For Reasons To Rise,Dow Jones Global News Select,483,0
18,NKE,18,20101222,1414,"Nike Earnings Climb Despite Higher Cotton, Freight Costs",Dow Jones Business News,491,0
19,NKE,19,20101222,1648,MARKET TALK: Commerzbank Raises Adidas Target Price,Dow Jones International News,477,0
20,NKE,20,20101222,1546,Adidas Sees No Danger Of Takeover; Slowly Close Gap With Nike- Report,Dow Jones International News,470,0
21,NKE,21,20101222,1432,MARKET TALK: Adidas Shares Down On Disappointing Nike Outlook,Dow Jones International News,474,0
22,NKE,22,20101222,1414,"DJ US Stock Futures Flat Ahead Of GDP, Housing Data",Dow Jones Chinese Financial Wire,482,0
23,NKE,23,20101222,NA,*DJ Nike: Converse Revenue Exceeded $1 Billion in Past Year,Dow Jones Chinese Financial Wire,241,0
24,NKE,24,20101222,334,DJ Hot Stocks:NKE,Dow Jones Chinese Financial Wire,212,0
25,NKE,25,20101221,2115,US HOT STOCKS: Bed Bath & Beyond Active In Late Trading,Dow Jones News Service,798,0
26,NKE,26,20101222,1137,"Nike Shares Fall On Worries About Costs, Future Orders",Dow Jones News Service,369,0
27,NKE,27,20101222,1002,US Stock Futures Pare Gains After 3Q GDP Revision; DJIA Up 1,Dow Jones News Service,214,0
28,NKE,28,20101221,1947,MARKET TALK: Street Mulls Nike 2Q Puts & Takes,Dow Jones News Service,458,0
29,NKE,29,20101221,1709,MARKET TALK: Street Mulls Nike 2Q Puts & Takes,Dow Jones News Service,460,0
30,NKE,30,20101222,550,"BEFORE THE BELL: US Stock Futures Flat Ahead Of GDP, Housing Data",Dow Jones News Service,130,0
31,NKE,31,20101222,457,CORRECTED-AFTER THE BELL-Nike shares fall following results,Reuters News,225,0
32,NKE,32,20101222,333,Nike Profit Up as Future Orders Stay Strong,The Wall Street Journal Online,126,0
33,NKE,33,20101222,652,*DJ Nike Inc 2Q Rev $4.84B >NKE,Dow Jones Chinese Financial Wire,360,0
34,NKE,34,20101222,753,DJ US Stock Futures Up As Korean Tensions Ease,Dow Jones Chinese Financial Wire,371,0
35,NKE,35,20101221,2233,DJ US Hot Stocks: NKE,Dow Jones Chinese Financial Wire,18,0
36,NKE,36,20101222,1422,DJ US Hot Stocks: XLNX,Dow Jones Chinese Financial Wire,85,0
37,NKE,37,20101222,1706,DJ US Hot Stocks: TIBX,Dow Jones Chinese Financial Wire,1067,0
38,NKE,38,20101222,2458,=DJ Nike 2Q Profit Up 22% As Futures Order Stay Strong,Dow Jones Chinese Financial Wire,561,0
39,NKE,39,20101222,831,MARKET TALK: Nike Shares Drop As Future Orders Dissapoint,Dow Jones News Service,1730,0
40,NKE,40,20101222,746,"US Hot Stocks: Nike, Xilinx, Tibco Active In Late Trading",Dow Jones News Service,423,0
41,NKE,41,20101222,746,"BEFORE THE BELL: US Stock Futures Up On Adobe Gain, Deal News",Dow Jones News Service,154,0
42,NKE,42,20101222,603,BEFORE THE BELL: US Stock Futures Up As Korean Tensions Ease,Dow Jones News Service,968,0
43,NKE,43,20101221,1629,"Seven Summits Research Releases Comments on Visa, Nike, Carnival, Bed Bath & Beyond and Jabil Circuit",PR Newswire (U.S.),64,0
44,NKE,44,20101221,1653,GM Offers Buyouts,The Wall Street Journal Online,363,0
45,NKE,45,20101221,1615,Investor's Calendar,The Wall Street Journal Sunday,30,0
46,NKE,46,20101221,1615,MARKET SNAPSHOT: Wall Street Waits For Bond Resolution,Dow Jones Global News Select,22,0
47,NKE,47,20101221,1615,Coolhunter: The Selby,The Wall Street Journal Online,15,0
48,NKE,48,20101221,738,Fashion: Coolhunter,The Wall Street Journal Europe,489,0
49,NKE,49,20101221,1737,Spotlight on Next Week: Durable Goods Data,WSJ Blogs,66,1
50,NKE,50,20101221,1735,US EQUITIES WEEK AHEAD: A Few Big-Name Companies Report Results,Dow Jones Business News,99,0
51,NKE,51,20101221,1731,Retailers Pull Out All Stops For Last-Minute Sales,Dow Jones News Service,55,0
52,NKE,52,20101221,1708,MDC Adds to Its Creative Arsenal; Purchase of 72andSunny Caps Yearlong Buying Spree As Canadian Firm Seeks to Take On Major Ad Businesses,The Wall Street Journal Online,377,0
53,NKE,53,20101221,1640,"Jordan Brand and Chris Paul Introduce Paul's Fourth Signature Shoe, the JORDAN CP3.IV; PERENNIAL ALL-STAR GUARD READIES NEW STATE-OF-THE-ART...",PR Newswire (U.S.),371,0
54,NKE,54,20101221,1716,Purchase of 72 and Sunny Caps Yearlong Buying Spree As Canadian Firm Seeks to Take On Major Ad Businesses,The Wall Street Journal,148,0
55,NKE,55,20101221,1658,Firms Assail Whistleblower Plan by SEC,The Wall Street Journal Online,2210,0
56,NKE,56,20101221,827,Nike Inc (NKE) Mkt On Close Sell Imbalance: Shrs 85900,Dow Jones News Service,1246,0
57,NKE,57,20101221,624,Life & Style --- Creating: Kicking around design ideas with Kobe --- Nike's Eric Avar is celebrated for shoes that boost performance and are also objects of beauty,The Wall Street Journal Asia,973,0
58,NKE,58,20101220,931,Nike Raised To Buy From Neutral By UBS,Dow Jones International News,408,0
59,NKE,59,20101219,NA,BEFORE THE BELL: US Stock Futures Up With Deals In Focus,Dow Jones News Service,294,0
60,NKE,60,20101219,NA,*DJ Nike Raised To Buy From Neutral By UBS >NKE,Dow Jones Chinese Financial Wire,302,0
61,NKE,61,20101218,1205,US HOT STOCKS: Williams Partners Active In Late Trading,Dow Jones News Service,952,0
62,NKE,62,20101217,NA,Nike Inc (NKE) Mkt On Close Sell Imbalance: Shrs 248200,Dow Jones News Service,312,0
63,NKE,63,20101217,NA,"US HOT STOCKS: Dionex, Magellan Health, Compellent, AO Smith",Dow Jones News Service,312,0
64,NKE,64,20101217,1818,"MARKET TALK: UBS More Bullish On Nike, Less On Under Armour",Dow Jones News Service,253,0
65,NKE,65,20101217,1434,"MARKET TALK: UBS More Bullish On Nike, Less On Under Armour",Dow Jones News Service,617,0
66,NKE,66,20101217,1419,"UPDATE 2-Nike picks up pace, says UBS; stock hits life-high",Reuters News,617,0
67,NKE,67,20101217,1416,"Under Armour Tries Focus, Not Flash, In Basketball Introduction",Dow Jones News Service,1217,0
68,NKE,68,20101216,NA,"UPDATE1-G-III Apparel Q3 profit beats, raises FY earnings view",Reuters News,816,0
69,NKE,69,20101216,1500,"NIKE, 3M, Reckitt Benckiser Group, Suzlon, Vodafone Group, GDF Suez Take Home Gigaton Prizes at COP16 for Outstanding Business Leadership in Climate & Sustainability",PR Newswire (U.S.),624,0
70,NKE,70,20101216,NA,Straphangers,The New York Times,898,0
71,NKE,71,20101215,1615,Google to Buy New York Office Building,The Wall Street Journal Online,828,0
72,NKE,72,20101215,NA,Google Buys Its Quarters In New York,The Wall Street Journal,412,0
73,NKE,73,20101215,1545,WSJ: Google To Buy NY Office Building,Dow Jones News Service,10,0
74,NKE,74,20101214,NA,Nike Inc (NKE) Mkt On Close Buy Imbalance: Shrs 51800,Dow Jones News Service,925,0
75,NKE,75,20101211,NA,N AMERICAN MORNING BRIEFING:Stk Futures Flat As Jobs Data Loom,Dow Jones News Service,1120,0
76,NKE,76,20101213,741,"CMU Study Quantifies Impact of Tiger Woods on Nike and Golf; Nike's Continued Sponsorship Proves to be Profitable, But Overall Industry Loses $7.5 Million in Golf Ball Profits",PR Newswire (U.S.),8,0
77,NKE,77,20101213,837,"Bruce Lee, My Father",The Wall Street Journal Online,1268,0
78,NKE,78,20101213,741,Nike Inc (NKE) Mkt On Close Sell Imbalance: Shrs 159300,Dow Jones News Service,19,0
79,NKE,79,20101213,1714,Corrections & Amplifications,The Wall Street Journal Online,1940,0
80,NKE,80,20101213,1320,Corrections & Amplifications,The Wall Street Journal Europe,1690,0
81,NKE,81,20101213,1545,LeBron James Ad Asks for It,The Wall Street Journal Online,10,0
82,NKE,82,20101213,1030,LeBron James ad asks for it,The Wall Street Journal Europe,1386,0
83,NKE,83,20101213,752,Why Your Stock Portfolio Is Acting Like a Commodity Basket,The Wall Street Journal Online,292,0
84,NKE,84,20101213,752,"Critical Alerts For Schlumberger, Nike, Discovery Communications, Carnival, and Toyota Released By Seven Summits Research",PR Newswire (U.S.),148,0
85,NKE,85,20101213,853,"*DJ NIKE, Inc. Announces 15 Percent Increase In Quarterly Dividend >NKE",Dow Jones Institutional News,431,0
86,NKE,86,20101210,1517,*DJ Nike Inc Raises Dividend To 31c From 27c >NKE,Dow Jones Chinese Financial Wire,625,0
87,NKE,87,20101208,724,"MARKET TALK: Nike Hikes Dividend 15%, Still Not A Yield Story",Dow Jones News Service,216,0
88,NKE,88,20101205,1201,"MARKET TALK: Nike Hikes Dividend 15%, Still Not A Yield Story",Dow Jones News Service,448,0
89,NKE,89,20101205,NA,"NIKE, Inc. Announces 15 Percent Increase In Quarterly Dividend",Dow Jones News Service,120,0
90,NKE,90,20101203,1143,"Nike, Inc. Announces 15% Increase In Quarterly Dividend",Reuters Significant Developments,386,0
91,NKE,91,20101203,NA,Adidas makes push in China,The Wall Street Journal Asia,319,0
92,NKE,92,20101202,1934,"=DJ Buffett's Berkshire Buys BNY Stock, But Trims Other Positions",Dow Jones Chinese Financial Wire,421,0
93,NKE,93,20101203,1545,Global Finance: Investors Shine Light On Firms They Favor,The Wall Street Journal,10,0
94,NKE,94,20101203,630,Adidas Takes on Rivals in Chinese Market,The Wall Street Journal Online,1998,0
95,NKE,95,20101202,1430,The public image: Nike's 'Rise' campaign; Ad deconstructed,Financial Times,725,0
96,NKE,96,20101201,NA,*DJ Buffett's Berkshire Cuts Stake In Nike,Dow Jones Chinese Financial Wire,991,0
97,NKE,97,20101130,1545,Buffett's Berkshire Cuts Stake In Nike,Dow Jones News Service,10,0
98,NKE,98,20101123,2027,Nike Inc (NKE) Mkt On Close Sell Imbalance: Shrs 55700,Dow Jones News Service,76,0
99,NKE,99,20101123,NA,Fortune May Cooperate With Ackman,The Wall Street Journal Online,119,0
100,NKE,100,20101122,NA,Fortune May Cooperate With Ackman,The Wall Street Journal,893,0
