,Ticker,Index,Date,Time,Headline,Source,NumWords,missing
1,NKE,1,20140930,1356,From the swoosh to the stripes: Adidas poaches three of Nike's most celebrated designers in ongoing bid to dominate the sneaker market ,Mail Online,388,0
2,NKE,2,20140930,1803,Nike Is Talking Up Women,Dow Jones Institutional News,527,0
3,NKE,3,20140929,639,NYSE New 52-Week Highs And Lows,Dow Jones Newswires Chinese (English),503,0
4,NKE,4,20140929,253,NYSE New 52-Week Highs And Lows,Dow Jones Newswires Chinese (English),503,0
5,NKE,5,20140926,1356,NYSE New 52-Week Highs And Lows,Dow Jones Newswires Chinese (English),514,0
6,NKE,6,20140926,1356,'Equalizer' Takes Top Spot --- Action Film Starring Denzel Washington Beats Out Holdover 'The Maze Runner',The Wall Street Journal,503,0
7,NKE,7,20140929,1322,BUZZ-American Apparel Inc: Names turnaround expert interim CEO,Reuters News,1198,0
8,NKE,8,20140929,2419,UPDATE 1-American Apparel hires turnaround expert as interim CEO,Reuters News,1190,0
9,NKE,9,20140929,1119,American Apparel hires turnaround expert as interim CEO,Reuters News,1178,0
10,NKE,10,20140929,NA,"Critical Alerts For Invensense, Agios Pharmaceuticals, SPDR Gold Trust, Nu Skin Enterprises and Nike Released By InvestorsObserver",PR Newswire (U.S.),499,0
11,NKE,11,20140929,926,Nike Raised to Outperform From Neutral by Credit Suisse >NK,Dow Jones Newswires Chinese (English),115,0
12,NKE,12,20140929,950,Nike Raised to Outperform From Neutral by Credit Suisse >NK,Dow Jones Newswires German,246,0
13,NKE,13,20140929,955,"Nike Earnings Rise on Higher Footwear, Apparel Sales",Dow Jones Top North American Equities Stories,239,0
14,NKE,14,20140929,901,U.S. Stock Futures,Dow Jones Newswires Chinese (English),121,0
15,NKE,15,20140929,931,Adidas fights to draw top talent to HQ in sleepy Bavarian town,Reuters News,403,0
16,NKE,16,20140929,837,'Equalizer' Takes Top Spot; Action Film Starring Denzel Washington Beats Out Holdover 'The Maze Runner',The Wall Street Journal Online,20,0
17,NKE,17,20140929,836,Wall Street Gets the Jitters; Concerns from Russia to the Federal Reserve Weigh on Traders; No 'Correction' but Plenty of Ups and Downs,The Wall Street Journal Sunday,18,0
18,NKE,18,20140929,653,Nike rises as earnings beat expectations despite currency swings; Wall Street,Financial Times,519,0
19,NKE,19,20140925,1653,Corporate News: Corporate Watch,The Wall Street Journal,519,0
20,NKE,20,20140925,1653,Nike shares rise as earnings beat expectations despite volatility,Financial Times (FT.Com),519,0
21,NKE,21,20140925,1558,"U.S. Stocks Rise Sharply; Stocks Surge, Capping a Turbulent Week in Which Investors Grappled with Global Growth Concerns",The Wall Street Journal Online,512,0
22,NKE,22,20140929,644,"U.S. RESEARCH ROUNDUP -LinkedIn, Northrop Grumman, Nike, BlackBerry",Reuters News,12,0
23,NKE,23,20140929,153,"BUZZ-U.S. Stocks on the Move-Apple, Janus, LinkedIn, Yahoo, BlackBerry, Nike, Micron",Reuters News,1558,0
24,NKE,24,20140928,1123,UPDATE 1-Nike shares spike as profit beats estimates,Reuters News,429,0
25,NKE,25,20140927,2001,Nike shares hit record high as profit beats estimates,Reuters News,1020,0
26,NKE,26,20140927,NA,"BUZZ-Under Armour Inc: Deutsche Bank raises to ""buy""",Reuters News,527,0
27,NKE,27,20140926,NA,"BUZZ-U.S. Stocks on the Move-BlackBerry, AcelRx, Repros, Diamond Foods, Nike",Reuters News,714,0
28,NKE,28,20140926,1159,"BUZZ-U.S. Stocks on the Move-Nike, Micron, Alibaba, Intel, Apple",Reuters News,560,0
29,NKE,29,20140926,2443,Consumer Cos Rise On Strong Nike Report--Consumer Roundup,Dow Jones Institutional News,977,0
30,NKE,30,20140926,1823,Nike Scores Big; Shares Spike 11% -- Barron's Blog,Dow Jones Institutional News,1626,0
31,NKE,31,20140926,1424,Nike Raised to Buy From Neutral by Janney >NKE,Dow Jones Newswires Chinese (English),1344,0
32,NKE,32,20140926,2436,Nike Raised to Buy From Neutral by Janney >NKE,Dow Jones Newswires German,399,0
33,NKE,33,20140926,1106,U.S. Hot Stocks: Hot Stocks to Watch,Dow Jones Institutional News,237,0
34,NKE,34,20140926,1030,"US STOCKS-Blackberry, Nike among most active before opening bell",Reuters News,107,0
35,NKE,35,20140926,835,U.S. Stock Futures Ease Higher; Nike Climbs 10% -- Barron's Blog,Dow Jones Institutional News,696,0
36,NKE,36,20140926,705,"Nike online sales jump 70%, stock surges",CNN Wire,678,0
37,NKE,37,20140926,1612,"Nike Overcomes the Worries, to Boost DJIA -- Market Talk",Dow Jones Institutional News,119,0
38,NKE,38,20140926,1121,"Nike Overcomes the Worries, to Boost DJIA -- Market Talk",Dow Jones Institutional News,367,0
39,NKE,39,20140926,942,U.S. Stock Futures,Dow Jones Newswires Chinese (English),19,0
40,NKE,40,20140926,941,Ill-Timed Change in Dow Components Last Year? -- Market Talk,Dow Jones Institutional News,17,0
41,NKE,41,20140926,935,"Nike Did Well, But What Does That Mean For Adidas? -- Market Talk",Dow Jones Institutional News,631,0
42,NKE,42,20140926,811,News Highlights: Top Equities Stories of the Day,Dow Jones Institutional News,451,0
43,NKE,43,20140926,910,Nike Pays to Play,Dow Jones Top North American Equities Stories,324,0
44,NKE,44,20140926,833,Football and fitness lead Nike sales jump,Financial Times (FT.Com),288,0
45,NKE,45,20140925,1934,Nike With Some Bounce in Its Step,The Wall Street Journal What's News,340,1
46,NKE,46,20140926,655,"UPDATE 2-European demand, higher margins drive Nike's profit beat",Reuters News,163,0
47,NKE,47,20140926,655,Nike Inc gives Q2 2015 revenue guidance; gives FY 2015 revenue guidance above analysts' estimates - Conference Call,Reuters Significant Developments,603,0
48,NKE,48,20140926,638,Corporate Watch: News Digest,The Wall Street Journal Online,463,0
49,NKE,49,20140926,654,"Nike Earnings Rise on Higher Footwear, Apparel Sales -- 2nd Update",Dow Jones Institutional News,245,0
50,NKE,50,20140926,638,"Nike Earnings Rise on Higher Footwear, Apparel Sales--Update",Dow Jones Top News & Commentary,178,0
51,NKE,51,20140926,259,Nike Still Has an Eye on Fashion -- Market Talk,Dow Jones Institutional News,148,0
52,NKE,52,20140925,2100,Nike Still Has an Eye on Fashion -- Market Talk,Dow Jones Institutional News,607,0
53,NKE,53,20140925,629,"Nike Earnings Rise on Higher Footwear, Apparel Sales",Dow Jones Newswires Chinese (English),389,0
54,NKE,54,20140925,323,Nike's quarterly revenue jumps 15 percent,Reuters News,389,0
55,NKE,55,20140925,NA,Nike Hits New Highs After Earnings -- Market Talk,Dow Jones Institutional News,401,0
56,NKE,56,20140924,1114,Nike Hits New Highs After Earnings -- Market Talk,Dow Jones Institutional News,385,0
57,NKE,57,20140924,1506,Nike 1Q Net $962M >NKE,Dow Jones Newswires German,402,0
58,NKE,58,20140925,1847,Nike 1Q Net $962M >NKE,Dow Jones Newswires Chinese (English),491,0
59,NKE,59,20140925,NA,"Divestitures, Donations, Recognitions, and Technical Updates - Research Reports on Clorox, Altria, Nike, Mondelez and International Paper",PR Newswire (U.S.),567,0
60,NKE,60,20140925,1842,Nike Unveils LeBron 12 Sneakers,The Wall Street Journal,552,0
61,NKE,61,20140925,1848,Nike scores from the sidelines with ambush marketing; Brazil,Financial Times,542,0
62,NKE,62,20140925,NA,"What to Watch in the Day Ahead - Thursday, Sept. 25",Reuters News,81,0
63,NKE,63,20140925,1749,Adidas Looks to Regain Ground in US -- Market Talk,Dow Jones Institutional News,2197,0
64,NKE,64,20140925,1958,Adidas Looks to Regain Ground in US -- Market Talk,Dow Jones Institutional News,586,0
65,NKE,65,20140925,1713,"InvestorsObserver releases comments on Nike, Carnival Corp., AutoZone, Bed Bath & Beyond, and Zillow",PR Newswire (U.S.),405,0
66,NKE,66,20140925,1801,"AutoZone, Accenture, Nike and Bank of America are part of Zacks Earnings Preview:",PR Newswire (U.S.),134,0
67,NKE,67,20140925,1801,Schooled to lead in the footwear of rebel rock stars,Financial Times (FT.Com),1453,0
68,NKE,68,20140925,1752,Corporate News: Nike Holders Grow Wary Of Sports Endorsements,The Wall Street Journal,379,0
69,NKE,69,20140925,1713,Nike Shareholders Express Concerns About Sponsorships,Dow Jones Institutional News,434,0
70,NKE,70,20140925,1646,NFL Sponsors Speak Out -- But Keep On Advertising,Dow Jones Top North American Equities Stories,375,0
71,NKE,71,20140925,1623,"Adrian Peterson sponsors Nike, Castol back away from NFL star",CNN Wire,94,0
72,NKE,72,20140925,1637,Nike drops Adrian Peterson endorsement as Vikings admit it was a mistake to take him back after his child abuse arrest,Mail Online,119,0
73,NKE,73,20140925,1637,Nike Suspends Endorsement Deal With Vikings Running Back Adrian Peterson,Dow Jones Top News & Commentary,1660,0
74,NKE,74,20140925,1615,Vikings Bar Adrian Peterson From All Team Activities; Team Reverses Course on Running Back's Ability to Play; Nike Suspends Sponsorship of Player,The Wall Street Journal Online,84,0
75,NKE,75,20140925,1615,Nike suspends contract with NFL athlete Adrian Peterson,Reuters News,27,0
76,NKE,76,20140925,855,LeBron 12 trainers launched by Nike in partnership with NBA star LeBron James,Mail Online,1441,0
77,NKE,77,20140917,915,How Will Nike's New Lebron 12 Sell?,WSJ Live: News Hub PM,1434,1
78,NKE,78,20140924,NA,BRIEF-Nike says it has suspended contract with Adrian Peterson,Reuters News,295,0
79,NKE,79,20140924,NA,Lionel Messi ready to shine in new adidas adizero F50 boots as Nike kit out Neymar and Co ahead of Champions League group stages,Mail Online,718,0
80,NKE,80,20140923,1100,How Will the Nike LeBron 12 Do With James Back in Cleveland?,WSJ Blogs,697,1
81,NKE,81,20140924,1439,Adidas Faces Investor Pressure,The Wall Street Journal Europe,555,0
82,NKE,82,20140924,1534,"Big Investors Pressure Adidas CEO; Some Holders, Unhappy With Profit Misses, Push for a Faster Turnaround and a Change at the Helm",The Wall Street Journal Online,1396,0
83,NKE,83,20140924,1534,Investors Pressuring Adidas on Turnaround Efforts-Sources,Dow Jones Newswires German,150,0
84,NKE,84,20140922,931,"Ray Rice's Wife Said to Defend Him; Nike, EA Sports Cut Ties With Star Running Back",The Wall Street Journal Online,388,0
85,NKE,85,20140922,930,"Amid Criticism Over Ray Rice, NFL Owners Back Roger Goodell; Fallout Over Newly Released Video Spurs Outside Calls for Commissioner to Resign",The Wall Street Journal Online,1108,0
86,NKE,86,20140911,930,Nike and EA Sports Cut Ties With Football Player Ray Rice,Dow Jones Top North American Equities Stories,972,0
87,NKE,87,20140921,1832,"Lights, Camera... Action! Ellie Goulding stands out in neon pink and animal print as she shoots scenes for Nike advert",Mail Online,1165,0
88,NKE,88,20140919,NA,Apple Unveils Internet-Connected Watches,Dow Jones Top News & Commentary,462,0
89,NKE,89,20140918,1339,"Press Release: NIKE, Inc. Announces First Quarter Fiscal 2015 Earnings and Conference Call",Dow Jones Institutional News,437,0
90,NKE,90,20140918,1736,"Nike, EA Sports pull away from Rice",Reuters News,438,0
91,NKE,91,20140918,1736,BRIEF-Nike says Ray Rice is no longer a Nike athlete,Reuters News,467,0
92,NKE,92,20140918,1423,Q&A: How Adidas Will Play Catch-Up in America,WSJ Blogs,842,1
93,NKE,93,20140918,2448,"Financial Results, New Campaigns, Market Activity, and Earnings Guidance - Research Reports on PVH, Nike, Mondelez, Altria and Under Armour",PR Newswire (U.S.),842,0
94,NKE,94,20140918,NA,"The Zacks Analyst Blog Highlights:Nike, Skechers USA, Foot Locker, Deckers Outdoor and Petrobras",PR Newswire (U.S.),842,0
95,NKE,95,20140917,1545,Jawbone's activity-tracking wristbands to accept data from rivals,Reuters Health E-Line,1232,0
96,NKE,96,20140916,2002,Under Armour Edges Out Adidas in U.S.,Dow Jones Top North American Equities Stories,484,0
97,NKE,97,20140917,1920,"Adidas Slips Behind Under Armour in U.S.; German Brand Falls to No. 3 in U.S. Sportswear Sales, With Nike Still No. 1",The Wall Street Journal Online,1121,0
98,NKE,98,20140917,2406,Under Armour's CEO Will Keep Bidding For Celebrities,WSJ Blogs,180,1
99,NKE,99,20140917,2453,"Senior Marketers from Baidu, Nike, Microsoft, Lenovo, P&G, Samsung, Emirates & More to Feature at Beijing In2Summit on 18 Sept",PR Newswire Asia,191,0
100,NKE,100,20140917,2406,'Sea Turtles' Travel Home to China,Dow Jones Top Global Market Stories,207,0
