,Ticker,Index,Date,Time,Headline,Source,NumWords,missing
1,NKE,101,20030602,102,FEATURE-Hugo Boss hometown booms on German taste for thrift.,Reuters News,741,0
2,NKE,102,20030529,NA,Corrections & Amplifications,The Asian Wall Street Journal,468,0
3,NKE,103,20030528,1558,Swoosh! 13-year-old soccer star signs Nike deal.,Reuters News,463,0
4,NKE,104,20030528,NA,Corrections &Amplifications,The Wall Street Journal,591,0
5,NKE,105,20030528,NA,"Eastman Kodak, Auto Makers Advance in Broad Stock Rally",The Wall Street Journal,827,0
6,NKE,106,20030527,2229,"THAI PRESS: Saha Group Cuts Sales Forecast On SARS, Iraq",Dow Jones International News,221,0
7,NKE,107,20030527,NA,Warren Sapp Takes Game to Team Jordan.,PR Newswire,588,0
8,NKE,108,20030526,1843,Nike Signs 13-Yr-Old US Soccer Player To $1M Contract -WP,Dow Jones International News,234,0
9,NKE,109,20030525,NA,Because Time Flies,The New York Times,67,0
10,NKE,110,20030523,NA,Companies: Nike Gives Pact For $90 Million To LeBron James,The Wall Street Journal Europe,435,0
11,NKE,111,20030523,106,PRESS DIGEST - Wall Street Journal - May 23.,Reuters News,304,0
12,NKE,112,20030523,NA,Hoops Phenom Nets $90 Million Deal With Nike,The Wall Street Journal,525,0
13,NKE,113,20030523,NA,"Altria, R.J. Reynolds Rise Again On Reversal of Tobacco Ruling",The Wall Street Journal,874,0
14,NKE,114,20030523,NA,Foot Locker's Net Rises 90%; Sneaker Sales Boost Margins,The Asian Wall Street Journal,323,0
15,NKE,115,20030522,NA,"Sneaker Makers Are In a Footrace To Sign a Basketball Whiz Kid --- Adidas, Nike and Reebok Vie for Endorsement Deal With U.S. Teen Hoopster",The Wall Street Journal Europe,1037,0
16,NKE,116,20030522,1026,Basketball star LeBron James signs Nike deal.,Reuters News,131,0
17,NKE,117,20030522,1332,WSJ.COM WRAP: Nike Inks LeBron; Foot Locker's Net Rises,Dow Jones News Service,698,0
18,NKE,118,20030522,1144,LeBron James Chooses Nike In Megamillion Deal - Source,Dow Jones News Service,556,0
19,NKE,119,20030522,1101,SportsTicker: LeBron James Reportedly Signs With Nike,Dow Jones News Service,916,0
20,NKE,120,20030522,1012,Footlocker: Rev Growth To Meet Inventory Growth By 2Q End,Dow Jones News Service,651,0
21,NKE,121,20030521,853,"RESEARCH ALERT-Banc of America starts Nike as ""buy"".",Reuters News,65,0
22,NKE,122,20030521,NA,Full-Court Press for LeBron --- Sneaker Makers Vie to Win A Pricey Endorsement Deal With the Basketball Phenom,The Wall Street Journal,1235,0
23,NKE,123,20030520,1949,"SMARTMONEY.COM: The Data Mine: Bling Bling, Cha Ching",Dow Jones News Service,1191,0
24,NKE,124,20030519,734,RESEARCH ALERT-JP Morgan sets Nike 6-month target of $60.,Reuters News,75,0
25,NKE,125,20030519,1403,Foot Locker Sees Nike Supplying 32%-38% Of Pdts In FY04,Dow Jones Corporate Filings Alert,330,0
26,NKE,126,20030519,651,England's Soccer Team To Wear Armani - Off The Field,Dow Jones International News,375,0
27,NKE,127,20030519,NA,Corrections & Amplifications,The Asian Wall Street Journal,150,0
28,NKE,128,20030516,655,INTERVIEW-Mills says ski till you drop at Madrid Xanadu mall.,Reuters News,544,0
29,NKE,129,20030514,NA,"Nike Gets Leg Up in Clash of Sneaker Titans --- Once a Strong Team, Shoemaker, Foot Locker Take Different Paths; `Air Force One' Access Cut...",The Asian Wall Street Journal,2723,0
30,NKE,130,20030513,NA,"Lock Step to Lockout: Why Nike Walked Away From an Old Retail Ally --- When Foot Locker Tried to Cut Orders, Sneaker Maker Slashed Its...",The Wall Street Journal Europe,2431,0
31,NKE,131,20030512,NA,Best on the Street (A Special Report): 2003 Analysts Review --- Textiles &Apparel,The Wall Street Journal,558,0
32,NKE,132,20030508,634,"Adidas silent on U.S. kangaroo lawsuit, shares wilt.",Reuters News,477,0
33,NKE,133,20030504,2039,SARS Fear Is Latest Strike Against Tourism Industry,Dow Jones International News,612,0
34,NKE,134,20030430,559,THE SKEPTIC: Big Four Footwear Cos Run Toward A Rerating,Dow Jones International News,690,0
35,NKE,135,20030430,552,NEWS SNAP: Adidas-Salomon 1Q US Sales Hit By Strong Euro,Dow Jones International News,551,0
36,NKE,136,20030430,724,"UPDATE 3-Adidas shares wilt on Q1 sales, U.S. jitters.",Reuters News,684,0
37,NKE,137,20030430,201,"Adidas posts 19 percent rise in Q1 net, holds target.",Reuters News,136,0
38,NKE,138,20030428,NA,"Nike ACG Is Official Footwear, Apparel and Timing Sponsor of 2003 BALANCE BAR(R) Adventure Race Series.",PR Newswire,475,0
39,NKE,139,20030424,NA,Nike case tests company rights to free speech.,Financial Times,435,0
40,NKE,140,20030424,NA,The cost of free speech.,Financial Times (FT.Com),944,0
41,NKE,141,20030424,2420,"Reebok 1Q Net Up 10% On Solid Sales In US, Europe",Dow Jones News Service,456,0
42,NKE,142,20030424,NA,PATRICK COUGHLIN TALKS ABOUT NIKE CASE OUTSIDE SUPREME COURT.,Reuters Pictures,99,0
43,NKE,143,20030424,NA,LAURENCE TRIBE TALKS ABOUT NIKE CASE OUTSIDE THE SUPREME COURT.,Reuters Pictures,89,0
44,NKE,144,20030424,NA,PROTESTER HOLDS COMMERCIAL US FLAG OUTSIDE SUPREME COURT.,Reuters Pictures,89,0
45,NKE,145,20030424,NA,U.S. Backs Nike in Bid to Quash Suit,The Wall Street Journal Europe,572,0
46,NKE,146,20030424,NA,"NIKE, FIGHTING TRADE SUIT, ASKS JUSTICES FOR FREE-SPEECH PROTECTION",New York Times Abstracts,139,0
47,NKE,147,20030424,1611,UPDATE 3-Reebok profit rises on higher apparel sales.,Reuters News,580,0
48,NKE,148,20030424,826,"Reebok quarterly earnings, sales rise.",Reuters News,146,0
49,NKE,149,20030424,NA,Bush Administration Backs Nike in High Court Case,The Wall Street Journal,547,0
50,NKE,150,20030423,1459,Government Backs Nike in First-Amendment Case,Dow Jones Business News,631,0
51,NKE,151,20030423,510,NEWS SNAP: Puma Gains On Footwear Sales; Outlook Strong,Dow Jones International News,438,0
52,NKE,152,20030423,149,US Corporate Free Speech Rights Focus Of Supreme Crt Case,Dow Jones International News,500,0
53,NKE,153,20030423,1424,Govt Backs Nike In First-Amendment Case Before High Court,Dow Jones News Service,650,0
54,NKE,154,20030423,1449,UPDATE 1-US Supreme Court considers Nike advertising case.,Reuters News,590,0
55,NKE,155,20030423,712,DIARY-Today in U.S. Equities - April 23.,Reuters News,1054,0
56,NKE,156,20030423,1032,UPDATE 3-Puma hikes 2003 forecast after profit doubles.,Reuters News,604,0
57,NKE,157,20030423,230,US Supreme Court to consider Nike advertising case.,Reuters News,476,0
58,NKE,158,20030421,839,SUBSTANTIAL INSIDER TRANSACTIONS REPORTED ON 4/18,Dow Jones Corporate Filings Alert,667,0
59,NKE,159,20030418,1755,CFA Summary Of Recent Insider Stock Transactions,Dow Jones Corporate Filings Alert,383,0
60,NKE,160,20030418,1308,"Nike Executive Thomas E. Clarke Sold 17,004 Common Shares",Dow Jones Corporate Filings Alert,119,0
61,NKE,161,20030415,418,MTV embarks on long march to China profits.,Reuters News,593,0
62,NKE,162,20030415,807,Nike: US Foot Locker Sales Decline Lasting Thru 1H FY04,Dow Jones Corporate Filings Alert,353,0
63,NKE,163,20030414,1827,CFA Retail -2: Insider Review For Week Ended April 11,Dow Jones Corporate Filings Alert,457,0
64,NKE,164,20030414,1731,Nike: US Foot Locker Sales Decline Lasting Thru 1H FY04,Dow Jones Corporate Filings Alert,346,0
65,NKE,165,20030409,NA,Curiosity Piqued Over Tiger Woods' Look This Week.,PR Newswire,773,0
66,NKE,166,20030408,853,SUBSTANTIAL INSIDER TRANSACTIONS REPORTED ON 4/7,Dow Jones Corporate Filings Alert,977,0
67,NKE,167,20030407,1633,Putting Magic Delivers This Week From Nike Golf.,PR Newswire,503,0
68,NKE,168,20030407,1739,CFA Retail: Insider Review For Week Ended April 4,Dow Jones Corporate Filings Alert,1173,0
69,NKE,169,20030404,NA,LATIN SWEATSHOPS PRESSED BY US CAMPUS POWER,New York Times Abstracts,143,0
70,NKE,170,20030404,652,Indian anti-war protesters smash Citibank door.,Reuters News,140,0
71,NKE,171,20030404,141,Communist Activists Attack Nike Outlet In Eastern India,Dow Jones International News,125,0
72,NKE,172,20030401,NA,Gabby Reece Headlines Chicago Golf Day at Golf Galaxy.,PR Newswire,564,0
73,NKE,173,20030401,NA,"U.S. Firms in Asia Act to Guard Against Disease --- Actions Include Travel Bans, More Videoconferencing And Wearing of Facemasks",The Wall Street Journal,925,0
