,Ticker,Index,Date,Time,Headline,Source,NumWords,missing
1,NKE,101,20061026,1735,Nike appoints Lane as head of its running business,Reuters News,98,0
2,NKE,102,20061026,1726,Nike Names Leslie Lane to Head Global Running Business,PR Newswire (U.S.),480,0
3,NKE,103,20061024,NA,Wrigley Names First Nonfamily CEO,The Wall Street Journal,570,0
4,NKE,104,20061024,NA,Nike Taps Outsider For Post to Guide Global Online Sales,The Wall Street Journal,401,0
5,NKE,105,20061024,900,"Nike, Inc. Elevates Global E-Commerce Strategy; Company Names Industry Veteran Chris Shimojima to Newly Created VP, Global E-Commerce...",PR Newswire (U.S.),564,0
6,NKE,106,20061024,NA,Ex-Nike chief takes up running Wrigley CONFECTIONERY.,Financial Times,447,0
7,NKE,107,20061024,NA,Wrigley LEX COLUMN.,Financial Times,328,0
8,NKE,108,20061024,NA,Wrigley names first outsider to run company,The Wall Street Journal Asia,332,0
9,NKE,109,20061024,NA,New beat: Nike releases music to go with a run,The Wall Street Journal Asia,338,0
10,NKE,110,20061024,NA,New Chief At Wrigley Is Outsider,The New York Times,908,0
11,NKE,111,20061024,737,WSJ(10/24) Nike Taps Outsider To Guide Global Online Sales,Dow Jones Chinese Financial Wire,408,0
12,NKE,112,20061023,847,UPDATE 4-Wrigley goes beyond family for first time for CEO,Reuters News,722,0
13,NKE,113,20061023,NA,"Music for Runners, Volume 2: Nike Releases Second Recording",The Wall Street Journal,682,0
14,NKE,114,20061023,NA,"Leading the News: Yue Yuen plans to boost output, China operations",The Wall Street Journal Asia,342,0
15,NKE,115,20061023,NA,Nike releases more music for runner workout series,The Wall Street Journal Europe,484,0
16,NKE,116,20061023,911,"Wm. Wrigley Jr. Company Names William D. Perez President and CEO; Bill Wrigley, Jr. Elected Full-Time Executive Chairman in Addition to...",PR Newswire Europe,2602,0
17,NKE,117,20061023,833,"Wm. Wrigley Jr. Company Names William D. Perez President and CEO; Bill Wrigley, Jr. Elected Full-Time Executive Chairman in Addition to...",PR Newswire (U.S.),2589,0
18,NKE,118,20061023,NA,FT.com site : Former Nike chief takes helm at Wrigley.,Financial Times (FT.Com),447,0
19,NKE,119,20061023,1107,2ND UPDATE: Wrigley Names Co Outsider Perez As CEO,Dow Jones News Service,500,0
20,NKE,120,20061023,909,"UPDATE: Wrigley Names Company Outsider As Pres, CEO",Dow Jones News Service,244,0
21,NKE,121,20061020,359,"Yue Yuen raises $361 mln in share, conv. bond sale",Reuters News,108,0
22,NKE,122,20061019,2129,Trading in Yue Yuen shares suspended,Reuters News,138,0
23,NKE,123,20061020,1444,Nike Named One of the Country's Best Workplaces for Commuters by the U.S. EPA; The Company Is Ranked in the Top 20 of Fortune 500 Companies...,PR Newswire (U.S.),971,0
24,NKE,124,20061020,508,"UPDATE:Yue Yuen CB, Share Sale To Grow Output, China Ops",Dow Jones International News,687,0
25,NKE,125,20061020,1040,"=DJ UPDATE:Yue Yuen CB, Share Sale To Grow Output, China Ops",Dow Jones Chinese Financial Wire,685,0
26,NKE,126,20061020,253,"DJ Yue Yuen To Grow Output,China Ops From Shr, Bond Sale -2-",Dow Jones Chinese Financial Wire,246,0
27,NKE,127,20061019,542,"UPDATE 1-Yue Yuen in $250 mln share, convertible sale",Reuters News,165,0
28,NKE,128,20061019,531,HK Yue Yuen Plans To Raise Up To US$300M - Source,Dow Jones International News,164,0
29,NKE,129,20061019,815,"DJ HK Yue Yuen Seeks US$300 Mln From Placement, Bond -2-",Dow Jones Chinese Financial Wire,65,0
30,NKE,130,20061016,2400,Nike Names Five Vice Presidents to Country and Regional Roles,PR Newswire (U.S.),825,0
31,NKE,131,20061016,2433,"Nike Names 5 Vice Presidents For Country, Regional Roles",Dow Jones News Service,122,0
32,NKE,132,20061016,NA,Adidas Extols 'We Over Me' as It Aims At Shoe King Nike's Cult of Personality,The Wall Street Journal,1274,0
33,NKE,133,20061016,NA,Adidas takes aim at Nike's cult of personality --- German firm extols 'we over me' in drive to expand U.S. share,The Wall Street Journal Europe,1244,0
34,NKE,134,20061016,2459,"DJ Nike Names 5 Vice Presidents For Country, Regional Roles",Dow Jones Chinese Financial Wire,120,0
35,NKE,135,20061012,1745,Nike Names Mark Duggan New Head of Nike Bauer Hockey Subsidiary,PR Newswire (U.S.),354,0
36,NKE,136,20061010,2308,HK Yue Yuen Sep Revenue US$305.5 Mln; Up 13.1% On Year,Dow Jones International News,162,0
37,NKE,137,20061010,2335,DJ HK Yue Yuen Sep Revenue US$305.5 Mln; Up 13.1% On Year,Dow Jones Chinese Financial Wire,160,0
38,NKE,138,20061011,1400,"Black Fives, Inc. In Licensing Partnership with Nike for New Footwear, Sportswear Collection; Footwear, Apparel, and Accessories Inspired by...",PR Newswire (U.S.),658,0
39,NKE,139,20061006,804,"RESEARCH ALERT-Matrix cuts Nike to ""buy""",Reuters News,72,0
40,NKE,140,20061005,900,Michael Jordan Soars to Europe to Spread Basketball and Brand Goodwill; MJ to Build a Deeper Connection Between the Jordan Brand and Young...,PR Newswire (U.S.),551,0
41,NKE,141,20061004,2017,Mexican Natl Soccer Team Drops Nike For Adidas,Dow Jones International News,159,0
42,NKE,142,20061004,2400,Nike Taps Experienced Company Leaders to Drive Growth in Global Basketball and Men's Training and Fitness Businesses; Larry Miller named...,PR Newswire (U.S.),727,0
43,NKE,143,20061004,2419,Nike Names Two To New Global Category Management Posts,Dow Jones News Service,102,0
44,NKE,144,20061002,256,"RESEARCH ALERT-HSBC starts Nike, Adidas and Puma",Reuters News,99,0
