,Ticker,Index,Date,Time,Headline,Source,NumWords,missing
1,NKE,101,20100826,956,MARKET TALK: Nike Looks Strong For Back-To-School -Stifel,Dow Jones News Service,1315,0
2,NKE,102,20100826,956,MARKET TALK: Nike Looks Strong For Back-To-School -Stifel,Dow Jones News Service,148,0
3,NKE,103,20100824,2246,"Large Insider Trades Found in Nike, BB & T, Range Resources, Apache, IMAX, & Biovail; Reported by Insiderslab.com",PR Newswire Asia,744,0
4,NKE,104,20100824,1000,BUY OR SELL-Adidas sales pick up but will it last?,Reuters News,769,0
5,NKE,105,20100824,825,"Puma, Sprinter Bolt Reach New Deal",The Wall Street Journal Online,498,0
6,NKE,106,20100824,1720,UPDATE: Dick's Sporting Goods 2Q Profit Jumps 32%; Year View Raised,Dow Jones Business News,407,0
7,NKE,107,20100819,2428,"At Vegas Show, Fashion Firms, Retailers Roll Dice",Dow Jones News Service,490,0
8,NKE,108,20100819,2413,"USAID Partners With NASA, NIKE and State Department to Address Global Health Challenges",PR Newswire (U.S.),490,0
9,NKE,109,20100818,759,Oral Cancer Foundation Combines Guerilla Marketing With Tech Savvy for Public Good,PR Newswire (U.S.),1120,0
10,NKE,110,20100817,1350,"Nike, Inc. Declares Quarterly Dividend",Reuters Significant Developments,610,0
11,NKE,111,20100816,1440,Adidas shares may be in for good run - Barron's,Reuters News,1790,0
12,NKE,112,20100816,NA,Naturally Advanced Technologies hires Industry Leading IR Firm to Enhance Investor Communications,PR Newswire (U.S.),62,0
13,NKE,113,20100815,2435,"Apps to Get You Moving, or Offer Motivation",The New York Times,213,0
14,NKE,114,20100812,600,"The public image: Converse's ""All Summer"" music video",Financial Times,928,0
15,NKE,115,20100812,NA,Nike Inc (NKE) Mkt On Close Buy Imbalance: Shrs 70500,Dow Jones News Service,298,0
16,NKE,116,20100810,NA,RPT-EXCLUSIVE-UPDATE 2-Nike cites ripple effect in action sports,Reuters News,227,0
17,NKE,117,20100809,NA,Adidas profits on World Cup --- Net jumps as games in South Africa fuel sales of shirts and balls; weak euro boosts revenue,The Wall Street Journal Europe,217,0
18,NKE,118,20100809,1545,Adidas Profits as World Cup Boosts Sales,The Wall Street Journal Online,10,0
19,NKE,119,20100809,700,One to Watch: Adidas vs. Nike,WSJ Blogs,1030,1
20,NKE,120,20100806,1458,Nike Chief Parker's Total Compensation Jumped 84% Last Year,Dow Jones Business News,1021,0
21,NKE,121,20100805,NA,Adidas Raises Guidance After Soccer World Cup Bonanza,Dow Jones Business News,684,0
22,NKE,122,20100804,1111,UPDATE: Adidas Raises Guidance As World Cup Boosts Soccer Sales,Dow Jones Business News,731,0
23,NKE,123,20100804,1506,WSJ/The Source:Adidas Vs Nike Will be Interesting Game to Watch,Dow Jones International News,329,0
24,NKE,124,20100804,1900,DOJ Seizes Nearly $100 Million In Counterfeit Goods; Charges 11,Dow Jones Business News,198,0
25,NKE,125,20100804,1845,Nike Inc (NKE) Mkt On Close Buy Imbalance: Shrs 68600,Dow Jones News Service,198,0
26,NKE,126,20100804,725,Nike Inc (NKE) Mkt On Close Buy Imbalance: Shrs 54700,Dow Jones News Service,893,0
27,NKE,127,20100804,710,"MARKET TALK: Check Out My New Staten Island Kicks, Bro",Dow Jones News Service,893,0
28,NKE,128,20100804,340,"MARKET TALK: Check Out My New Staten Island Kicks, Bro",Dow Jones News Service,543,0
29,NKE,129,20100804,325,Corporate News: Corporate Watch,The Wall Street Journal,543,0
30,NKE,130,20100804,2400,"Pressured, Nike to Help Workers In Honduras",The New York Times,379,0
31,NKE,131,20100803,1620,"PRESSURED, NIKE TO HELP WORKERS IN HONDURAS",The New York Times Abstracts,279,0
32,NKE,132,20100803,1605,Nike to pay $2 mln to help laid-off Hondurans-WSJ,Reuters News,278,0
33,NKE,133,20100803,1545,Nike to Pay Some $2 Million to Workers Fired by Subcontractors,The Wall Street Journal Online,10,0
34,NKE,134,20100802,1545,WSJ: Nike To Pay About $2M To Workers Fired By Subcontractors,Dow Jones News Service,10,0
35,NKE,135,20100730,2430,Nike Inc (NKE) Mkt On Close Buy Imbalance: Shrs 58600,Dow Jones News Service,1430,0
36,NKE,136,20100730,2430,Adidas Shares Soar After 2Q Results Smashed Expectations,Dow Jones International News,133,0
37,NKE,137,20100727,NA,"MARKET TALK: VF Corp Shares Jump, But Still Seen As Bargain",Dow Jones News Service,789,0
38,NKE,138,20100727,NA,"MARKET TALK: VF Corp Shares Jump, But Still Seen As Bargain",Dow Jones News Service,916,0
39,NKE,139,20100727,NA,R.G. Barry/Dearfoams Names Coons Dearfoams President,PR Newswire (U.S.),95,0
40,NKE,140,20100726,1743,On Style: How Green Is My Sneaker?,The Wall Street Journal,157,0
41,NKE,141,20100726,1812,How Green Is My Sneaker?,The Wall Street Journal Online,404,0
42,NKE,142,20100726,1651,"Kid Cudi, Best Coast, Rostam of Vampire Weekend Collaborate on Summer Jam",WSJ Blogs,420,1
43,NKE,143,20100726,1545,Nike Inc (NKE) Mkt On Close Sell Imbalance: Shrs 55500,Dow Jones News Service,10,0
44,NKE,144,20100723,602,Nike Inc Files 8K - Changes Exec Mgmt,Dow Jones Corporate Filings Alert,419,0
45,NKE,145,20100723,617,MARKET TALK:Nike Exec Changes Underscore China's Importance,Dow Jones News Service,419,0
46,NKE,146,20100722,1546,MARKET TALK:Nike Exec Changes Underscore China's Importance,Dow Jones News Service,1381,0
47,NKE,147,20100722,1546,MARKET TALK:Nike Exec Changes Underscore China's Importance,Dow Jones Capital Markets Report,136,0
48,NKE,148,20100722,1300,CORRECTED - UPDATE 1-Nike North America exec to lead business in China,Reuters News,244,0
49,NKE,149,20100722,NA,MARKET TALK:China Sportswear Shares' Fall On Nike Overdone-UOB,Dow Jones International News,1369,0
50,NKE,150,20100721,NA,Nike Inc (NKE) Mkt On Close Buy Imbalance: Shrs 70800,Dow Jones News Service,1395,0
51,NKE,151,20100721,1630,MARKETWATCH VIEW: 2010 Investment Ideas That Hit--And Missed,Dow Jones News Service,455,0
52,NKE,152,20100720,1545,Nike Inc (NKE) Mkt On Close Buy Imbalance: Shrs 77700,Dow Jones News Service,10,0
53,NKE,153,20100720,1648,Nike Plays Ball | World Cup Fashions,NYT Blogs,647,0
54,NKE,154,20100719,1640,Soccer-World-Replica jersey workers want pay rise in Indonesia,Reuters News,1065,0
55,NKE,155,20100719,1640,Venus Embraces Status as Tour Elder,The Wall Street Journal Online,146,0
56,NKE,156,20100719,1640,Companies' 2Q Results Likely To Show Slow Progress In Tough Climate,Dow Jones News Service,1198,0
57,NKE,157,20100719,1734,WSJ: Facebook Touts Selling Power Of Friendship,Dow Jones News Service,195,0
58,NKE,158,20100713,1204,Nike Inc (NKE) Mkt On Close Buy Imbalance: Shrs 95200,Dow Jones News Service,172,0
59,NKE,159,20100712,1545,"Facebook Touts Selling Power of Friendship; In Bid to Boost Revenue, Site Pitches 'Social Context' Ads to Major Marketers",The Wall Street Journal Online,10,0
60,NKE,160,20100712,830,MARKET TALK: China Sportswear Brands Down On Nike's Offensive,Dow Jones International News,2419,0
61,NKE,161,20100709,1545,Nike Inc (NKE) Mkt On Close Buy Imbalance: Shrs 131500,Dow Jones News Service,10,0
62,NKE,162,20100709,NA,"Kill the Mall's Main Roof, Add a Big Plaza",The Wall Street Journal Online,212,0
63,NKE,163,20100709,640,MARKET TALK:Nike's China Plan To Hit China Sportswear Cos -UBS,Dow Jones International News,356,0
64,NKE,164,20100708,NA,Sponsors Stand Behind Armstrong,The Wall Street Journal Online,974,0
65,NKE,165,20100708,1540,Soccer-World-Adidas rallies vs Nike in World Cup buzz,Reuters News,853,0
66,NKE,166,20100707,2018,Nike Inc (NKE) Mkt On Close Sell Imbalance: Shrs 94100,Dow Jones News Service,1032,0
