,Ticker,Index,Date,Time,Headline,Source,NumWords,missing
1,NKE,1,20050927,1709,US Cos Back Bill To Overhaul Business Activity Tax,Dow Jones International News,514,0
2,NKE,2,20050927,1500,TIP SHEET: Allegiant's Chren Sees Value In Large-Caps,Dow Jones News Service,916,0
3,NKE,3,20050926,1659,Nike Raises Maximum Bonus For Employees,Dow Jones Corporate Filings Alert,160,0
4,NKE,4,20050920,NA,Companies Brief -- Nike Inc.: Earnings Rise 32% on Demand For Air Jordan Sneaker Style,The Wall Street Journal Europe,171,0
5,NKE,5,20050920,1628,"UPDATE 1-Oakley names new CEO, Jannard remains chairman",Reuters News,253,0
6,NKE,6,20050920,NA,Nike Net Jumps 32% on U.S. Sneaker Sales,The Wall Street Journal,523,0
7,NKE,7,20050920,NA,"Nike bullish, but keeps feet on the ground.",Financial Times,399,0
8,NKE,8,20050920,1615,"Oakley Appoints Scott Olivet CEO And Director, Effective Oct 10, 2005",Dow Jones News Service,118,0
9,NKE,9,20050920,NA,"Nike Posts 32% Jump in Profit, Paced by Strong Demand in U.S.",The Asian Wall Street Journal,496,0
10,NKE,10,20050919,952,"MORNING UPDATE: Seven Summits Research issues alerts for MCD, NKE, GERN, APOL, and GILD",PR Newswire (U.S.),1364,0
11,NKE,11,20050919,700,NIKE Reports First Quarter Earnings Per Share of $1.61 Sales Gains Across All Regions and Product Business Units Worldwide Futures Orders Up...,PR Newswire (U.S.),1819,0
12,NKE,12,20050919,721,TABLE-Nike Q1 earnings rise,Reuters News,93,0
13,NKE,13,20050919,704,"UPDATE 4-Nike quarterly profit beats forecasts, shares jump",Reuters News,766,0
14,NKE,14,20050919,NA,FT.com site : Nike posts record Q1 earnings.,Financial Times (FT.Com),199,0
15,NKE,15,20050919,926,UPDATE: Nike's Quarter Easily Tops Estimates; Shares Rally,Dow Jones Business News,434,0
16,NKE,16,20050919,1030,DJ Nike Sees FY06 Revenue At High End Of Earlier Forecast,Dow Jones Chinese Financial Wire,336,0
17,NKE,17,20050919,835,"DJ Nike Inc 1Q Net Rises 32%, All Regions Post Gains >NKE -2-",Dow Jones Chinese Financial Wire,169,0
18,NKE,18,20050919,810,"DJ Nike Inc 1Q Net Rises 32%, All Regions Post Gains >NKE",Dow Jones Chinese Financial Wire,108,0
19,NKE,19,20050919,704,"*DJ Nike Inc. 1Q Net $432.3M Vs $326.8M, +32% >NKE",Dow Jones Chinese Financial Wire,13,0
20,NKE,20,20050919,703,"*DJ Nike Inc. 1Q Rev $3.86B Vs $3.56B, +8.4% >NKE",Dow Jones Chinese Financial Wire,14,0
21,NKE,21,20050919,2416,WSJ UPDATE: Nike 1Q Net Rose 32% On Strong Demand,Dow Jones News Service,600,0
22,NKE,22,20050919,1009,UPDATE: Nike's Fiscal-1Q Net Soars 32% On Strong Sales,Dow Jones News Service,489,0
23,NKE,23,20050919,911,NEWS WRAP: Nike 1Q Earnings Beat Street Views,Dow Jones News Service,417,0
24,NKE,24,20050919,831,NEWS WRAP: Nike FY1Q Net Climbs 32% On Sales Gains,Dow Jones News Service,239,0
25,NKE,25,20050919,821,Nike Still Sees Fiscal 2006 Revenue Up High-Single Digits,Dow Jones News Service,338,0
26,NKE,26,20050919,700,Nike Inc. 1Q EPS $1.61 Vs $1.21,Dow Jones News Service,335,0
27,NKE,27,20050919,NA,"Yue Yuen's Profit Declines 10% As Labor, Materials Costs Surge",The Asian Wall Street Journal,290,0
28,NKE,28,20050914,NA,Style & Substance -- Plus Ca Change: Chic Fashions In Larger Sizes,The Asian Wall Street Journal,840,0
29,NKE,29,20050914,NA,"For Plus-Size Women, More Chic Choices",The Wall Street Journal Europe,629,0
30,NKE,30,20050908,901,"NIKE, Inc. To Webcast Earnings and Conference Call",PR Newswire (U.S.),277,0
31,NKE,31,20050831,1400,TALES OF THE TAPE: Timberland Tries To Keep In Step,Dow Jones News Service,1067,0
32,NKE,32,20050830,1347,"Des Moines, IA; New York, and Boston Consumers Lead Local U.S. Markets for Spending on Children's Clothing, According to Scarborough...",PR Newswire (U.S.),774,0
33,NKE,33,20050829,1530,Mexican Garment Industry Battles To Keep US Market Share,Dow Jones Global Equities News,1014,0
34,NKE,34,20050819,NA,Hollywood Report: Just Do Animation --- Founder of Nike Laces Up To Enter Crowded Field; Taking Cue From `Gumby',The Wall Street Journal,1176,0
35,NKE,35,20050815,1400,Maria Eitel Appointed to Safeco Board of Directors,PR Newswire (U.S.),351,0
36,NKE,36,20050815,915,NIKE Declares Dividend,PR Newswire (U.S.),205,0
37,NKE,37,20050809,1423,UPDATE 1-INTERVIEW-Adidas/Reebok eye sales gains,Reuters News,503,0
38,NKE,38,20050805,1851,UK PRESS: Adidas CEO: Sector Becoming Commodity Business,Dow Jones International News,201,0
39,NKE,39,20050805,NA,Sneaker Deal Has Risks for Yue Yuen --- Adidas's Buy of Reebok Could Pressure Margins For Hong Kong Shoe Maker,The Asian Wall Street Journal,707,0
40,NKE,40,20050805,NA,Adidas-Reebok May Promote Other Tie-Ups,The Asian Wall Street Journal,643,0
41,NKE,41,20050804,NA,FT.com site : Sports goods rivals likely to unite.,Financial Times (FT.Com),643,0
42,NKE,42,20050804,1133,Adidas-Reebok Likely To Clear Antitrust Hurdles -Analysts,Dow Jones International News,322,0
43,NKE,43,20050804,440,"HK Yue Yuen Likely Beneficiary Of Adidas,Reebok Tie-up",Dow Jones International News,749,0
44,NKE,44,20050804,820,"=DJ HK Yue Yuen Likely Beneficiary Of Adidas,Reebok Tie-up",Dow Jones Chinese Financial Wire,747,0
45,NKE,45,20050803,2328,"=DJ Adidas, Reebok Say Merger Is About Growth, Not Costs",Dow Jones Chinese Financial Wire,550,0
46,NKE,46,20050804,1133,Adidas-Reebok Likely To Clear Antitrust Hurdles -Analysts,Dow Jones News Service,322,0
47,NKE,47,20050804,1133,Adidas-Reebok Likely To Clear Antitrust Hurdles -Analysts,Dow Jones Capital Markets Report,322,0
48,NKE,48,20050804,NA,Adidas Sprints Toward Nike In $3.12 Billion Reebok Deal --- German Footwear Pioneer Takes Run at Urban Market; Mr. Owens to Missy Elliot,The Wall Street Journal Europe,2177,0
49,NKE,49,20050804,NA,Two Brands Running as a Team to Overtake Nike,The New York Times,1051,0
50,NKE,50,20050804,908,"RESEARCH ALERT-Morgan Stanley cuts Reebok to ""equal-weight""",Reuters News,64,0
51,NKE,51,20050804,NA,Adidas Sprints Toward Nike In $3.8 Billion Reebok Deal --- German Footwear Pioneer Takes Run at Urban Market; Mr. Owens to Missy Elliot,The Asian Wall Street Journal,2364,0
52,NKE,52,20050803,1604,UPDATE: Reebok Chief's Stock Now Worth $600M,Dow Jones Business News,309,0
53,NKE,53,20050803,1503,UPDATE: Adidas Targets Nike With Reebok Buy,Dow Jones Business News,427,0
54,NKE,54,20050803,2428,2ND UPDATE: Adidas To Buy Reebok For $3.8 Billion,Dow Jones Business News,772,0
55,NKE,55,20050803,537,UPDATE: Adidas To Buy Reebok For $3.8 Billion,Dow Jones Business News,577,0
56,NKE,56,20050803,1004,UPDATE: Adidas To Buy Reebok; 2Q Net Profit Rises 50%,Dow Jones International News,794,0
57,NKE,57,20050803,509,THE SKEPTIC: Adidas Ties On Reeboks For Run At Nike,Dow Jones International News,478,0
58,NKE,58,20050803,447,NEWS SNAP: Adidas To Buy Reebok; 2Q Net Pft Rises 50%,Dow Jones International News,585,0
59,NKE,59,20050803,624,=DJ NEWS SNAP: Adidas To Buy Reebok; 2Q Net Pft Rises 50%,Dow Jones Chinese Financial Wire,583,0
60,NKE,60,20050803,1756,"Adidas-Reebok Will Compete With Nike, But Also With Self",Dow Jones News Service,537,0
61,NKE,61,20050803,1149,"Adidas, Reebok Say Merger Is About Growth, Not Costs",Dow Jones News Service,552,0
62,NKE,62,20050803,1605,"= Adidas-Reebok Will Compete With Nike, But Also With Self",OsterDowJones Commodity Wire,545,0
63,NKE,63,20050803,1756,Nike gears up for bigger Adidas challenge,Reuters News,738,0
64,NKE,64,20050803,1558,OPTIONS BEAT-Reebok options trades before deal raise eyebrows,Reuters News,680,0
65,NKE,65,20050803,658,Top shoe maker sees little Adidas-Reebok impact,Reuters News,250,0
66,NKE,66,20050802,1845,WSJ: Adidas Near A Deal To Buy Reebok - Source,Dow Jones News Service,152,0
67,NKE,67,20050802,1830,UPDATE 1-Adidas close to buying U.S. rival Reebok - reports,Reuters News,459,0
68,NKE,68,20050729,1413,"Nike CEO Got $1.5M In Salary, Bonus For FY Ended May 31",Dow Jones Corporate Filings Alert,192,0
69,NKE,69,20050729,1512,"Nike CEO Got $1.5M In Salary, Bonus For FY Ended May 31",Dow Jones News Service,192,0
70,NKE,70,20050726,801,Columbia Sportswear Company Names Brad Gebhard Vice President of Footwear Industry Veteran Will Manage Global Footwear Business,PR Newswire (U.S.),358,0
71,NKE,71,20050722,NA,"Giving Eyes an Edge --- New, Tinted Contact Lenses Aim to Mimic Sunglasses; Go Green for Better Putting",The Asian Wall Street Journal,932,0
72,NKE,72,20050720,1557,Local PR Agencies Ask for Help to Save Life of Colleague in Dire Need of Liver Transplant 31-Year-Old Shari Kurzrok Will Die Unless She...,PR Newswire (U.S.),534,0
73,NKE,73,20050719,1144,"/C O R R E C T I O N -- Payless ShoeSource, Inc./ In the news release, Payless ShoeSource (NYSE: PSS) Announces Election of Matthew Rubel to...",PR Newswire (U.S.),851,0
74,NKE,74,20050718,1904,Payless ShoeSource elects Rubel as CEO,Reuters News,96,0
75,NKE,75,20050718,1856,Payless ShoeSource Announces Election Of Matthew Rubel To CEO And President,Dow Jones News Service,201,0
76,NKE,76,20050718,915,Hot Stocks To Watch In Barron's: NKE ANF UVN GM,Dow Jones News Service,184,0
77,NKE,77,20050718,1856,Payless ShoeSource Announces Election of Matthew Rubel to Chief Executive Officer and President Howard Fricke Elected Chairman of the Board,PR Newswire (U.S.),781,0
78,NKE,78,20050718,1319,Tiger Woods Leads the Charge for Nike Golf as an Outstanding Year Unfolds Woods Ignites the Open Championship at St. Andrews,PR Newswire (U.S.),847,0
79,NKE,79,20050715,NA,Your Life -- Sport: Making the Burn Look Good --- Companies Battle to Win Over Athletes With Hi-Tech Gear,The Asian Wall Street Journal,621,0
80,NKE,80,20050714,NA,Gap Improves Plant Inspections But Says Some Problems Persist,The Wall Street Journal Europe,552,0
81,NKE,81,20050714,NA,Gap Report Says Plant Inspections Are Getting Better,The Asian Wall Street Journal,680,0
82,NKE,82,20050708,NA,"PERSONAL JOURNAL --- Personal Fitness: Work Hard, Look Sharp: The Latest Gear --- Trends to Watch, From Contact Lenses That Help Spot the...",The Wall Street Journal Europe,937,0
