,Ticker,Index,Date,Time,Headline,Source,NumWords,missing
1,NKE,101,20060123,520,"Nike, Inc. Names Mark Parker CEO, William D. Perez Resigns",PR Newswire Europe,893,0
2,NKE,102,20060123,1135,EU To OK Adidas-Reebok Deal With No Sell-Offs -Sources,Dow Jones Asian Equities Report,262,0
3,NKE,103,20060123,1642,3RD UPDATE: Nike CEO Quits In Dispute With Knight; Shares Retreat,Dow Jones Business News,689,0
4,NKE,104,20060123,918,2ND UPDATE: Nike CEO Quits; Shares Fall Ahead Of Open,Dow Jones Business News,623,0
5,NKE,105,20060123,608,UPDATE: Nike CEO Quits After Clash With Company Founder Knight,Dow Jones Business News,250,0
6,NKE,106,20060123,1135,EU To OK Adidas-Reebok Deal With No Sell-Offs -Sources,Dow Jones International News,262,0
7,NKE,107,20060123,535,"DJ Nike Names Parker Pres, Chief Exec; Perez Resigns >NKE",Dow Jones Chinese Financial Wire,98,0
8,NKE,108,20060123,1507,2ND UPDATE: Nike CEO Switch Comes At An Awkward Time,Dow Jones News Service,559,0
9,NKE,109,20060123,1317,Nike's Knight: Perez Couldn't Make Leap Between Companies,Dow Jones News Service,465,0
10,NKE,110,20060123,1135,EU To OK Adidas-Reebok Deal With No Sell-Offs -Sources,Dow Jones News Service,262,0
11,NKE,111,20060123,1128,UPDATE: Nike CEO Switch Comes At Awkward Sales Time,Dow Jones News Service,521,0
12,NKE,112,20060123,907,"NEWS WRAP: Nike CEO Perez Resigns, Co Names Parker",Dow Jones News Service,501,0
13,NKE,113,20060123,429,"Nike, Inc. Names Mark Parker CEO, William D. Perez Resigns",Dow Jones News Service,308,0
14,NKE,114,20060123,1135,EU To OK Adidas-Reebok Deal With No Sell-Offs -Sources,Dow Jones Capital Markets Report,262,0
15,NKE,115,20060118,NA,Apparel Brief -- Nike Inc.: French Unit Is Being Investigated For Alleged Bogus Payments,The Wall Street Journal,172,0
16,NKE,116,20060112,1030,"CPSC, Hurley International Announce Recall of Boy's Hooded Jackets with Drawstrings",PR Newswire (U.S.),496,0
17,NKE,117,20060103,947,"RESEARCH ALERT-Goldman starts Under Armour at ""in-line""",Reuters News,121,0
