,Ticker,Index,Date,Time,Headline,Source,NumWords,missing
1,NKE,101,20111115,1432,DJ Kingdon Capital Mgmt 3Q 13F: Hldgs As Of Sep 30,Dow Jones Institutional News,5035,0
2,NKE,102,20111115,1418,DJ OZ Mgmt 3Q 13F: Hldgs As Of Sep 30,Dow Jones Institutional News,5921,0
3,NKE,103,20111115,1414,=DJ The Vanguard Grp 3Q 13F: Hldgs As Of Sep 30,Dow Jones Institutional News,9401,0
4,NKE,104,20111115,NA,The Get | Cole Haan Wingtips; T Magazine,NYT Blogs,149,0
5,NKE,105,20111115,757,UPDATE 3-Dick's Sporting sees Q4 profit above Street,Reuters News,413,0
6,NKE,106,20111114,1521,Forex Controls Have Chilling Effect On Argentine Real Estate,Dow Jones Business News,726,0
7,NKE,107,20111114,1506,Forex Controls Have Chilling Effect On Argentine Real Estate,Dow Jones International News,726,0
8,NKE,108,20111111,744,MARKET TALK: Another Nike Dividend Increase Could Be Imminent,Dow Jones News Service,877,0
9,NKE,109,20111111,744,MARKET TALK: Another Nike Dividend Increase Could Be Imminent,Dow Jones News Service,133,0
10,NKE,110,20111111,1625,The 2011 NIKE MAG Auction Raises $4.7 Million for The Michael J. Fox Foundation for Parkinson's Research,PR Newswire (U.S.),1218,0
11,NKE,111,20111111,NA,The Name Stays Put,The Wall Street Journal Online,222,0
12,NKE,112,20111111,NA,MARKET TALK: Foot Locker 3Q Should Be A Winner -Sterne Agee,Dow Jones News Service,233,0
13,NKE,113,20111110,1035,MARKET TALK: Foot Locker 3Q Should Be A Winner -Sterne Agee,Dow Jones News Service,1242,0
14,NKE,114,20111110,1035,"Giving Faces to Cole, Haan",The Wall Street Journal Online,147,0
15,NKE,115,20111110,NA,"Heard & Scene: Giving Faces to Cole, Haan",The Wall Street Journal,431,0
16,NKE,116,20111110,NA,=DJ CFA Retail:Insider Review For Week Ended Nov. 4,Dow Jones Institutional News,426,0
17,NKE,117,20111107,713,MARKET TALK: Jefferies Sees Post-Olympics Growth For Nike,Dow Jones News Service,1659,0
18,NKE,118,20111107,1306,MARKET TALK: Jefferies Sees Post-Olympics Growth For Nike,Dow Jones News Service,1351,0
19,NKE,119,20111107,1306,"UPDATE: Adidas Raises 2011 Outlook, Sees 2012 Earnings Growth",Dow Jones International News,122,0
20,NKE,120,20111103,354,Adidas Sees EPS Increasing 10% To 15% In 2012,Dow Jones International News,476,0
21,NKE,121,20111103,232,"Equity Research on Top Momentum Stocks: Xerox, NIKE, Fastenal, AMD, PepsiCo & Goldman Sachs",PR Newswire (U.S.),247,0
22,NKE,122,20111102,850,Nike Raised To Buy From Neutral By Goldman Sachs,Dow Jones International News,455,0
23,NKE,123,20111102,918,*DJ Nike Raised To Buy From Neutral By Goldman Sachs NKE,Dow Jones Chinese Financial Wire,9,0
24,NKE,124,20111102,919,UPDATE 1-Goldman Sachs sees Olympics boosting Nike business,Reuters News,19,0
25,NKE,125,20111102,1027,=DJ CFA Substantial Insider Sales: Afternoon Report,Dow Jones Institutional News,221,0
26,NKE,126,20111101,1644,=DJ CFA Retail:Insider Review For Week Ended Oct. 28,Dow Jones Institutional News,1032,0
27,NKE,127,20111031,713,Nike Inc (NKE) Mkt On Close Sell Imbalance: Shrs 102700,Dow Jones News Service,1215,0
28,NKE,128,20111031,1545,NYSE New 52-Week Highs And Lows,Dow Jones News Service,10,0
29,NKE,129,20111031,1021,Nike Inc (NKE) Mkt On Close Sell Imbalance: Shrs 110600,Dow Jones News Service,151,0
30,NKE,130,20111028,1545,"Research Reports for Linear, Costco, NIKE, Juniper, Walt Disney & Cirrus Logic",PR Newswire (U.S.),10,0
31,NKE,131,20111027,901,Nike Inc (NKE) Mkt On Close Buy Imbalance: Shrs 85400,Dow Jones News Service,452,0
32,NKE,132,20111027,1545,WSJ BLOG/Washington Wire: Rep. Camp Unveils Business-Friendly Corporate Tax Plan,Dow Jones Institutional News,10,0
33,NKE,133,20111026,1748,=DJ CFA Substantial Insider Sales: Afternoon Report,Dow Jones Institutional News,613,0
34,NKE,134,20111026,1745,=DJ CFA Substantial Insider Sales: Afternoon Report,Dow Jones Institutional News,595,0
35,NKE,135,20111026,1748,Nike Inc (NKE) Mkt On Close Sell Imbalance: Shrs 50700,Dow Jones News Service,604,0
36,NKE,136,20111026,1745,WSJ BLOG/India Real Time: FDI in Airlines Likely Won't Take Off,Dow Jones Institutional News,586,0
37,NKE,137,20111026,1644,"Critical Alerts For Walt Disney, Nike, Broadcom, Dominion Resources, and Riverbed Technology Released By Seven Summits Research",PR Newswire (U.S.),701,0
38,NKE,138,20111025,1644,Google Hits Space Bars,The Wall Street Journal,645,0
39,NKE,139,20111025,1545,Google Hits Space Bars,The Wall Street Journal Online,10,0
40,NKE,140,20111024,830,Kenya athletics brand has ambitions to take on Nike,CNN Wire,848,0
41,NKE,141,20111024,830,=DJ CFA Retail:Insider Review For Week Ended Oct. 14,Dow Jones Institutional News,839,0
42,NKE,142,20111024,931,=DJ CFA Retail:Insider Review For Week Ended Oct. 14 -2-,Dow Jones Institutional News,430,0
43,NKE,143,20111020,NA,Shoe Company Stocks Worth A Look In Slow Economy -Analyst,Dow Jones News Service,817,0
44,NKE,144,20111020,NA,=DJ CFA Substantial Insider Sales: Afternoon Report,Dow Jones Institutional News,819,0
45,NKE,145,20111019,651,"The Zacks Analyst Blog Highlights: AT&T, Google, Motorola Mobility Holdings, Verizon Communications and Nike",PR Newswire (U.S.),659,0
46,NKE,146,20111017,713,"Belle footwear Q3 store sales up 19 pct in China, shares climb",Reuters News,530,0
47,NKE,147,20111003,713,"WSJ(10/12) In China, Nike Sets Out To Alter Sports Mindset",Dow Jones Chinese Financial Wire,540,0
48,NKE,148,20111017,713,"WSJ(10/12) In China, Nike Sets Out To Alter Sports Mindset",Dow Jones Chinese Financial Wire,577,0
49,NKE,149,20111017,1617,=DJ CFA Substantial Insider Sales: Morning Report,Dow Jones Institutional News,709,0
50,NKE,150,20111013,1644,Corporate News: Nike Faces High Hurdles in New Arena,The Wall Street Journal,413,0
51,NKE,151,20111013,930,Nike Inc (NKE) Mkt On Close Buy Imbalance: Shrs 65900,Dow Jones News Service,1075,0
52,NKE,152,20111012,2249,Athletic Retailers Better Prepared For NBA Lockout Than '98-'99,Dow Jones News Service,185,0
53,NKE,153,20111013,317,DJ Nike President: To Invest In China 'Very Aggressively' -Xinhua,Dow Jones Chinese Financial Wire,428,0
54,NKE,154,20111013,248,"In China, Nike Sets Out To Alter Sports Mindset",The Wall Street Journal Asia,418,0
55,NKE,155,20111012,844,Nike eyes $4 billion in China sales by 2015 -- WSJ,Reuters News,475,0
56,NKE,156,20111012,NA,"North Face stretches further into yoga, running",Reuters News,805,0
57,NKE,157,20111012,1254,Apple's Game Plan: Avoiding Culture Shock; How to Preserve a CEO's Ethos? Company Had Nearly Decade to Prepare; Gathering a 'Top 100' and...,The Wall Street Journal Online,813,0
58,NKE,158,20111012,NA,Nike Inc (NKE) Mkt On Close Buy Imbalance: Shrs 52100,Dow Jones News Service,499,0
59,NKE,159,20111011,2411,Nike Inc (NKE) Mkt On Close Sell Imbalance: Shrs 77200,Dow Jones News Service,831,0
60,NKE,160,20111012,1545,"Research Reports for Top Traded Penny Stocks: Bank of America, AMR & Ford, More Reports for SandRidge, Aruba & NIKE",PR Newswire (U.S.),10,0
61,NKE,161,20111012,2411,=DJ CFA Retail:Insider Review For Week Ended Sep. 30 -2-,Dow Jones Institutional News,571,0
62,NKE,162,20111011,2153,Nike Inc (NKE) Mkt On Close Buy Imbalance: Shrs 67800,Dow Jones News Service,512,0
