,Ticker,Index,Date,Time,Headline,Source,NumWords,missing
1,NKE,1,20090930,1620,"New Orleans Schools Go Solar With Entergy, Nike, Winrock International, U.S. Green Building Council Partnership, City of New Orleans",PR Newswire (U.S.),598,0
2,NKE,2,20090930,1359,DJ Hot Stocks:NKE,Dow Jones Chinese Financial Wire,80,0
3,NKE,3,20090930,1050,WSJ BLOG/Environmental Capital: Nike Bolts Chamber On Climate,Dow Jones News Service,77,0
4,NKE,4,20090930,632,It's A Long Road To Investment Success In China,Dow Jones News Service,80,0
5,NKE,5,20090930,1501,Nike Steps Back From Chamber Over Climate-Change Dispute,Dow Jones International News,396,0
6,NKE,6,20090930,1127,"Apple, Nike: Money Flow Leaders (AAPL, NKE)",The Wall Street Journal Online,1508,0
7,NKE,7,20090930,1529,Cost Cutting Aids Nike As Profit Rises Slightly,The Wall Street Journal Online,275,0
8,NKE,8,20090930,2450,Cost-cutting helps Nike as quarterly profit climbs,The Wall Street Journal Europe,81,0
9,NKE,9,20090930,NA,"UPDATE 1-NBA season, World Cup to boost Nike sales: Goldman",Reuters News,374,0
10,NKE,10,20090930,NA,=DJ Nike 1Q Profit Up 0.5% On Cost Savings; Shares Rise >NKE,Dow Jones Chinese Financial Wire,317,0
11,NKE,11,20090930,NA,2nd UPDATE: Nike 1Q Profit Up 0.5%; To Focus On Market Share,Dow Jones News Service,364,0
12,NKE,12,20090930,843,Nike Inc 1Q EPS $1.04,Dow Jones News Service,349,0
13,NKE,13,20090929,1809,N AMERICAN MORNING BRIEFING: Stks To Fall As Caution Returns,Dow Jones News Service,406,0
14,NKE,14,20090929,1857,"UPDATE 3-Nike Q1 beats on cost cuts, shares jump",Reuters News,528,0
15,NKE,15,20090929,1615,Nike Inc Files 8K - Operations And Financial Condition,Dow Jones Corporate Filings Alert,7,0
16,NKE,16,20090929,636,Nike Inc Files 8K - Other Events,Dow Jones Corporate Filings Alert,1851,0
17,NKE,17,20090929,1642,"Seven Summits Research Releases Reports on Nike, Accenture, Micron Technology, Constellation Brands and Jabil",PR Newswire (U.S.),811,0
18,NKE,18,20090929,1618,Retailers On The Hunt For Spring Fashions,Dow Jones News Service,152,0
19,NKE,19,20090929,600,"STOCKS NEWS EUROPE-US home prices, Compass in focus Tues",Reuters News,359,0
20,NKE,20,20090928,931,Nike Inc Files 8K - Other Events,Dow Jones Corporate Filings Alert,406,0
21,NKE,21,20090928,812,Investor's Calendar,The Wall Street Journal Sunday,1234,0
22,NKE,22,20090928,957,FDIC to Propose New Fund-Raising Policy,The Wall Street Journal Online,152,0
23,NKE,23,20090928,928,GETTING PERSONAL:Investing In Women Seen Key To Global Recovery,Dow Jones News Service,674,0
24,NKE,24,20090927,NA,"US EQUITIES WEEK AHEAD: Jobs, Auto Sales, Home Price Data",Dow Jones News Service,246,0
25,NKE,25,20090927,NA,2nd UPDATE: JJB Sports Says Funds Needed For Turnaround,Dow Jones International News,242,0
26,NKE,26,20090925,1546,UPDATE: JJB Sports Says Major Brands Backing Its New Focus,Dow Jones International News,544,0
27,NKE,27,20090925,1418,NEWSWEEK Launches Ranking of Greenest Companies in America; HEWLETT-PACKARD TAKES TOP HONORS IN SURVEY OF 500 LARGEST COMPANIES,PR Newswire (U.S.),1162,0
28,NKE,28,20090924,619,"Barron's(9/21) The Trader: Are Bulls, Eyeing 10,000, On Borrowed Time?",Dow Jones Chinese Financial Wire,643,0
29,NKE,29,20090924,502,Investors eyeing the margins at Nike-Barron's,Reuters News,513,0
30,NKE,30,20090921,940,Bets on Nike and Red Hat,The Wall Street Journal,725,0
31,NKE,31,20090921,439,Bets on Nike and Red Hat,The Wall Street Journal Online,1031,0
32,NKE,32,20090920,1408,OPTIONS REPORT: Strategists Suggest The Sale Of Nike Puts,Dow Jones News Service,263,0
33,NKE,33,20090919,NA,ETHICS MONITOR: Business Groups Demand Climate Trial,Dow Jones News Service,256,0
34,NKE,34,20090919,NA,Kyle's Treehouse Announces Inaugural Fashion for Autism Campaign; A weeklong celebration of creativity and education benefiting those...,PR Newswire (U.S.),256,0
35,NKE,35,20090918,1530,"Nike, Inc. And The NBA's Basketball Hall of Fame Lawsuit Over Michael Jordan Products Moves Forward",Reuters Significant Developments,566,0
36,NKE,36,20090911,753,"As US Open Begins, Product Marketing Also Heats Up Off Court",Dow Jones News Service,711,0
37,NKE,37,20090910,900,Enterprise Team is 'Running for Shelter' in the NIKE Hood To Coast Relay Race for the 13th Year; Proceeds Go to Low Income Housing Institute,PR Newswire (U.S.),648,0
38,NKE,38,20090901,NA,"Critical Alerts for Citigroup, Nike, Whirlpool, IntercontinentalExchange, and Harman Released by Seven Summits Research",PR Newswire (U.S.),178,0
39,NKE,39,20090831,729,Maria Sharapova's First Volley in the World of Fashion; Tennis Icon Debuts Signature Fashion Collection by Cole Haan in New York City on Eve of The US Open,PR Newswire (U.S.),1260,0
40,NKE,40,20090828,1335,"Nike, Inc. Sells Ownership In USL Leagues-Reuters",Reuters Significant Developments,544,0
41,NKE,41,20090828,931,Soccer-Nike sell ownership in USL leagues,Reuters News,416,0
42,NKE,42,20090828,219,America's Most Beloved Icons & Slogans Vie For Top Honors; MADISON AVENUE ADVERTISING WALK OF FAME NOMINEES ANNOUNCED; Public Voting Now...,PR Newswire (U.S.),512,0
43,NKE,43,20090827,NA,Nike Selling League; M.L.S. Isn't Buying,The New York Times,31,0
44,NKE,44,20090827,1801,Fashionable Shoes for Bunion Sufferers; Fashion reporter Teri Agins answers readers' questions,The Wall Street Journal Online,249,0
45,NKE,45,20090827,600,"NIKE, Inc. Announces Changes To Leadership Of Umbro Brand And Nike UK & Ireland Organisation",Dow Jones News Service,862,0
46,NKE,46,20090825,NA,Now Serving Sharapova's Glam Slam,The New York Times,875,0
47,NKE,47,20090820,943,"Nike, Inc. Declares $0.25 Quarterly Dividend",Reuters Significant Developments,324,0
48,NKE,48,20090817,1332,Biggest American advertisers add Facebook to their friends list,Financial Times,15,0
49,NKE,49,20090816,NA,Style -- In Fashion: Veronica Webb's Closet --- The ex-supermodel carefully organizes her Nike as well as her Mizrahi and Marni,The Wall Street Journal,141,0
50,NKE,50,20090810,NA,Adidas Says Worst Behind It After Net Falls 93%,The Wall Street Journal Online,64,0
51,NKE,51,20090810,NA,Nike Halts 'V is for Victory' Campaign; Resolves Pony Suit,PR Newswire (U.S.),384,0
52,NKE,52,20090808,NA,"Nike, Inc. Halts 'V is for Victory' Campaign; Resolves Pony Suit",Reuters Significant Developments,809,0
53,NKE,53,20090806,NA,"Critical Alerts For Chevron, Unitedhealth, Nike, Apollo, and Cypress Semiconductor Released By Seven Summits Research",PR Newswire (U.S.),556,0
54,NKE,54,20090804,1705,EU Commission Plans to Alter Web-Retail Rules,The Wall Street Journal Online,489,0
55,NKE,55,20090804,NA,"New Study Indicates Social Media Pays; Wetpaint and Altimeter Group Find Correlation Between Brands' Social Media Efforts and Financial Performance; ENGAGEMENTdb Report Ranks Who Is Succeeding and Who Isn't With Social Media; Starbucks, Nike, SAP, Thomson Reuters Hit the Top Ten; Website Launching Today Lets Anyone Evaluate Their Own Social Media Efforts",PR Newswire (U.S.),147,0
56,NKE,56,20090730,931,"Nike, Inc. Announces New Nike+ SportBand",Reuters Significant Developments,506,0
57,NKE,57,20090729,NA,Knight arrives at the Sun Valley Inn in Sun Valley,Reuters Pictures,459,0
58,NKE,58,20090720,1201,"Phil Knight, chairman of Nike arrives at the Sun Valley Inn in Sun Valley",Reuters Pictures,908,0
59,NKE,59,20090713,NA,College Football Playoffs Could Drive Up Cable Revenues,The Wall Street Journal Online,48,0
