,Ticker,Index,Date,Time,Headline,Source,NumWords,missing
1,NKE,101,20021106,1355,What Would Warren Be Doing Under These Conditions?,Dow Jones News Service,591,0
2,NKE,102,20021105,1549,CFA Retail: Monthly Insider Review For October,Dow Jones Corporate Filings Alert,2154,0
3,NKE,103,20021104,NA,APPAREL MAKERS SEE A BIG OPPORTUNITY,New York Times Abstracts,56,0
4,NKE,104,20021103,1119,FEATURE-Holiday parties survive amid budget cuts.,Reuters News,770,0
5,NKE,105,20021101,2435,POLL-Adidas seen posting pre-tax profit climb in Q3.,Reuters News,391,0
6,NKE,106,20021031,NA,A DISK ON AN ARMBAND THAT NEVER SKIPS A BEAT,New York Times Abstracts,34,0
7,NKE,107,20021031,1459,Nike Golf's Super-Soft In-Store November 1,PR Newswire,424,0
8,NKE,108,20021028,NA,"Nike, Inc. Reaches Agreement to Settle Securities Class Action Lawsuits",Reuters Significant Developments,150,0
9,NKE,109,20021028,1019,"RESEARCH ALERT-Commerzbank cuts Adidas to ""hold"".",Reuters News,129,0
10,NKE,110,20021028,NA,Business Brief -- Nike Inc.: Pact Would Settle Litigation With $8.9 Million in Payments,The Wall Street Journal,111,0
11,NKE,111,20021028,NA,THE MEDIA BUSINESS: ADVERTISING -- ADDENDA: NIKE'S CHIEF TAKES TOP STAKE IN VINTON,New York Times Abstracts,46,0
12,NKE,112,20021028,806,Hot Stocks To Watch: NKE OAKT PFE JHF BRNC PHA,Dow Jones News Service,319,0
13,NKE,113,20021025,1922,Nike to pay $8.9 million in class action suit.,Reuters News,71,0
14,NKE,114,20021025,1635,Nike to pay $8.9 mln in class action suit.,Reuters News,71,0
15,NKE,115,20021025,1630,UPDATE 1-New York tells MSN's butterflies to fly away.,Reuters News,272,0
16,NKE,116,20021025,1425,New York City tells MSN's butterflies to fly away.,Reuters News,216,0
17,NKE,117,20021025,1349,INTERVIEW-Peru apparel sector seen soaring with US deal.,Reuters News,670,0
18,NKE,118,20021025,1617,Nike Reaches Agreement to Settle Securities Class Action Lawsuits,PR Newswire,421,0
19,NKE,119,20021025,246,"DANISH PRESS: Lego, Nike Collaborate Over New Shoe Design",Dow Jones International News,87,0
20,NKE,120,20021025,1659,Nike/Suit Settlement -2: Continues To Deny Allegations,Dow Jones News Service,121,0
21,NKE,121,20021024,225,"US Tracking Counterfeit Goods Sales, Money To Terror Grps",Dow Jones International News,965,0
22,NKE,122,20021024,1429,Nike Puts Focus On Children In Apparel Battle,Dow Jones News Service,1140,0
23,NKE,123,20021023,NA,"A Global Journal Report: A Tall Order for Yao Ming --- Nike, NBA Are Hoping Shanghai Basketball Star Opens Big Chinese Market",The Wall Street Journal Europe,2002,0
24,NKE,124,20021022,NA,A Global Journal Report: Will Chinese Export Help U.S. Basketball Tap Biggest Market? --- It's a Tall Order Even for Yao Ming As He Begins...,The Asian Wall Street Journal,2463,0
25,NKE,125,20021022,NA,A Global Journal Report --- Great Leap: A Basketball Star From Shanghai Is Big Business --- NBA and Nike Are Banking That Yao Ming Will...,The Wall Street Journal,3197,0
26,NKE,126,20021021,1622,Ameritrade Sets New Corporate Branding Campaign,Dow Jones News Service,743,0
27,NKE,127,20021017,837,SUBSTANTIAL INSIDER TRANSACTIONS REPORTED ON 10/16,Dow Jones Corporate Filings Alert,1207,0
28,NKE,128,20021017,NA,NIKE REPORTS DELIVERY DELAYS AFTER PORTS LOCKOUT,The New York Times,140,0
29,NKE,129,20021017,NA,COMPANY NEWS: NIKE REPORTS DELIVERY DELAYS AFTER PORTS LOCKOUT,New York Times Abstracts,42,0
30,NKE,130,20021016,1138,UPDATE 1-Nike experiencing delays from dock lockout.,Reuters News,193,0
31,NKE,131,20021016,743,Nike experiencing delays from dock lockout.,Reuters News,182,0
32,NKE,132,20021015,NA,Companies: Briefs,The Wall Street Journal Europe,857,0
33,NKE,133,20021014,804,Nike asks Supreme Court to overturn Calif. ruling.,Reuters News,193,0
34,NKE,134,20021014,726,Nike Seeks Supreme Court Ruling On First Amendment Case,Dow Jones Business News,838,0
35,NKE,135,20021014,829,NEWS WRAP: Nike Seeks High Court Help On Free Speech Case,Dow Jones News Service,828,0
36,NKE,136,20021014,701,Nike Asks U.S. Supreme Court To Affirm Co's 1St Amend Right,Dow Jones News Service,458,0
37,NKE,137,20021014,700,"Nike, Inc. Asks U.S. Supreme Court to Reaffirm First Amendment Right Of Businesses to Discuss Public Issues",PR Newswire,1019,0
38,NKE,138,20021010,938,Shoemaker Yue Yuen Q3 net rises 9.5 pct.,Reuters News,452,0
39,NKE,139,20021008,807,CFA Summary Of Recent Insider Stock Transactions,Dow Jones Corporate Filings Alert,307,0
40,NKE,140,20021007,1749,CFA Summary Of Recent Insider Stock Transactions,Dow Jones Corporate Filings Alert,300,0
41,NKE,141,20021007,1658,"Nike VP Mindy Grossman Sells 2,500 Class B Common Shares",Dow Jones Corporate Filings Alert,128,0
42,NKE,142,20021007,1315,Nike Announces New Corporate Vice President Global Brand Management,PR Newswire,779,0
43,NKE,143,20021007,1512,"US stocks fall amid uncertainty over Iraq, profits.",Reuters News,794,0
44,NKE,144,20021007,1352,U.S. hot stocks highlights - Oct. 7 (afternoon).,Reuters News,429,0
45,NKE,145,20021007,2451,"Nike, Reebok shares fall on dock lockout fears.",Reuters News,300,0
46,NKE,146,20021007,325,Golf-Watchmaker Tag Heuer signs deal with Tiger Woods.,Reuters News,179,0
47,NKE,147,20021004,1456,Pacific NW Cos. Grow Nervous As Ports Stay Closed >WY BA,Dow Jones News Service,1173,0
48,NKE,148,20021003,219,WSJ: Philips Electronics Tries To Get Hip In US,Dow Jones International News,1003,0
49,NKE,149,20021003,NA,That Clunky Feeling --- Philips Tries to Convince U.S. Shoppers Its Gear Can Be Cool and Sexy,The Wall Street Journal Europe,806,0
50,NKE,150,20021003,NA,Indonesian Workers Blast Nike,The Asian Wall Street Journal,264,0
51,NKE,151,20021003,302,HK Hot Stocks-Exporters down on U.S. ports lockout.,Reuters News,195,0
52,NKE,152,20021003,NA,Famed Philips Tries to Raise U.S. Profile,The Wall Street Journal,1004,0
