,Ticker,Index,Date,Time,Headline,Source,NumWords,missing
1,NKE,1,20120629,2218,An athlete wears a pair of Nike shoes at the U.S. Olympic athletics trials in Eugene,Reuters Pictures,62,0
2,NKE,2,20120629,2137,Knight watches at the U.S. Olympic athletics trials in Eugene,Reuters Pictures,59,0
3,NKE,3,20120629,743,UPDATE 2-Finish Line bets on digital sales to drive growth,Reuters News,388,0
4,NKE,4,20120629,415,STOCKS NEWS EUROPE-Adidas down after Nike profit disappoints,Reuters News,119,0
5,NKE,5,20120629,1823,"U.S. RESEARCH ROUNDUP: RIM, AOL, Moodys",Reuters News,1601,0
6,NKE,6,20120629,NA,Rising costs and slowdown hit Nike profits,Financial Times,480,0
7,NKE,7,20120628,NA,"Nike, Research in Motion: Biggest Price Decliners (NKE, RIMM)",The Wall Street Journal Online,478,0
8,NKE,8,20120629,2443,"Nike, Vanguard MSCI Emerging Markets: Money Flow Leaders (NKE, VWO)",The Wall Street Journal Online,65,0
9,NKE,9,20120629,2438,"Stocks to Watch: Research In Motion, Nike, Smith & Wesson",WSJ Blogs,86,1
10,NKE,10,20120629,916,UPDATE: Finish Line 1st-Quarter Profit Down 25% On Higher Costs; Sales Up,Dow Jones Business News,833,0
11,NKE,11,20120629,916,Finish Line 1st-Quarter Profit Down 25% On Higher Costs; Sales Up,Dow Jones Business News,876,0
12,NKE,12,20120629,1316,Nike Cut To Neutral From Buy By D.A. Davidson,Dow Jones International News,555,0
13,NKE,13,20120629,1301,Nike Cut To Neutral From Buy By Sterne Agee,Dow Jones International News,555,0
14,NKE,14,20120629,758,MARKET TALK: A Good Opportunity To Buy Adidas - Analyst,Dow Jones International News,406,0
15,NKE,15,20120629,743,Nike Inc. Cut To Neutral From Outperform By Baird,Dow Jones International News,406,0
16,NKE,16,20120629,754,MARKET TALK: Adidas Under Pressure After Nike Results-Trader,Dow Jones International News,10,0
17,NKE,17,20120629,727,DJ US HOT STOCKS TO WATCH: NKE,Dow Jones Chinese Financial Wire,9,0
18,NKE,18,20120629,355,US HOT STOCKS: Anworth Mortgage and Jaguar Mining Active in Late Trading -1-,Dow Jones News Service,149,0
19,NKE,19,20120629,221,Nike (NKE) Mkt On Close Buy Imbalance: Shrs 193000,Dow Jones News Service,9,0
20,NKE,20,20120629,216,MARKET TALK: Barclays Makes the Bargain-Hunting Call on Nike,Dow Jones News Service,122,0
21,NKE,21,20120629,704,MARKET TALK: Barclays Makes the Bargain-Hunting Call on Nike,Dow Jones News Service,94,0
22,NKE,22,20120629,1747,WSJ BLOG/MarketBeat: Nike Can't Sprint With China Weighing it Down,Dow Jones News Service,1484,0
23,NKE,23,20120629,1340,"US HOT STOCKS: Constellation Brands, ServiceNow, Research In Motion",Dow Jones News Service,1455,0
24,NKE,24,20120629,1545,MARKET TALK: Rally Drives Benchmarks Through 50-day MAs,Dow Jones News Service,9,0
25,NKE,25,20120629,1509,MARKET TALK: Rally Drives Benchmarks Through 50-day MAs,Dow Jones News Service,1436,0
26,NKE,26,20120629,1509,"MARKET TALK: Some Nike News Good for Under Armour, Lululemon",Dow Jones News Service,145,0
27,NKE,27,20120629,1304,"MARKET TALK: Some Nike News Good for Under Armour, Lululemon",Dow Jones News Service,294,0
28,NKE,28,20120629,1059,MARKET TALK: Nike Shares to Stay Stuck Until China Rebounds,Dow Jones News Service,1320,0
29,NKE,29,20120629,1031,MARKET TALK: Nike Shares to Stay Stuck Until China Rebounds,Dow Jones News Service,1350,0
30,NKE,30,20120629,1031,An athlete puts his Nike shoes in the starting blocks during the men's 400 meters qualifying at the U.S. Olympic athletics trials in Eugene,Reuters Pictures,134,0
31,NKE,31,20120629,1010,"Nike, Inc. Updates On FY 2013 Guidance-Conference Call",Reuters Significant Developments,1231,0
32,NKE,32,20120629,1010,DJ U.S. HOT STOCKS: NKE,Dow Jones Chinese Financial Wire,141,0
33,NKE,33,20120629,648,"DJ Nike 4Q Profit Fell 7.6% On Weaker Margins, Higher Costs",Dow Jones Chinese Financial Wire,357,0
34,NKE,34,20120629,648,"2nd UPDATE: Nike Fiscal 4th Quarter Net Drops 7.6% as Margins Fall, Costs Jump",Dow Jones News Service,156,0
35,NKE,35,20120629,1204,Nike Sees High Single-Digit Revenue Growth in Fiscal 1st Quarter,Dow Jones News Service,141,0
36,NKE,36,20120628,NA,Nike shares sink after earnings miss,CNN Wire,104,0
37,NKE,37,20120628,1730,MARKET TALK: Nike's Margin Woes Weigh On Stock - Edward Jones,Dow Jones International News,66,0
38,NKE,38,20120628,1705,MARKET TALK: Nike Sees Strong Demand for New Flyknit Shoe,Dow Jones News Service,344,0
39,NKE,39,20120628,1646,MARKET TALK: Nike Sees Strong Demand for New Flyknit Shoe,Dow Jones News Service,338,0
40,NKE,40,20120628,1701,MARKET TALK: Nike Shrugs Off Worries of Slowdown in China,Dow Jones News Service,338,0
41,NKE,41,20120628,1906,MARKET TALK: Nike CFO Confident Margins Can Improve Over Time,Dow Jones News Service,976,0
42,NKE,42,20120628,1741,"U.S. HOT STOCKS: Research in Motion, Nike in Late Trading",Dow Jones News Service,707,0
43,NKE,43,20120628,1921,MARKET TALK: Investors Ignore Nike's Resilient Top-Line Gain,Dow Jones News Service,976,0
44,NKE,44,20120628,1756,MARKET TALK: Investors Ignore Nike's Resilient Top-Line Gain,Dow Jones News Service,707,0
45,NKE,45,20120628,1725,MARKET TALK: Nike's Trails Athletic Peers as Stock Stumbles,Dow Jones News Service,952,0
46,NKE,46,20120628,1745,MARKET TALK: Nike Shares Slide as Results Miss Street,Dow Jones News Service,12,0
47,NKE,47,20120628,1925,MARKET TALK: Nike Shares Slide as Results Miss Street,Dow Jones News Service,214,0
48,NKE,48,20120628,1806,"UPDATE 3-Nike profit hit by costs, shares fall",Reuters News,206,0
49,NKE,49,20120628,1911,"German badminton player Schenk, who is participating in the 2012 London Olympics, displays a tattoo of the Olympic logo above her Nike shoe, in Mainz",Reuters Pictures,153,0
50,NKE,50,20120628,1818,Nike's Profit Falls 7.6%,The Wall Street Journal Online,1293,0
51,NKE,51,20120628,1805,"WSJ BLOG/MarketBeat: Tomorrow's Tape: EU Summit, Jobless Claims, RIM Earnings",Dow Jones News Service,1277,0
52,NKE,52,20120628,1740,"MARKET TALK: 'Just Own' Nike, Implores Benchmark",Dow Jones News Service,1308,0
53,NKE,53,20120628,1818,"MARKET TALK: 'Just Own' Nike, Implores Benchmark",Dow Jones News Service,142,0
54,NKE,54,20120628,1805,German watchdog probes sneaker sales tactics,Reuters News,155,0
55,NKE,55,20120628,1740,Nike Runs Into Hurdles Ahead of the Olympics,The Wall Street Journal Europe,146,0
56,NKE,56,20120628,1715,Corporate News -- The Week Ahead: Nike Races Ahead of Inventory Pileup,The Wall Street Journal,2207,0
57,NKE,57,20120628,1645,"InvestorsObserver releases comments on Ford, Nike, Chesapeake, Accenture and Monster Beverage",PR Newswire (U.S.),1322,0
58,NKE,58,20120628,1641,Corporate News -- The Week Ahead: Nike Encounters Hurdles Ahead of Games,The Wall Street Journal Asia,1294,0
59,NKE,59,20120628,1645,WSJ BLOG/MarketBeat: Next Week's Tape: Hanging On For Another EU Summit,Dow Jones News Service,149,0
60,NKE,60,20120628,1641,Adidas CEO Sees Large Growth Potential in Brazil,Dow Jones International News,158,0
61,NKE,61,20120628,1626,WSJ BLOG/Deal Journal Australia: Billabong International: Buy or Sell?,Dow Jones International News,1325,0
62,NKE,62,20120628,1626,US EQUITIES WEEK AHEAD: Nike Results; Four Companies May Debut,Dow Jones Business News,138,0
63,NKE,63,20120628,1625,MARKET TALK: Sterne Agee Dismisses Worries Vexing Nike Stock,Dow Jones News Service,582,0
64,NKE,64,20120628,857,MARKET TALK: Sterne Agee Dismisses Worries Vexing Nike Stock,Dow Jones News Service,77,0
65,NKE,65,20120628,1836,MARKET TALK: Nike Seen Navigating Choppy Trends Abroad,Dow Jones News Service,556,0
66,NKE,66,20120627,1749,MARKET TALK: Nike Seen Navigating Choppy Trends Abroad,Dow Jones News Service,178,0
67,NKE,67,20120627,652,MARKET TALK: UBS Pulls Back on Under Armour After 2012 Rally,Dow Jones News Service,559,0
68,NKE,68,20120627,652,MARKET TALK: UBS Pulls Back on Under Armour After 2012 Rally,Dow Jones News Service,128,0
69,NKE,69,20120627,739,Transgender Athlete Fails to Qualify,NYT Blogs,366,0
70,NKE,70,20120625,NA,Good Features Demand Good Design,NYT Blogs,620,0
71,NKE,71,20120624,1906,Adidas CEO says not interested in Nike's Umbro,Reuters News,675,0
72,NKE,72,20120625,NA,WPP to Buy Digital Marketing Firm AKQA,The Wall Street Journal Online,814,0
73,NKE,73,20120625,931,Nike (NKE) Mkt On Close Buy Imbalance: Shrs 59600,Dow Jones News Service,397,0
74,NKE,74,20120625,NA,"Equity Research for Microsoft, Cisco, Morgan Stanley, Walt Disney, Juniper, and NIKE",PR Newswire (U.S.),639,0
75,NKE,75,20120622,1710,"Nike kicks off Cole Haan, Umbro auction process-sources",Reuters News,685,0
76,NKE,76,20120622,1710,Nike Unveils Olympic Gear,Dow Jones Business News,692,0
77,NKE,77,20120622,500,WSJ BLOG/Tech Europe: New Internet Names Are Revealed,Dow Jones International News,296,0
78,NKE,78,20120622,531,MARKET TALK: Athletic Apparel Growth Seen Outpacing Category,Dow Jones News Service,297,0
79,NKE,79,20120622,150,MARKET TALK: Athletic Apparel Growth Seen Outpacing Category,Dow Jones News Service,619,0
80,NKE,80,20120621,2306,WSJ BLOG/China Real Time: 2012 Olympic Profile: Li Na,Dow Jones International News,583,0
81,NKE,81,20120621,2010,"MARKET TALK: Citi Mostly Rosy On Nike, But Inventories Vex",Dow Jones News Service,490,0
82,NKE,82,20120622,1542,"MARKET TALK: Citi Mostly Rosy On Nike, But Inventories Vex",Dow Jones News Service,1057,0
83,NKE,83,20120622,1527,Barron's(6/11) Midyear Roundtable 2012: Caution: Sharp Turns Ahead,Dow Jones Institutional News,1057,0
84,NKE,84,20120622,1056,Soccer stakes rise as Nike presses on Adidas' turf,Reuters News,1335,0
85,NKE,85,20120622,1056,"US HOT STOCKS: Francesca's, Cooper, Comtech Active in Late Trading",Dow Jones News Service,140,0
86,NKE,86,20120621,1426,"US HOT STOCKS: Best Buy, Molina, Navistar, Century Aluminum -1-",Dow Jones News Service,1429,0
87,NKE,87,20120621,1426,MARKET TALK: Lululemon May Be Entering Stronger Currents,Dow Jones News Service,155,0
88,NKE,88,20120621,956,MARKET TALK: Lululemon May Be Entering Stronger Currents,Dow Jones News Service,1380,0
89,NKE,89,20120621,956,WSJ BLOG/Digits: Twitter Gives Larry the Bird a Makeover,Dow Jones News Service,125,0
90,NKE,90,20120621,NA,UPDATE 1-Big U.S. firms team up on plant plastics,Reuters News,708,0
91,NKE,91,20120621,NA,"MARKET TALK: Ready for Plant-Based Cars, Shoes?",Dow Jones News Service,781,0
92,NKE,92,20120621,742,"MARKET TALK: Ready for Plant-Based Cars, Shoes?",Dow Jones News Service,111,0
93,NKE,93,20120620,2402,"The Coca-Cola Company, Ford Motor Company, H.J. Heinz Co, Nike, Inc. And Procter & Gamble Co Form Collaboration To Accelerate Development Of Products Made Entirely From Plants",Reuters Significant Developments,259,0
94,NKE,94,20120618,1545,Xbox and Nike Team Up to Revolutionize Fitness at Home,PR Newswire (U.S.),9,0
95,NKE,95,20120615,845,"NIKE, Inc. Announces Leadership Change At Hurley",Dow Jones News Service,692,0
96,NKE,96,20120614,1010,Enterprise 2.0 Conference in Boston Announces Expanded Keynote Line-up,PR Newswire (U.S.),336,0
97,NKE,97,20120614,1905,DEALBOOK ONLINE,The New York Times Abstracts,618,0
98,NKE,98,20120614,1845,Corporate News: Nike to Sell Cole Haan And Umbro,The Wall Street Journal,628,0
99,NKE,99,20120614,1831,Deals of the Day: Probe of J.P. Morgan Widens,WSJ Blogs,628,1
100,NKE,100,20120613,2434,Nike to divest its Umbro and Cole Haan brands,Financial Times,872,0
