,Ticker,Index,Date,Time,Headline,Source,NumWords,missing
1,NKE,1,20040630,1604,DJ. WSJ(7/1) Interpublic's McCann Runs Ad For Itself,OsterDowJones Commodity Wire,706,0
2,NKE,2,20040629,900,Nike Appoints Three Divisional Vice-Presidents,PR Newswire (U.S.),600,0
3,NKE,3,20040628,447,UPDATE 2-China sports goods firm Li Ning makes solid debut.,Reuters News,605,0
4,NKE,4,20040628,345,SM Stocks to Watch: NKE,Dow Jones Chinese Financial Wire,20,0
5,NKE,5,20040628,NA,Consumer Products Brief -- Nike Inc.: Net Income and Revenue Surge Amid Olympics Preparations,The Asian Wall Street Journal,155,0
6,NKE,6,20040625,1604,DJ. US Stks Seen Flat at Friday Open Ahead of FOMC Meeting,OsterDowJones Commodity Wire,545,0
7,NKE,7,20040625,NA,DEMAND FOR COSTLY SHOES BOLSTERS NIKE PROFIT,The New York Times,114,0
8,NKE,8,20040625,NA,DEMAND FOR COSTLY SHOES BOLSTERS NIKE PROFIT,The New York Times Abstracts,31,0
9,NKE,9,20040625,NA,"Nike, Inc. Reiterates Q1 Revenue Outlook-Conference Call",Reuters Significant Developments,50,0
10,NKE,10,20040625,2418,U.S. hot stocks highlights - June 25 (afternoon).,Reuters News,113,0
11,NKE,11,20040625,1137,"U.S. stocks rise, helped by consumer, housing data.",Reuters News,430,0
12,NKE,12,20040625,1136,"U.S. stocks rise, helped by consumer, housing data.",Reuters News,436,0
13,NKE,13,20040625,1029,"U.S. stocks trade slightly higher, data mixed.",Reuters News,407,0
14,NKE,14,20040625,1028,"U.S. stocks trade slightly higher, data mixed.",Reuters News,413,0
15,NKE,15,20040625,947,U.S. hot stocks highlights - June 25 (morning).,Reuters News,132,0
16,NKE,16,20040625,917,U.S. stocks set for flat open - economy slows.,Reuters News,409,0
17,NKE,17,20040625,917,U.S. stocks set for flat open - economy slows.,Reuters News,411,0
18,NKE,18,20040625,910,"Before the Bell-Nike rises, PalmSource and Forest Labs fall.",Reuters News,246,0
19,NKE,19,20040625,833,"Before the Bell-Nike rises, Forest Labs falls.",Reuters News,134,0
20,NKE,20,20040625,810,Before the Bell-Nike rises after posting higher profit.,Reuters News,79,0
21,NKE,21,20040625,805,"U.S. stocks seen opening up a bit, Nike in focus.",Reuters News,626,0
22,NKE,22,20040625,804,"U.S. stocks seen opening up a bit, Nike in focus.",Reuters News,234,0
23,NKE,23,20040625,719,CORRECTED - HEADLINE STOCKS - U.S. stocks to watch on June 25.,Reuters News,381,0
24,NKE,24,20040625,645,HEADLINE STOCKS - U.S. stocks to watch on July 25.,Reuters News,353,0
25,NKE,25,20040625,626,Wall St heads for flat start - Nike to step higher.,Reuters News,561,0
26,NKE,26,20040625,601,Wall St heads for flat start - Nike to step higher.,Reuters News,529,0
27,NKE,27,20040625,NA,Consumer Products Brief -- Nike Inc.: Net Income and Revenue Surge Amid Olympics Preparations,The Wall Street Journal,196,0
28,NKE,28,20040625,NA,Nike profits leap 24% higher - ATHLETIC FOOTWEAR.,Financial Times,503,0
29,NKE,29,20040624,2027,Nike Sees 1Q Revenue Up By Mid-Teen Percentage >NKE,Dow Jones Chinese Financial Wire,433,0
30,NKE,30,20040625,829,DJ HOT STOCKS TO WATCH,Dow Jones News Service,634,0
31,NKE,31,20040625,801,Hot Stocks To Watch: PAYX NKE ATAR SNTS,Dow Jones News Service,190,0
32,NKE,32,20040624,1604,"DJ. UN's Annan Urges Cos, Labor To Protect Rights,Environment",OsterDowJones Commodity Wire,662,0
33,NKE,33,20040624,1604,DJ. US Stocks Seen Slightly Lower at Open Thursday,OsterDowJones Commodity Wire,530,0
34,NKE,34,20040624,1640,Nike Reports Record Financial Results: Full Year Earnings Per Share Reach $3.51; Full Year Revenues Exceed $12 Billion; Worldwide Futures...,PR Newswire Europe,2487,0
35,NKE,35,20040624,1831,UPDATE 4-Nike quarterly profit jumps 24 percent.,Reuters News,438,0
36,NKE,36,20040624,1734,UPDATE 3-Nike quarterly profit jumps 24 pct as sales grow.,Reuters News,345,0
37,NKE,37,20040624,1727,TABLE-Nike (NKE.N) posts fourth-quarter results.,Reuters News,825,0
38,NKE,38,20040624,1710,UPDATE 2-Nike quarterly profit jumps 24 percent.,Reuters News,297,0
39,NKE,39,20040624,1636,UPDATE 1-Nike quarterly profit jumps 24 percent.,Reuters News,147,0
40,NKE,40,20040624,1636,After the Bell-Nike climbs on results.,Reuters News,172,0
41,NKE,41,20040624,1625,Nike quarterly profit jumps 24 percent.,Reuters News,78,0
42,NKE,42,20040624,1624,Nike quarterly profit jumps 24 percent.,Reuters News,80,0
43,NKE,43,20040624,1617,Nike Reports Record Financial Results: Full Year Earnings Per Share Reach $3.51; Full Year Revenues Exceed $12 Billion; Worldwide Futures...,PR Newswire (U.S.),2486,0
44,NKE,44,20040624,NA,Nike profits jump 24% in fourth quarter.,Financial Times (FT.Com),289,0
45,NKE,45,20040624,1802,Nike's 4Q Net Jumps 24% as Revenue Increased 17%,Dow Jones Business News,356,0
46,NKE,46,20040624,1801,"Nike 4Q, Year Financial Table >NKE",Dow Jones Chinese Financial Wire,130,0
47,NKE,47,20040624,1734,"Nike 4Q Net Up 24% On Improved Margins, Overseas Rev >NKE",Dow Jones Chinese Financial Wire,130,0
48,NKE,48,20040624,1710,"LATE TRADING: Paychex Dn, Nike Up After Reporting Earnings",Dow Jones Chinese Financial Wire,226,0
49,NKE,49,20040624,1620,*Nike 4Q EPS $1.13 Vs 92c >NKE,Dow Jones Chinese Financial Wire,8,0
50,NKE,50,20040624,1856,UPDATE: Nike's Profit Surges On Strong Sneaker Sales,Dow Jones News Service,640,0
51,NKE,51,20040624,1720,Nike Sees 1Q Revenue Up By Mid-Teen Percentage,Dow Jones News Service,435,0
52,NKE,52,20040624,1636,"LATE TRADING: Paychex Dn, Nike Up After Reporting Earnings",Dow Jones News Service,496,0
53,NKE,53,20040624,1617,Nike Reports Record Fincl Results: Full Yr EPS Reach $3.51,Dow Jones News Service,485,0
54,NKE,54,20040623,1819,"Old, new ad forms honored with coveted Lions.",Reuters News,617,0
55,NKE,55,20040621,NA,"Sales in the Rough, Callaway Hacks Prices",The Wall Street Journal Europe,637,0
56,NKE,56,20040621,902,Apparel Industry Veterans Fran Boller and Gemo Wong Join the Jordan Brand Jordan Recruits Apparel Industry Experts to Elevate Jordan Sport...,PR Newswire (U.S.),601,0
57,NKE,57,20040621,NA,Callaway Golf Hacks Its Prices As Sales Slump,The Asian Wall Street Journal,672,0
58,NKE,58,20040618,NA,"Its Sales in the Rough, Callaway Resorts to Hacking Prices",The Wall Street Journal,1201,0
59,NKE,59,20040618,1731,Finish Line Breaks 'The Great Dance Off' Commercial Featuring Nike Monster Shox Men's Running Shoes,PR Newswire (U.S.),345,0
60,NKE,60,20040616,2151,End Of US Trade Pact May Rip Cambodia's Garment Makers,Dow Jones International News,1232,0
61,NKE,61,20040617,849,ODJ REPEAT: End Of US Trade Pact May Rip Cambodia's Garment Makers,Dow Jones Commodities Service,1230,0
62,NKE,62,20040616,151,WSJ(6/16) K2 To Buy Three Ski-Gear Makers,Dow Jones Chinese Financial Wire,513,0
63,NKE,63,20040615,1428,Activists urge TIAA-CREF to sell stock in 5 firms.,Reuters News,299,0
64,NKE,64,20040615,NA,Yue Yuen's Net Profit Rose 4.4% --- Hong Kong Footwear Maker Says Rising Prices for Oil Boosted Costs in First Half,The Asian Wall Street Journal,539,0
65,NKE,65,20040614,1041,HK Yue Yuen Industrial Posts 4% 1H Net Pft Rise -2-,Dow Jones Chinese Financial Wire,400,0
66,NKE,66,20040611,1005,=HK Yue Yuen Indus 1H Net Likely +16%;Higher Cost A Worry,Dow Jones Chinese Financial Wire,642,0
67,NKE,67,20040609,1430,"TECH TALK ON THE WEB: Nike Says, Just Blog It",Dow Jones News Service,962,0
68,NKE,68,20040603,1045,"UPDATE 1-Finish Line same-store sales up, raises outlook.",Reuters News,250,0
69,NKE,69,20040603,845,"Finish Line same-store sales up, raises outlook.",Reuters News,89,0
70,NKE,70,20040603,1800,Dr. A. Michael Spence Resigns From Nike Board of Directors,PR Newswire (U.S.),359,0
71,NKE,71,20040603,800,"Nike, Inc. to Webcast Earnings and Conference Call",PR Newswire (U.S.),284,0
72,NKE,72,20040528,148,Nike Apologizes To Taiwan Fans For Michael Jordan Cameo,Dow Jones International News,473,0
73,NKE,73,20040528,525,Nike apologises to angry Jordan fans in Taiwan.,Reuters News,220,0
74,NKE,74,20040527,NA,Air Jordan - OBSERVER.,Financial Times,145,0
75,NKE,75,20040512,NA,The trouble with transparent clothing - CORPORATE SOCIAL RESPONSIBILITY.,Financial Times,1168,0
76,NKE,76,20040511,1438,NIKE Expands Portland International Airport Location with New Store Opening,PR Newswire (U.S.),315,0
77,NKE,77,20040510,1617,NIKE Declares Dividend,PR Newswire (U.S.),192,0
78,NKE,78,20040510,500,Michael Jordan Takes Flight to Asia for Basketball and Brand Expansion Tour His 'Airness' to Serve as International Hoops Ambassador on...,PR Newswire (U.S.),567,0
79,NKE,79,20040506,NA,Adidas Hopes High-Tech Shoe Will Put It Back in the Running,The Wall Street Journal Europe,352,0
80,NKE,80,20040506,NA,Adidas-Salomon Profit Rose 41% in 1st Quarter,The Wall Street Journal Europe,402,0
81,NKE,81,20040506,NA,Corporate Earnings: Adidas-Salomon Posts 41% Rise in Net Profit,The Asian Wall Street Journal,395,0
82,NKE,82,20040506,1604,DJ. WSJ(5/7) ACS Seeks To Attract Larger Clients,OsterDowJones Commodity Wire,868,0
83,NKE,83,20040506,1500,UPDATE 2-Foot Locker sales flat - shoe sector shares fall.,Reuters News,331,0
84,NKE,84,20040506,1218,New Adidas Running Shoe to Outpace Rivals' Prices,Dow Jones Business News,326,0
85,NKE,85,20040505,541,"UPDATE: Adidas-Salomon 1Q Net Pft +41%, Ups FY Outlook",Dow Jones International News,856,0
86,NKE,86,20040505,328,"NEWS SNAP:Adidas-Salomon 1Q Net Pft +41%, Ups FY Outlook",Dow Jones International News,540,0
87,NKE,87,20040503,900,Jordan Honors Nation's Educators With $1 Million in Grants During National Teacher Appreciation Week Jordan Fundamentals Program Awards 400...,PR Newswire (U.S.),645,0
88,NKE,88,20040427,NA,Puma's First-Quarter Profit Surged 65%,The Asian Wall Street Journal,192,0
89,NKE,89,20040426,NA,"`Made in China' Can Be Cool, Some Chinese Youths Now Say",The Asian Wall Street Journal,669,0
90,NKE,90,20040423,1153,New nikewomen Store to Open at South Coast Plaza,PR Newswire (U.S.),308,0
91,NKE,91,20040422,815,UPDATE 1-Reebok quarterly earnings rise slightly.,Reuters News,238,0
92,NKE,92,20040422,747,Reebok quarterly earnings rise slightly.,Reuters News,99,0
93,NKE,93,20040422,1530,America's Golfers Offered a Boost to Their Games by Participating in PGA Free Lesson Month in May - The PGA of America Partners with Golf...,PR Newswire (U.S.),1156,0
94,NKE,94,20040421,835,Nike names new regional vice presidents.,Reuters News,139,0
95,NKE,95,20040421,1910,UPDATE 1-U.S. Bankruptcy Court approves Footaction sale.,Reuters News,150,0
96,NKE,96,20040421,1427,CORRECTED - Nike names new regional vice presidents.,Reuters News,206,0
97,NKE,97,20040421,800,Nike Realigns Regional Management in Europe and Asia Pacific,PR Newswire (U.S.),604,0
98,NKE,98,20040414,730,Pacific Sunwear Announces Hiring Of Unit Pres Of PacSun,Dow Jones News Service,163,0
99,NKE,99,20040414,1123,Pacific Sunwear hires president for PacSun.,Reuters News,95,0
100,NKE,100,20040413,932,UPDATE 1-Foot Locker to buy about 350 Footaction stores.,Reuters News,221,0
