,Ticker,Index,Date,Time,Headline,Source,NumWords,missing
1,NKE,101,20070813,1820,Nike names company execs to head apparel divisions,Reuters News,182,0
2,NKE,102,20070813,1759,Nike Names Executives to Lead Regional Apparel Businesses,PR Newswire (U.S.),579,0
3,NKE,103,20070813,1300,Prime Tanning and Irving Tanning Merger Forms Largest Leather Tannery in the U.S.,PR Newswire (U.S.),537,0
4,NKE,104,20070813,1114,"Seven Summits Research Releases Comments on PG, EMC, MS, SHLD, and NKE",PR Newswire (U.S.),456,0
5,NKE,105,20070813,1038,Nike Encourages Women to 'Run Together' at Fourth Annual  Nike Women's Marathon; Runners Can Also Run Together Across the Country in First Nike+ Women's Half Marathon Using Nikeplus.com,PR Newswire (U.S.),1080,0
6,NKE,106,20070813,900,"NIKE, Inc. Declares Dividend",PR Newswire (U.S.),237,0
7,NKE,107,20070813,1759,Nike Names Executives To Lead Regional Apparel Businesses,Dow Jones News Service,117,0
8,NKE,108,20070813,1613,"Nautilus, Inc. Announces Gregg Hammann To Step Dn As Chief Executive Officer",Dow Jones News Service,88,0
9,NKE,109,20070812,1947,Yue Yuen July Operating Revenue US$365.0 Mln; Up 14% On Year,Dow Jones International News,160,0
10,NKE,110,20070809,NA,Adidas needs Reebok kick --- Acquisition expenses fell in latest period while net profit rose,The Wall Street Journal Europe,627,0
11,NKE,111,20070809,NA,Corporate News: Reebok helps Adidas's earnings,The Wall Street Journal Asia,547,0
12,NKE,112,20070809,NA,Adidas Isn't Getting Traction In North America From Reebok,The Wall Street Journal,665,0
13,NKE,113,20070808,1557,"Kimberly Clark: Compliance Chief To Leave Co, Join  Nike",Dow Jones Corporate Filings Alert,87,0
14,NKE,114,20070806,1630,Nike Names Ron McCray Chief Administrative Officer,PR Newswire (U.S.),490,0
15,NKE,115,20070806,1531,"Quick is Deadly:  Nike Campaign Introduces New Zoom Shoe; Featuring Some of the World's Quickest Athletes - LaDainian Tomlinson, Steve Nash, Asafa Powell and More",PR Newswire (U.S.),601,0
16,NKE,116,20070806,1758,DJ  Nike Names Ron McCray Chief Administrative Officer >NKE,Dow Jones Chinese Financial Wire,79,0
17,NKE,117,20070806,1630,Nike Names Ron McCray Chief Administrative Officer,Dow Jones News Service,80,0
18,NKE,118,20070804,NA,Analysts and access CHRIS HUGHES - LOMBARD.,Financial Times,391,0
19,NKE,119,20070803,1549,Nike Opens Flagship Store in Beijing,PR Newswire Europe,668,0
20,NKE,120,20070803,1527,Nike Opens Flagship Store in Beijing,PR Newswire (U.S.),648,0
21,NKE,121,20070803,1149,Finish Line Launches New Campaign Featuring Nike+ and The Hives,PR Newswire (U.S.),743,0
22,NKE,122,20070803,1848,Nike CEO Parker earns $1.25 million salary in 2007,Reuters News,170,0
23,NKE,123,20070803,1311,"Finish Line,  Nike team up in marketing campaign",Reuters News,202,0
24,NKE,124,20070803,1621,Nike CEO's Total FY07 Pay Valued At $6.2M,Dow Jones Corporate Filings Alert,151,0
25,NKE,125,20070803,1530,Nike Opens Flagship Retail Store In Beijing,Dow Jones International News,219,0
26,NKE,126,20070803,146,Gokaldas Cuts This FY Op Margin Forecast To 10.5% From 12.5%,Dow Jones International News,276,0
27,NKE,127,20070731,2119,PRESS DIGEST-Indonesian Business News - Aug 1,Reuters News,316,0
28,NKE,128,20070801,NA,In Brief,The Wall Street Journal,328,0
29,NKE,129,20070801,1129,"Seven Summits Research Releases Comments on TWX, MDT, EMC, NKE, and COH",PR Newswire (U.S.),453,0
30,NKE,130,20070801,NA,Corporate News Brief -- Footwear:  Nike to extend operations at two Indonesian plants,The Wall Street Journal Asia,135,0
31,NKE,131,20070801,1848,NYSE Most Actives- Composite Trades 4-6:30 p.m. EDT,Dow Jones News Service,154,0
32,NKE,132,20070731,NA,"Nike, Inc. Settles Discrimination Suit for $7.6 Million-WSJ",Reuters Significant Developments,75,0
33,NKE,133,20070730,2257,UPDATE 1-Nike offers to extend contracts at Indonesia firms,Reuters News,414,0
34,NKE,134,20070731,NA,Nike Settles Discrimination Suit for $7.6 Million,The Wall Street Journal,274,0
35,NKE,135,20070731,612,UPDATE:  Nike Reaches Deal With Indonesian Shoe Contractor,Dow Jones International News,332,0
36,NKE,136,20070731,423,Nike Reaches Agreement With Indonesian Shoe Contractor,Dow Jones International News,334,0
37,NKE,137,20070731,925,DJ  Nike Reaches Agreement With Indonesian Shoe Contractor,Dow Jones Chinese Financial Wire,332,0
38,NKE,138,20070730,NA,In Brief,The Wall Street Journal,476,0
39,NKE,139,20070730,1928,DJ  Nike Reaches $7.6M Settlement In Race-Discrimination Suit,Dow Jones Chinese Financial Wire,266,0
40,NKE,140,20070730,1655,Nike Reaches $7.6M Settlement In Race-Discrimination Suit,Dow Jones News Service,268,0
41,NKE,141,20070727,2001,Reuters Sports News Summary,Reuters News,759,0
42,NKE,142,20070727,NA,"Nike, Inc. And Reebok Suspend Michael Vick Products-Reuters",Reuters Significant Developments,75,0
43,NKE,143,20070727,1723,Nike suspends endorsement contract with Vick,Reuters News,101,0
44,NKE,144,20070727,1505,"UPDATE 2-Reebok,  Nike suspend Michael Vick products",Reuters News,473,0
45,NKE,145,20070727,1741,UPDATE: Nike Suspends Vick Contract;Reebok Halts Sale Of Jersey,Dow Jones News Service,412,0
46,NKE,146,20070727,1651,Nike Suspends Michael Vick's Contract Without Pay,Dow Jones News Service,126,0
47,NKE,147,20070726,1749,Nike Capitalizes On Social Networking Trend With Runners,Dow Jones News Service,501,0
48,NKE,148,20070725,1851,NYSE Most Actives- Composite Trades 4-6:30 p.m. EDT,Dow Jones News Service,160,0
49,NKE,149,20070724,1102,"Nike Grants CEO Parker Options On 135,000 Class B Shares",Dow Jones Corporate Filings Alert,212,0
50,NKE,150,20070723,531,Summit Projects Chooses Leopold Ketel & Partners for Public Relations Services,PR Newswire (U.S.),321,0
51,NKE,151,20070723,NA,Corporate News:  Nike delays shoe of NFL star Vick after indictment,The Wall Street Journal Asia,250,0
52,NKE,152,20070723,644,Nike to meet Indonesian officials on plant dispute,Reuters News,343,0
53,NKE,153,20070721,NA,SURPRISES ON THE EXECUTIVE BOOKSHELF,The New York Times Abstracts,115,0
54,NKE,154,20070720,1900,NYSE Most Actives- Composite Trades,Dow Jones News Service,150,0
55,NKE,155,20070720,NA,Nike Delays Vick's Shoe After NFL Star Is Indicted,The Wall Street Journal,408,0
56,NKE,156,20070719,1717,"Nike Sets VP Ayre's Salary At $625,000",Dow Jones Corporate Filings Alert,128,0
57,NKE,157,20070718,700,Jordan Brand Launches Summer Breakfast Club Campaign for America's Youth; Program Inspires Young Athletes To Train Like Michael Jordan,PR Newswire (U.S.),578,0
58,NKE,158,20070718,1800,Dogfighting Case Could Hurt Endorsements For Quarterback Vick,Dow Jones International News,762,0
59,NKE,159,20070717,610,INTERVIEW- Nike says committed to grow in Indonesia,Reuters News,465,0
60,NKE,160,20070716,2105,PRESS DIGEST-Indonesian Business News - July 17,Reuters News,352,0
61,NKE,161,20070717,1347,Nike and Lance Armstrong Launch LIVESTRONG(TM) Collection With All Profits Going to the Lance Armstrong Foundation,PR Newswire (U.S.),644,0
62,NKE,162,20070717,NA,Business Brief:  Nike Inc.,The Wall Street Journal Europe,120,0
63,NKE,163,20070717,1212,Nike Sues 2 Chinese Cos For Allegedly Copying Logo -Report,Dow Jones International News,232,0
64,NKE,164,20070717,NA,Corporate News Brief -- Footwear:  Nike stops buying shoes from Indonesian suppliers,The Wall Street Journal Asia,134,0
65,NKE,165,20070716,704,"UPDATE:Indonesian Workers Protest, Demand  Nike Not Cut Orders",Dow Jones International News,306,0
66,NKE,166,20070716,500,Thousands Of Indonesian Workers Demand  Nike Not Cut Orders,Dow Jones International News,235,0
67,NKE,167,20070712,2017,Nike Names Ken Dice As Vice Pres Of USA Brand Management,Dow Jones News Service,66,0
68,NKE,168,20070711,1630,Nike Names David Ayre to Head Human Resources,PR Newswire (U.S.),414,0
69,NKE,169,20070711,900,Nike Names Craig Zanon Vice President and General Manager of Global Basketball,PR Newswire (U.S.),500,0
70,NKE,170,20070710,1146,"Adidas CEO Sees Record Yr In 08, No Need For Investor -Report",Dow Jones International News,176,0
71,NKE,171,20070710,545,HK Yue Yuen June Operating Rev US$394.7M; Up 13.6% On Year,Dow Jones International News,157,0
72,NKE,172,20070710,559,DJ HK Yue Yuen June Operating Rev US$394.7M; Up 13.6% On Year,Dow Jones Chinese Financial Wire,155,0
73,NKE,173,20070706,916,RESEARCH ALERT-Lehman raises  Nike target to $70 from $60,Reuters News,79,0
74,NKE,174,20070705,654,Tefron Updates Expected Fincl Results,Dow Jones News Service,185,0
75,NKE,175,20070703,NA,Responsible neighbours invest in local causes COMMUNITY INVOLVEMENT.,Financial Times,1174,0
76,NKE,176,20070702,1332,NIKE to Donate Proceeds From Original Air Force 1 Songs to Local Baltimore Charities;  Nike-Commissioned Tracks Available on iTunes Benefit Baltimore's Boys & Girls Club of America,PR Newswire (U.S.),704,0
