,Ticker,Index,Date,Time,Headline,Source,NumWords,missing
1,NKE,101,20120307,2131,"WSJ BLOG/China Real Time: China Watch: Inside Sina Weibo, Forbidden Fortune, Apple's Nike Moment",Dow Jones Institutional News,489,0
2,NKE,102,20120307,2131,Scouting Report,NYTimes.com Feed,480,0
3,NKE,103,20120307,713,"Zacks Bull and Bear of the Day Highlights: Apple, AGL Resources, Skechers USA, Deckers Outdoor and Nike",PR Newswire (U.S.),483,0
4,NKE,104,20120308,NA,Foot Locker Shoots for $7.5 Billion in Sales,The Wall Street Journal Online,436,0
5,NKE,105,20120308,NA,"CORRECT(3/6): Foot Locker Unveils Expansion Effort, Targets $7.5 Billion In 2016 Sales",Dow Jones Business News,436,0
6,NKE,106,20120307,930,"UPDATE: Adidas Backs 2012 Outlook, Eyes Olympics, UEFA Soccer",Dow Jones Business News,1145,0
7,NKE,107,20120307,2404,"Adidas Backs Outlook For 2012 Growth On Olympics, UEFA Soccer",Dow Jones Business News,828,0
8,NKE,108,20120307,1322,WSJ/The Source: Is Reebok Getting Out of Shape?,Dow Jones International News,812,0
9,NKE,109,20120307,1307,"WSJ BLOG/China Real Time: China Watch: Inside Sina Weibo, Forbidden Fortune, Apple's Nike Moment",Dow Jones Global Equities News,811,0
10,NKE,110,20120306,1705,The Converse Rubber Tracks Experience Lands in Austin for SXSW,PR Newswire (U.S.),752,0
11,NKE,111,20120307,453,"PREVIEW-In China, Apple faces its 'Nike moment'?",Reuters News,454,0
12,NKE,112,20120307,438,Nike Inc (NKE) Mkt On Close Buy Imbalance: Shrs 65100,Dow Jones News Service,454,0
13,NKE,113,20120307,213,MARKET TALK: Goldman Sees Sales Upside For Nike In F3Q,Dow Jones News Service,422,0
14,NKE,114,20120307,130,MARKET TALK: Goldman Sees Sales Upside For Nike In F3Q,Dow Jones News Service,417,0
15,NKE,115,20120307,1106,UPDATE: Foot Locker 4Q Net Up 42% On Higher Same-Store Sales,Dow Jones Business News,694,0
16,NKE,116,20120307,713,Foot Locker Sees Profit Rising For Third Consecutive Year,Dow Jones News Service,474,0
17,NKE,117,20120306,1549,Nike Inc (NKE) Mkt On Close Sell Imbalance: Shrs 97500,Dow Jones News Service,1080,0
18,NKE,118,20120306,643,Rugby-Canterbury replaces Nike as RFU kit supplier,Reuters News,1009,0
19,NKE,119,20120305,1545,UPDATE 2-Japan watchdog orders Adidas to stop price fixing,Reuters News,10,0
20,NKE,120,20120305,1327,UPDATE 1-Japan watchdog orders Adidas to stop price fixing,Reuters News,1321,0
21,NKE,121,20120305,1327,MARKET TALK: Commerzbank Lifts Adidas Target Price,Dow Jones International News,143,0
22,NKE,122,20120301,1905,MARKET TALK: Buzz Around Foot Locker Set Lofty Expectations,Dow Jones News Service,610,0
23,NKE,123,20120301,1850,MARKET TALK: Buzz Around Foot Locker Set Lofty Expectations,Dow Jones News Service,610,0
24,NKE,124,20120302,2405,MARKET TALK: Foot Locker Ends The Year With Strong Stride,Dow Jones News Service,717,0
25,NKE,125,20120302,2420,Nike Inc (NKE) Mkt On Close Buy Imbalance: Shrs 77100,Dow Jones News Service,717,0
26,NKE,126,20120302,1545,Born to Run,NYT Blogs,10,0
27,NKE,127,20120302,648,"The FADER and Converse Team Up With SXSW to Announce ""The FADER FORT Presented by Converse"" at the 2012 SXSW Music and Media Conference",PR Newswire (U.S.),287,0
28,NKE,128,20120302,345,Nike to launch Jeremy Lin-themed shoes,Reuters News,260,0
29,NKE,129,20120302,139,"Nelson Mandela Hospitalized; Fight for Freedom in Syria; Rising Gas Prices; Three Days Until Arizona and Michigan Primaries; Doctor Makes Remote House Calls; Sneaker Fans Riot Over Nike ""Galaxy""; Cosmetic Surgery for Teenagers",CNN: Saturday Morning,170,0
30,NKE,130,20120301,702,"Corporate News: Nike, Rival Gear Up for 'Linsanity'",The Wall Street Journal,119,0
31,NKE,131,20120301,1743,Nike picks Lin to strengthen team in Chinese sales push,Financial Times,1303,0
32,NKE,132,20120301,1719,Nike Started At Equalweight By Morgan Stanley,Dow Jones International News,1333,0
33,NKE,133,20120301,1743,MARKET TALK: Hype For $220 Nike Shoe Is Out Of This World,Dow Jones News Service,151,0
34,NKE,134,20120301,1719,MARKET TALK: Hype For $220 Nike Shoe Is Out Of This World,Dow Jones News Service,138,0
35,NKE,135,20120301,1545,Nike's New High-Tech Sneakers Track Your Dunks,The Wall Street Journal Digits,10,1
36,NKE,136,20120229,NA,MARKET TALK: Street Gets Giddy About Foot Locker's Moves,Dow Jones News Service,960,0
37,NKE,137,20120228,1629,MARKET TALK: Street Gets Giddy About Foot Locker's Moves,Dow Jones News Service,1636,0
38,NKE,138,20120224,2002,WSJ BLOG/Deal Journal: Lampert: I Want Kenmore To Be The Apple Of Appliances,Dow Jones News Service,189,0
39,NKE,139,20120225,NA,WSJ BLOG/China Real Time: Adidas Brings Jeremy Lin Jerseys to China,Dow Jones International News,8365,0
40,NKE,140,20120224,NA,Nike Taps Into 'Linsanity',The Wall Street Journal Off Duty,374,1
41,NKE,141,20120224,NA,"Nike Unveils New Footwear, Apparel Ahead Of Summer Olympics",Dow Jones Business News,411,0
42,NKE,142,20120224,204,Corporate News: Adidas Goes Fashion-Forward in China,The Wall Street Journal Asia,381,0
43,NKE,143,20120224,NA,"VF Corp. Enjoys Global Demand For Its North Face, Vans Brands",Dow Jones Business News,644,0
44,NKE,144,20120223,NA,No Linsanity for Li Ning,The Wall Street Journal Online,711,0
45,NKE,145,20120224,730,WSJ BLOG/India Real Time: U.P. Campaign Diaries: In Pursuit of the Brahmin Vote,Dow Jones International News,7,0
46,NKE,146,20120224,1546,=DJ OZ Mgmt 4Q 13F: Hldgs As Of Dec 31,Dow Jones Institutional News,1382,0
47,NKE,147,20120224,1546,=DJ Caxton Associates LP 4Q 13F: Hldgs As Of Dec 31,Dow Jones Institutional News,145,0
48,NKE,148,20120223,NA,DJ Adage Capital Advisors 4Q 13F: Hldgs As Of Dec 31,Dow Jones Institutional News,920,0
49,NKE,149,20120223,1311,DJ The Vanguard Grp 4Q 13F: Hldgs As Of Dec 31,Dow Jones Institutional News,1495,0
50,NKE,150,20120223,1311,HSN Executive Considered for Avon Post,The Wall Street Journal Online,167,0
51,NKE,151,20120223,1022,"Minyanville Media Creates ""Lin-dex,"" Tracks Companies Benefiting From Jeremy Lin's Success",PR Newswire (U.S.),375,0
52,NKE,152,20120221,2104,Chinese Shoppers Lose Taste for Fakes,The Wall Street Journal Asia,312,0
53,NKE,153,20120222,NA,Space Age Shoes in SoHo,The Wall Street Journal Online,347,0
54,NKE,154,20120221,1711,"Nike, Inc. Announces Strategic Partnership To Scale Waterless Dyeing Technology",Reuters Significant Developments,522,0
55,NKE,155,20120221,1656,"MARKET TALK: Nike, Under Armour Next-Gen Retail Tenants",Dow Jones News Service,522,0
56,NKE,156,20120221,NA,"MARKET TALK: Nike, Under Armour Next-Gen Retail Tenants",Dow Jones News Service,483,0
57,NKE,157,20120220,1543,Amazon Launches India Site Sans Option For Direct Purchases,Dow Jones International News,529,0
58,NKE,158,20120216,1452,Nike Inc (NKE) Mkt On Close Buy Imbalance: Shrs 96200,Dow Jones News Service,842,0
59,NKE,159,20120216,2404,Democrats retain Oregon seat in special election,CNN Wire,440,0
60,NKE,160,20120216,554,Starbucks Will Open Cafes in India; Coffee Retailer Forms Joint Venture With Tata Group; Pair Plans to Open 50 Stores by Year-End,The Wall Street Journal Online,1252,0
61,NKE,161,20120216,531,Nike Raised To Buy From Hold By Argus,Dow Jones International News,1248,0
62,NKE,162,20120215,1348,MARKET TALK: Nike Running Strong As Stock Hits All-Time High,Dow Jones News Service,5833,0
63,NKE,163,20120215,1144,MARKET TALK: Nike Running Strong As Stock Hits All-Time High,Dow Jones News Service,8667,0
64,NKE,164,20120215,1128,Nike Inc (NKE) Mkt On Close Sell Imbalance: Shrs 972000,Dow Jones News Service,8081,0
65,NKE,165,20120215,1145,MARKET TALK: Dick's Sporting Goods Well Positioned: JPMorgan,Dow Jones News Service,8811,0
66,NKE,166,20120215,NA,MARKET TALK: Dick's Sporting Goods Well Positioned: JPMorgan,Dow Jones News Service,707,0
67,NKE,167,20120215,1627,"Opera Ready, Even Offstage",The New York Times,449,0
68,NKE,168,20120215,NA,STRONG WORDS RESOUND AT TRIBUTE TO PATERNO,The New York Times Abstracts,1028,0
69,NKE,169,20120214,NA,Nike's Phil Knight Pays Tribute to Joe Paterno,The Wall Street Journal Online,1025,0
70,NKE,170,20120214,NA,SportsTicker: Thursday's Sports In Brief,Dow Jones News Service,1020,0
71,NKE,171,20120214,NA,Grand slam designs: Maria Sharapova's fashion statement,CNN Wire,919,0
72,NKE,172,20120211,NA,Nike Chairman Knight is applauded by Cefaqlo while addressing memorial service for former football coach Paterno at Penn State University in...,Reuters Pictures,337,0
73,NKE,173,20120207,NA,Students and supporters applaud speech by Nike Chairman Knight during memorial service for former football coach Joe Paterno at Penn State...,Reuters Pictures,146,0
74,NKE,174,20120207,946,Nike Chairman Knight addresses memorial service for former football coach Paterno at Penn State University in State College,Reuters Pictures,1339,0
75,NKE,175,20120207,946,Nike Chairman Knight addresses memorial service for former football coach Joe Paterno at Penn State University in State College,Reuters Pictures,144,0
76,NKE,176,20120202,713,WSJ BLOG/Digits: Report: Apple Takes Bigger Business Slice,Dow Jones News Service,308,0
77,NKE,177,20120202,1545,"Penn State former interim head football coach Tom Bradley waves while accompanying Nike founder and Chairman of the Board Phil Knight to former Penn State head football coach Joe Paterno's funeral in State College, Pennsylvania",Reuters Pictures,10,0
78,NKE,178,20120201,325,Collective Brands Appoints Rick Blackshaw as Keds Brand President,PR Newswire (U.S.),347,0
79,NKE,179,20120131,NA,IKEA Remains Wary of Entering India,The Wall Street Journal Online,1101,0
80,NKE,180,20120131,810,Portland Makes Bid To Become Budding Techlandia,WSJ Blogs,8,1
81,NKE,181,20120131,1640,WSJ BLOG/Digits: Live Blog: Apple Reports Quarterly Earnings,Dow Jones News Service,1395,0
82,NKE,182,20120131,1640,WSJ BLOG/Digits: Portland Makes Bid To Become Budding Techlandia,Dow Jones News Service,144,0
83,NKE,183,20120131,1545,=DJ CFA Retail:Insider Review For Week Ended Jan. 20,Dow Jones Institutional News,10,0
84,NKE,184,20120131,957,=DJ CFA Retail:Insider Review For Week Ended Jan. 20 -2-,Dow Jones Institutional News,1246,0
85,NKE,185,20120131,957,Ikea: India Local Sourcing Rules May Be Difficult For Company To 'Live Up To',Dow Jones International News,135,0
86,NKE,186,20120129,NA,Li Ning Raises Funds in Convertible Bond Sales,The Wall Street Journal Online,982,0
87,NKE,187,20120127,NA,WSJ: Sportswear Maker Li Ning Sells Convertible Bonds To Two Investors,Dow Jones Chinese Financial Wire,71,0
88,NKE,188,20120127,NA,MARKET TALK: Nike+ FuelBand May Boost Margins -Sterne Agee,Dow Jones News Service,280,0
89,NKE,189,20120127,NA,MARKET TALK: Nike+ FuelBand May Boost Margins -Sterne Agee,Dow Jones News Service,285,0
90,NKE,190,20120127,855,"A Dragon's Year, From Cuff Links to Kicks",The Wall Street Journal Asia,1163,0
91,NKE,191,20120127,715,"INTERVIEW: Demand strong, margins better in 2012: Nike CEO",Reuters News,939,0
92,NKE,192,20120126,1537,UPDATE 1-Nike launches $149 movement measuring wristband,Reuters News,96,0
93,NKE,193,20120126,1533,"NIKE, Inc. President & CEO Parker at event to unveil new NIKE+ FuelBand in New York",Reuters Pictures,93,0
94,NKE,194,20120126,1528,UPDATE: Nike Unveils Wristband That Measures Athletes' Movements,Dow Jones Business News,80,0
95,NKE,195,20120126,1526,Nike Unveils Wristband That Measures Athletes' Movements,Dow Jones Business News,79,0
96,NKE,196,20120126,1705,*DJ NIKE Announces New NIKE+ FuelBand -- Measuring Movement To Make Life A Sport,Dow Jones Chinese Financial Wire,543,0
97,NKE,197,20120125,1949,*DJ Nike's Wristband Can Share Data With Users' Phones NKE,Dow Jones Chinese Financial Wire,138,0
98,NKE,198,20120124,2439,NIKE Announces New NIKE+ FuelBand -- Measuring Movement To Make Life A Sport,Dow Jones News Service,734,0
99,NKE,199,20120124,NA,Li Ning says plans to issue convertible securities,Reuters News,410,0
100,NKE,200,20120124,1040,"Dispute Over Fashion Week Dates Is Settled (for Now), Wal-Mart Picks New Head of Global E-Commerce, Sharapova's Shoe Design Helps Nike Sales",WSJ Blogs,450,1
