,Ticker,Index,Date,Time,Headline,Source,NumWords,missing
1,NKE,1,20140630,2423,Under Armour Footwear Sales May Help Finish Line -- Market Talk,Dow Jones Institutional News,125,0
2,NKE,2,20140630,2423,Under Armour Footwear Sales May Help Finish Line -- Market Talk,Dow Jones Institutional News,1548,0
3,NKE,3,20140630,1411,The Dow Jones Industrial Average Is Its Own Worst Enemy -- Barron's Blog,Dow Jones Institutional News,158,0
4,NKE,4,20140630,1147,Basketball Shoes Lead Sales of Athletic Footwear -- Market Talk,Dow Jones Institutional News,1535,0
5,NKE,5,20140630,1147,Basketball Shoes Lead Sales of Athletic Footwear -- Market Talk,Dow Jones Institutional News,147,0
6,NKE,6,20140630,931,"Critical Alerts For VoxelJet, FireEye, Target, Whole Foods Market, and Nike Released By InvestorsObserver",PR Newswire (U.S.),404,0
7,NKE,7,20140628,NA,Nike takes on Adidas for World Cup prize; TRAVEL & LEISURE,Financial Times,792,0
8,NKE,8,20140627,848,Nike leads Adidas by four goals in the World Cup 2014 battle of the boot brands... and Umbro just has a solitary assist to its name,Mail Online,776,0
9,NKE,9,20140628,950,"Finish Line Gains on Integration, Macy's Growth -- Market Talk",Dow Jones Institutional News,777,0
10,NKE,10,20140627,733,"Finish Line Gains on Integration, Macy's Growth -- Market Talk",Dow Jones Institutional News,129,0
11,NKE,11,20140627,733,"Stocks: GoPro, Nike sprint ahead",CNN Wire,474,0
12,NKE,12,20140627,2417,"U.S. RESEARCH ROUNDUP- Accenture, Nike, Abercrombie & Fitch, Verisign",Reuters News,583,0
13,NKE,13,20140627,1126,"BUZZ-U.S. Stocks on the Move-Nike, DuPont, Amedisys, Michaels",Reuters News,1592,0
14,NKE,14,20140627,732,"The Fashion and Tech Industries' Must-Have? Talent; As the Industries Converge, They Are Competing Increasingly for Similar Hires",The Wall Street Journal Online,477,0
15,NKE,15,20140627,903,Nike scores a goal on Wall Street,CNN Wire,586,0
16,NKE,16,20140627,1303,REFILE-Adidas and Nike battle for social media World Cup,Reuters News,596,0
17,NKE,17,20140627,1139,"Textiles, Apparel and Luxury Goods Equities under Review -- Research on PVH Corp., Ralph Lauren, NIKE, and Crocs",PR Newswire (U.S.),549,0
18,NKE,18,20140627,810,File photo of Adidas soccer shoes before company's news conference in Herzogenaurach,Reuters Pictures,1034,0
19,NKE,19,20140627,800,"Better Margins, China Help Lift Nike F4Q -- Market Talk",Dow Jones Institutional News,1302,0
20,NKE,20,20140627,728,"Better Margins, China Help Lift Nike F4Q -- Market Talk",Dow Jones Institutional News,145,0
21,NKE,21,20140627,657,Nike revenues score with investors,Financial Times (FT.Com),162,0
22,NKE,22,20140627,657,"UPDATE 2-Soccer fever helps Nike score strong sales in N America, Europe",Reuters News,116,0
23,NKE,23,20140626,1933,"Nike's profit rises on strong sales in North America, Europe",Reuters News,438,0
24,NKE,24,20140626,1914,"Nike Sales Rise, Helped By Gains in Soccer; Increase Comes Amid Broader Initiatives to Raise Prices",The Wall Street Journal Online,592,0
25,NKE,25,20140626,1630,Nike's Profit Rises on Broad-Based Revenue Growth,Dow Jones Top North American Equities Stories,110,0
26,NKE,26,20140626,1523,Cristiano Ronaldo beats Lionel Messi again... Portugal man is highest paid World Cup star in sponsorship ahead of Neymar Jr. and Co with £14.1million-a-year Nike deal,Mail Online,290,0
27,NKE,27,20140626,1634,"Nike Sales Rise, Helped By Gains in Soccer -- 2nd Update",Dow Jones Institutional News,317,0
28,NKE,28,20140626,1634,Nike's Profit Rises on Broad-Based Revenue Growth -- Update,Dow Jones Institutional News,317,0
29,NKE,29,20140626,1622,Nike Posts Higher Results,Dow Jones Newswires Chinese (English),317,0
30,NKE,30,20140626,822,Nike Just Does It -- Barron's Blog,Dow Jones Institutional News,508,0
31,NKE,31,20140626,1923,Nike 4Q Cont Ops EPS 78c >NKE,Dow Jones Newswires German,369,0
32,NKE,32,20140626,1649,Nike 4Q Cont Ops EPS 78c >NKE,Dow Jones Newswires Chinese (English),383,0
33,NKE,33,20140626,1647,"Nike, Adidas Face Off in U.S.-Germany World Cup Match",Dow Jones Institutional News,383,0
34,NKE,34,20140626,1806,"Donations, Projects, New Leaderships, Distribution Ratios, and Conference Call Schedules - Analyst Notes on P&G, Coca-Cola, Nike, International Paper and Hasbro",PR Newswire (U.S.),316,0
35,NKE,35,20140626,1622,Neymar's already got the Golden Boot! Brazil's top goalscorer contender will sport new Nike Gold Hypervenoms for World Cup knock-out stages,Mail Online,258,0
36,NKE,36,20140626,1646,"Neymar, Nike Not Missing the Chance to Cash In",WSJ Blogs,190,1
37,NKE,37,20140626,1615,One-Fifth Of Americans Correctly Identify Coca Cola As Official World Cup Sponsor: Nike incorrectly identified by 16%,PR Newswire (U.S.),121,0
38,NKE,38,20140626,1615,High World Cup TV Ratings Bode Well for Nike -- Market Talk,Dow Jones Institutional News,33,0
39,NKE,39,20140626,906,High World Cup TV Ratings Bode Well for Nike -- Market Talk,Dow Jones Institutional News,516,0
40,NKE,40,20140626,513,Nike earnings set to reflect hat-trick,Financial Times,512,0
41,NKE,41,20140626,600,"InvestorsObserver releases comments on Home Depot, Walgreen, Nike, General Mills, and Carnival Corp.",PR Newswire (U.S.),1389,0
42,NKE,42,20140618,530,Nike Files 8K - Changes Exec Mgmt >NKE,Dow Jones Institutional News,1218,0
43,NKE,43,20140625,125,Can Apple Crack the Smartwatch Code?; Company Takes On Rivals Google and Samsung With Wrist Device to Launch Later This Year,The Wall Street Journal Online,406,0
44,NKE,44,20140625,1740,Nike Names Vice President of Global Apparel,Dow Jones Institutional News,535,0
45,NKE,45,20140625,1030,Nike Names New Head of Global Apparel; Reenie Benziger Oversaw the Athletic-Gear Maker's Young Athletes Division,The Wall Street Journal Online,430,0
46,NKE,46,20140624,1159,Steven Gerrard caught up in logo spat between Nike and adidas during England World Cup duty,Mail Online,136,0
47,NKE,47,20140624,1159,Apple Plans Multiple Designs for Smartwatch,Dow Jones Top News & Commentary,1415,0
48,NKE,48,20140623,NA,"*NIKE, Inc. Names Reenie Benziger Vice Pres Global Apparel",Dow Jones Institutional News,273,0
49,NKE,49,20140623,931,"*John Donahoe Joins NIKE, Inc. Bd Of Directors",Dow Jones Institutional News,386,0
50,NKE,50,20140623,1318,Nike May Finally Have Handle on Chinese Supplies -- Market Talk,Dow Jones Institutional News,514,0
51,NKE,51,20140620,1534,Nike May Finally Have Handle on Chinese Supplies -- Market Talk,Dow Jones Institutional News,1070,0
52,NKE,52,20140620,1017,NIKE ARE TICKED OFF AS KIT WAR HOTS UP; SPORTS AGENDA,Daily Mail,255,0
53,NKE,53,20140620,739,FEATURE-Soccer-Brazil still in love with iconic strip,Reuters News,387,0
54,NKE,54,20140620,1003,"The Zacks Analyst Blog Highlights: Pepsico, Nike, Yingli Green Energy Holding and Johnson & Johnson",PR Newswire (U.S.),757,0
55,NKE,55,20140620,403,Corporate News: Corporate Watch,The Wall Street Journal,538,0
56,NKE,56,20140620,359,Workers at ABB-owned factory in China strike over benefits,Reuters News,542,0
57,NKE,57,20140620,900,"Ford, Heinz Eye Autos Made From Tomatoes",Dow Jones Top North American Equities Stories,379,0
58,NKE,58,20140619,1615,Wildfire sparks amazing wedding photo in Oregon,Mail Online,700,0
59,NKE,59,20140617,2400,"Samsung, Nike Battle Bad Guys, Each Other, for World Cup Attention",WSJ Blogs,112,1
60,NKE,60,20140617,2400,PCs Cede Spotlight at Computex,Dow Jones Top Global Market Stories,1349,0
61,NKE,61,20140616,NA,"For Now, Sponsors Unlikely to Cut Ties With Phil Mickelson",NYT Blogs,692,0
62,NKE,62,20140616,309,"Nike IS pronounced Nikey, chairman of shoe giant finally confirms",Mail Online,730,0
63,NKE,63,20140613,1538,Nike Unveil New Management Moves Monday,Dow Jones Institutional News,670,0
64,NKE,64,20140612,930,"*NIKE, Inc. Announces Management Changes",Dow Jones Institutional News,1497,0
65,NKE,65,20140611,NA,England stand to net £10m bonus from kit sponsors Nike... if they win the World Cup,Mail Online,810,0
66,NKE,66,20140611,615,Roma unveil beautiful kit in first season of new deal with sportswear giant Nike,Mail Online,436,0
67,NKE,67,20140611,629,Joey Barton unveils QPR's new Nike kits ahead of Premier League return,Mail Online,252,0
68,NKE,68,20140610,2149,"Pre-market Insights on Textiles, Apparel and Luxury Good Equities -- Research on Nike, Crocs, Fossil, and Coach",PR Newswire (U.S.),252,0
69,NKE,69,20140610,358,Nike and Adidas get personal in battle over soccer World Cup,Reuters News,257,0
70,NKE,70,20140610,1059,"Critical Alerts For Verizon, Procter & Gamble, Adobe, American Express, and Nike Released By InvestorsObserver",PR Newswire (U.S.),268,0
71,NKE,71,20140610,758,A Cultural Conversation / With Richard W. Lariviere: 'A Gentleman With Elbows',The Wall Street Journal,243,0
72,NKE,72,20140610,1755,From humble sneaker to luxury icon; The demand (and price) for status-symbol men’s shoes is rocketing,International New York Times,282,0
73,NKE,73,20140610,150,Man United Wants More From Nike --- Club Executives Think Next Apparel Contract Could Top $600 Million; Nike Balks at Lofty Price,The Wall Street Journal,442,0
74,NKE,74,20140604,1149,Manchester United Tries to Wring More Out of Nike,MoneyBeat,750,1
75,NKE,75,20140604,404,"DJ NIKE Inc Class B, Inst Holders, 1Q 2014 (NKE)",Dow Jones Institutional News,764,0
76,NKE,76,20140604,402,Yue Yuen estimates $37 mln provision for staff benefits at shoe factory,Reuters News,765,0
77,NKE,77,20140602,NA,Nike brand strides ahead with wearables,Financial Times (FT.Com),765,0
78,NKE,78,20140602,412,"Successful Missile Firing, Dividends Declaration, Stock Price Updates, and Investor Conferences - Analyst Notes on Lockheed Martin, Nike, Under Armour, Mohawk and Moody's",PR Newswire (U.S.),235,0
79,NKE,79,20140602,1718,"The Zacks Analyst Blog Highlights: Lululemon Athletica, Nike, V.F. Corp, Columbia Sportswear and Navigators Group",PR Newswire (U.S.),173,0
80,NKE,80,20140602,1630,Nike supports production suspensions in Vietnam amid protests,Reuters News,629,0
81,NKE,81,20140531,2046,Retailers Band Together to Defend Customers from Hackers,Dow Jones Top News & Commentary,378,0
82,NKE,82,20140529,730,Li & Fung says some of its suppliers in Vietnam halt production,Reuters News,267,0
83,NKE,83,20140528,501,UPDATE 1-Shoe maker Yue Yuen suspends Vietnam production amid protests; shares slide,Reuters News,376,0
84,NKE,84,20140528,510,HK's Yue Yuen says Vietnam production suspended on Wednesday,Reuters News,1286,0
85,NKE,85,20140527,1900,Equipping the World Cup: Soccer Supremacy -- Barron's,Dow Jones Newswires Chinese (English),880,0
86,NKE,86,20140527,931,Nike declares $0.24 quarterly dividend,Reuters Significant Developments,372,0
87,NKE,87,20140527,NA,Press Release: NIKE Declares $0.24 Quarterly Dividend,Dow Jones Institutional News,1199,0
88,NKE,88,20140527,NA,"Earnings Releases, Company Updates, and Sustainable Development Activities - Analyst Notes on FMC, Rockwood, PTNNT, BHP Billiton and Nike",PR Newswire (U.S.),1283,0
89,NKE,89,20140523,NA,"Eight Questions: Stephen Roach, 'Unbalanced: The Codependency of America and China",Dow Jones Newswires Chinese (English),862,0
90,NKE,90,20140523,244,UPDATE 2-Adidas CEO faces down investor unrest over Nike advance,Reuters News,850,0
91,NKE,91,20140523,NA,Skechers Carrying Some Momentum as 'Hottest' Brand -- Market Talk,Dow Jones Institutional News,655,0
92,NKE,92,20140522,1904,Skechers Carrying Some Momentum as 'Hottest' Brand -- Market Talk,Dow Jones Institutional News,860,0
93,NKE,93,20140522,1313,Adidas chief on defensive after investor attack over lack of pace; PERSONAL GOODS,Financial Times,859,0
94,NKE,94,20140522,1314,"The Nike FuelBand, Now On Sale at Half Price -- WSJ Blog",Dow Jones Institutional News,847,0
95,NKE,95,20140522,1059,"The Nike FuelBand, Now On Sale at Half Price",WSJ Blogs,856,1
96,NKE,96,20140523,NA,Wearables industry ponders next step after Nike halts fitness band; TECHNOLOGY HARDWARE; News analysis,Financial Times,581,0
97,NKE,97,20140522,307,Alibaba Files IPO in the U.S.; Chinese E-Commerce Giant Values Itself at More Than $100 Billion,The Wall Street Journal Online,660,0
98,NKE,98,20140520,2141,"UPDATE 2-Adidas, facing investor unrest over Nike lead, sees sales dip",Reuters News,176,0
99,NKE,99,20140521,717,German stocks - Factors to watch on May 5,Reuters News,434,0
100,NKE,100,20140521,NA,More Men Step Out in Stylish Socks,The Wall Street Journal,487,0
