,Ticker,Index,Date,Time,Headline,Source,NumWords,missing
1,NKE,1,20080926,NA,Business Brief -- Nike Inc.: Quarterly profit falls 10% despite overseas strength,The Wall Street Journal Europe,180,0
2,NKE,2,20080926,NA,Harman's new leader is finding his own voice,The Wall Street Journal Europe,909,0
3,NKE,3,20080926,1313,Merrill says companies that repurchase shares to outperform,Reuters News,213,0
4,NKE,4,20080925,2101,DJ Yue Yuen Industrial 9 Mos Net Profit Rises 56% To US$438.1M,Dow Jones Chinese Financial Wire,170,0
5,NKE,5,20080926,NA,Business Brief: Nike Inc.,The Wall Street Journal Asia,118,0
6,NKE,6,20080925,NA,Corporate News: Nike's Profit Declines 10% As Costs Rise,The Wall Street Journal,347,0
7,NKE,7,20080925,NA,Nike's Profit Fell in First Quarter,The New York Times,156,0
8,NKE,8,20080925,1417,DJ Hot Stocks: NKE,Dow Jones Chinese Financial Wire,43,0
9,NKE,9,20080925,1032,DJ Hot Stocks to Watch: NKE,Dow Jones Chinese Financial Wire,43,0
10,NKE,10,20080925,753,"RPT-UPDATE 3-Nike beats Street, shares rise on U.S. sales",Reuters News,51,0
11,NKE,11,20080924,1729,Nike net income falls on year-ago tax benefit,Reuters News,704,0
12,NKE,12,20080924,1653,=DJ Nike 1Q Net Income Falls 10% Amid Year-Ago Tax Benefit >NKE,Dow Jones Chinese Financial Wire,702,0
13,NKE,13,20080924,1630,"Nike, Inc. Reiterates FY 2009 Revenue Outlook-Conference Call",Reuters Significant Developments,232,0
14,NKE,14,20080924,1804,"Microsoft, H-P, Nike Snap Buyback Slump --- Stock Repurchases Totaling $53 Billion Come as Other Firms Are Conserving Cash",The Wall Street Journal,367,0
15,NKE,15,20080924,NA,Nike to Exit Elite Market For Swimwear,The Wall Street Journal,57,0
16,NKE,16,20080923,NA,"Nike, Inc. Announces New $5 Billion Share Repurchase Program",Reuters Significant Developments,904,0
17,NKE,17,20080923,NA,UPDATE 1-Nike to buy back additional $5 billion in stock,Reuters News,344,0
18,NKE,18,20080922,NA,"UPDATE 3-Microsoft, HP, Nike unveil $53 bln of buybacks",Reuters News,62,0
19,NKE,19,20080922,1004,Microsoft's Novel Idea -- Buying Shares Back <i>Cheaply</i>,WSJ Blogs,183,1
20,NKE,20,20080922,912,HEARD ON THE STREET: Stock Buybacks Show Corporate Strength,Dow Jones News Service,669,0
21,NKE,21,20080922,2456,Nike dealt blow by Olympics hurdle,Financial Times,559,0
22,NKE,22,20080922,1510,"Seven Summits Research Releases Comments on NKE, BBBY, PAYX, LEN and FDS",PR Newswire (U.S.),550,0
23,NKE,23,20080922,NA,CADNA Addresses New Internet Governance Obstacles,PR Newswire Europe,227,0
24,NKE,24,20080922,931,PRESS RELEASE: Nike Names Cindy Davis President of Nike Golf,Dow Jones News Service,403,0
25,NKE,25,20080917,1333,"Nike chases university women in Europe --- New ad campaign's slogan, 'Here I am,' softens 'Just do it'",The Wall Street Journal Europe,600,0
26,NKE,26,20080917,2457,Stanford breaks ground on new campus,Financial Times (FT.Com),595,0
27,NKE,27,20080912,1630,DJ Yue Yuen August Operating Revenue US$421.1 Mln;Up 21% On Year,Dow Jones Chinese Financial Wire,483,0
28,NKE,28,20080911,NA,Cole Haan Taps Maria Sharapova for Style and Design,WSJ Blogs,791,1
29,NKE,29,20080911,NA,Cole Haan to Launch New Sporting Collection With Maria Sharapova in Unprecedented Collaboration,PR Newswire Europe,762,0
30,NKE,30,20080911,NA,Adding Muscle To Skinny Jeans,The New York Times,254,0
31,NKE,31,20080910,833,UPDATE 1-Adidas snags Russian football deal from Nike,Reuters News,209,0
32,NKE,32,20080908,1748,"DJ Survey: Sony Is Asia's Favorite Brand, Replacing Nokia",Dow Jones Chinese Financial Wire,343,0
33,NKE,33,20080908,916,TIMELESS Star Quality,The New York Times,653,0
34,NKE,34,20080908,815,Nadal Keeps New Look Under Wraps for Now --- Tennis Star Decides Updated Nike Garb Won't Show at Open,The Wall Street Journal,576,0
35,NKE,35,20080908,NA,"Refining Tennis's Rebel King --- Spain's Nadal, Nike Play for Style Points Ahead of the U.S. Open",The Wall Street Journal,944,0
36,NKE,36,20080908,720,"Olympics: Even as Bolt Sets Records, Puma Keeps Its Own Clock",The Wall Street Journal,221,0
37,NKE,37,20080907,2112,Sponsor Puma sees no sales sprint from Bolt win,Reuters News,268,0
38,NKE,38,20080907,NA,Nike brand head very pleased with Beijing effort,Reuters News,184,0
39,NKE,39,20080826,NA,"Beijing Olympics 2008: Athletes in China don't rule the school --- Few kids play sports, but Nike, Adidas work to change that",The Wall Street Journal Europe,570,0
40,NKE,40,20080825,NA,"BeaconEquity.com Issues Trade Alerts on Apparel/Footwear Stocks: CROX, NKE, SKX, COH, UA, BWS",PR Newswire (U.S.),908,0
41,NKE,41,20080823,NA,"Seven Summits Research Releases Alerts on GE, QCOM, FMCN, JAVA, and NKE",PR Newswire (U.S.),794,0
42,NKE,42,20080821,444,Olympics-Athletics-Liu keeps advertisers' support after exit,Reuters News,392,0
43,NKE,43,20080821,328,Pickup Pix GREAT LINES AT EVEN GREATER PRICES,The New York Times,393,0
44,NKE,44,20080819,2324,NOW COLLECTING COLE HAAN'S PRECIOUS PENNIES,The New York Times,607,0
45,NKE,45,20080820,NA,CORRECTED - CORRECTED-BRIEF-Nike names Eric Sprunk vice president of product,Reuters News,1315,0
46,NKE,46,20080820,NA,"UPDATE 1-Nike names vice president of product, a new post",Reuters News,1637,0
47,NKE,47,20080819,944,Olympics: Chinese Companies Sponsor Countries Others Won't Touch,The Wall Street Journal,424,0
48,NKE,48,20080819,931,WSJA(8/14) China Sportswear Brands Seek Win With Outsiders,Dow Jones Chinese Financial Wire,479,0
49,NKE,49,20080818,757,Beijing Olympics 2008: Opening ceremony lifts shares of Li Ning,The Wall Street Journal Asia,421,0
50,NKE,50,20080817,NA,WSJ(8/11) Torchbearer Scores A Commercial Victory,Dow Jones Chinese Financial Wire,939,0
51,NKE,51,20080817,NA,"Nike, Inc. Declares Quarterly Dividend",Reuters Significant Developments,150,0
52,NKE,52,20080814,938,Olympics: A Torchbearer's Commercial Coup,The Wall Street Journal,77,0
53,NKE,53,20080814,925,A streetcar named Nike? --- Dubai will sell rights for labels on rail line; high-profile ad space,The Wall Street Journal Europe,113,0
54,NKE,54,20080814,NA,Nike CEO Got $1.38M Salary For Past FY,Dow Jones Corporate Filings Alert,839,0
55,NKE,55,20080814,NA,DJ Yue Yuen July Operating Revenue US$445.5M,Dow Jones Chinese Financial Wire,1035,0
56,NKE,56,20080814,1204,=DJ UPDATE: Adidas: China To Be Co's 2nd Largest Market In 2008,Dow Jones Chinese Financial Wire,1089,0
57,NKE,57,20080812,NA,Nike seeks to curb abuse of workers in Malaysia,The Wall Street Journal Europe,242,0
58,NKE,58,20080810,2309,Nike Addresses Abuse Complaints At Malaysia Plant,The Wall Street Journal,692,0
59,NKE,59,20080811,NA,Nike monitoring Malaysian factory after abuses,Reuters News,643,0
60,NKE,60,20080811,NA,Nike To Let Its Swimmers Wear Speedo Suit At Olympics-Report,Dow Jones International News,66,0
61,NKE,61,20080809,NA,REFILE-UPDATE 1-Nike pulls basketball shoe ad on antigay concer,Reuters News,226,0
62,NKE,62,20080808,NA,Nike pulls basektball shoe ads on anti-gay concerns,Reuters News,683,0
63,NKE,63,20080808,1618,Nike Withdraws 'Dunk' Ads Amid Flurry of Complaints,The Wall Street Journal,110,0
64,NKE,64,20080808,822,"Nike CEO Gets Restricted Stock Valued At $2.25M, Options",Dow Jones Corporate Filings Alert,201,0
65,NKE,65,20080807,2219,"Weber Shandwick Hires Chad Boettcher as Senior Vice President for Corporate Responsibility; - Former Nike, Inc., Global CR Lead and MTV...",PR Newswire (U.S.),482,0
66,NKE,66,20080805,NA,Martial art attracts Nike,The Wall Street Journal Europe,640,0
67,NKE,67,20080804,NA,Sports: It's all about the shoe --- Adidas and Nike head for the Olympics with footwear for nearly every sport,The Wall Street Journal Asia,781,0
68,NKE,68,20080804,NA,"International Finance -- World Stock Markets: Nike, Adidas Pinch Chinese Rivals --- Local Outfitters Lose Market Share In Olympic Year",The Wall Street Journal,372,0
69,NKE,69,20080801,1735,"Nike, Adidas gain speed in race with Chinese sportswear firms",The Wall Street Journal Asia,435,0
70,NKE,70,20080730,1737,Zheng Jie's a Breakthrough for Nike,WSJ Blogs,119,1
71,NKE,71,20080728,1318,Adidas uses Olympics in race against Nike --- Giant Beijing store reflects importance of China's consumers,The Wall Street Journal Europe,317,0
72,NKE,72,20080728,1357,Brickfish aiming to use viral adverts to catch the attention,Financial Times,240,0
73,NKE,73,20080728,NA,Nike plans Olympic ad blitz,Financial Times,281,0
