,Ticker,Index,Date,Time,Headline,Source,NumWords,missing
1,NKE,101,20130317,1908,"Retailers, Oracle, FedEx to Report Earnings",Dow Jones Top Global Market Stories,817,0
2,NKE,102,20130315,1612,DJ Analyst Estimates for U.S. Earnings Friday,Dow Jones Institutional News,830,0
3,NKE,103,20130315,1557,Analyst Estimates for U.S. Earnings Friday,Dow Jones News Service,830,0
4,NKE,104,20130315,555,WSJ BLOG: China: The Jobs Report,Dow Jones Global Equities News,2388,0
5,NKE,105,20130315,555,Nike (NKE) Mkt On Close Buy Imbalance: Shrs 142700,Dow Jones News Service,2368,0
6,NKE,106,20130315,244,"Critical Alerts For LinkedIn, Nike, Goldcorp, Concho Resources, and Dean Foods Released By InvestorsObserver",PR Newswire (U.S.),1185,0
7,NKE,107,20130314,1545,"A Forward Look, the Year Ahead - Research Report on Lions Gate Entertainment Corp., The Madison Square Garden Co, LinkedIn Corp, AOL, Inc. and NIKE, Inc.",PR Newswire (U.S.),9,0
8,NKE,108,20130314,931,Dow Aims at Nine-Day Winning Streak,The Wall Street Journal Asia,378,0
9,NKE,109,20130314,802,Nike (NKE) Mkt On Close Sell Imbalance: Shrs 104400,Dow Jones News Service,1277,0
10,NKE,110,20130314,NA,Soccer-AS Roma sign 10-year kit supply deal with Nike,Reuters News,588,0
11,NKE,111,20130313,1545,Italy's AS Roma Soccer Club Says Signs Nike Sponsorship Deal,Dow Jones Global Equities News,9,0
12,NKE,112,20130313,1343,AS Roma SpA Announces New Sponsorship Agreement with Nike Inc,Reuters Significant Developments,276,0
13,NKE,113,20130313,2435,WSJ BLOG: What We Know About the Next Samsung Galaxy Phone,Dow Jones News Service,368,0
14,NKE,114,20130313,NA,PPR SA: Puma's Lost Spring,Dow Jones Top North American Equities Stories,87,0
15,NKE,115,20130312,1137,Adidas Sportswear Gains On Nike in China,Dow Jones Top Global Market Stories,404,0
16,NKE,116,20130311,1550,"Let's get Ronaldo! Man United start talks with Nike over funding for return of Madrid megastar (and Rooney STAYS, says Fergie)",Mail Online,930,0
17,NKE,117,20130311,834,"Top China Stories from WSJ: Adidas Catching Up, Unhappy Middle",WSJ Blogs,949,1
18,NKE,118,20130311,636,Edgy Tech Gadgets at Big Texas Festival,The Wall Street Journal,901,0
19,NKE,119,20130310,1905,ARENA --- Sports: Heard on The Field,The Wall Street Journal,994,0
20,NKE,120,20130307,1940,"In China Race, Adidas Is Hot on Nike's Heels",The Wall Street Journal,1054,0
21,NKE,121,20130308,NA,"WSJ BLOG: Top China Stories from WSJ: Adidas Catching Up, Unhappy Middle",Dow Jones Global Equities News,975,0
22,NKE,122,20130308,1325,Foot Locker 4th-Quarter Net Up 28%,Dow Jones Top News & Commentary,994,0
23,NKE,123,20130307,2216,Nike (NKE) Mkt On Close Buy Imbalance: Shrs 91500,Dow Jones News Service,996,0
24,NKE,124,20130308,NA,"U.S. HOT STOCKS: Pandora, Foot Locker, Tempur-Pedic, Goldman Sachs",Dow Jones News Service,1061,0
25,NKE,125,20130308,2134,MARKET TALK: Athletic Stocks Dented by Foot Locker's 4Q,Dow Jones News Service,696,0
26,NKE,126,20130308,1932,MARKET TALK: Athletic Stocks Dented by Foot Locker's 4Q,Dow Jones News Service,644,0
27,NKE,127,20130308,1821,"Foot Locker 4th-Quarter Net Up 28% as Same-Store Sales, Margins Improve",Dow Jones News Service,645,0
28,NKE,128,20130307,2249,"Brand Strength, eCommerce and Product Innovation - Research Report on Deckers, Crocs, Wolverine, Nike and Steven Madden",PR Newswire (U.S.),263,0
29,NKE,129,20130308,NA,Foot Locker's New Looks Could Help Sustain Sales Momentum,Dow Jones News Service,669,0
30,NKE,130,20130307,1506,Nike (NKE) Mkt On Close Buy Imbalance: Shrs 315000,Dow Jones News Service,661,0
31,NKE,131,20130307,1645,WSJ BLOG: Samsung Is Already Hyping Their New Galaxy Device,Dow Jones News Service,680,0
32,NKE,132,20130308,NA,...or is it the curse of Nike?,Irish Daily Mail,444,0
33,NKE,133,20130308,NA,"Watch it, Rory! Nike pal Woods warns McIlroy to think before he acts after world No 1 comes under fire for Honda walk-out",Mail Online,708,0
34,NKE,134,20130307,2249,"Watch it, Rory! Nike pal Woods warns McIlroy to think before he acts after world No 1 comes under fire for Honda walk-out",Mail Online,304,0
35,NKE,135,20130308,715,U.S. Teams to Wear Classic White,NYT Blogs,833,0
36,NKE,136,20130308,1545,Coach taps Nike executive to oversee change in store look,Reuters News,9,0
37,NKE,137,20130308,1320,Under Armour Sues Rival Nike,The Wall Street Journal,1495,0
38,NKE,138,20130308,1010,First lady's schedule,Reuters Washington Daybook Report,1419,0
39,NKE,139,20130308,1010,"The FADER And Converse Announce The Return Of ""The FADER FORT Presented by Converse"" At The 2013 SXSW Music and Media Conference",PR Newswire (U.S.),111,0
40,NKE,140,20130308,715,The Converse Rubber Tracks Experience Returns To Austin For SXSW,PR Newswire (U.S.),217,0
41,NKE,141,20130306,800,Nike Started at Outperform by Cowen,Dow Jones Global Equities News,894,0
42,NKE,142,20130306,1409,"Dislocation, Dislocation, Dislocation",NYT Blogs,922,0
43,NKE,143,20130306,1424,Nike (NKE) Mkt On Close Sell Imbalance: Shrs 109500,Dow Jones News Service,922,0
44,NKE,144,20130305,1545,Under Armour Sues Rival Nike for Trademark Infringement,Dow Jones Top North American Equities Stories,9,0
45,NKE,145,20130304,1514,What Unofficial Numbers Say About China's Economy,Dow Jones Top Global Market Stories,329,0
46,NKE,146,20130302,NA,Reuters Week Ahead/Thursday,Reuters Washington Daybook Report,286,0
47,NKE,147,20130302,1620,Under Armour Sues Nike Over Use of 'I Will' in Advertising -AP,Dow Jones News Service,519,0
48,NKE,148,20130302,2428,"WSJ BLOG: The AM Roundup: Law Firm Lets the Sunshine in, More",Dow Jones News Service,646,0
49,NKE,149,20130301,NA,Nike Raised to Buy From Neutral by Citigroup,Dow Jones Global Equities News,428,0
50,NKE,150,20130227,820,World's Oldest Marathoner Retires; Nike Suspends Pistorius Contract; Laura Bush Wants Out Of Same-Sex Ad; Tebow Cancels Controversial Appe...,CNN: CNN Newsroom,144,0
51,NKE,151,20130227,NA,Nike Suspends Pistorius's Contract,Wall Street Journal Video,368,1
52,NKE,152,20130222,1658,"""Blade Runner"" Bail Hearing; Nike Severe Ties with Pistorius; 30 Million in Path of Winter Storm; Convincing Iran to Abandon Nuclear Prog...",CNN: Early Start with John Berman and Zoraida Sambolin,392,0
53,NKE,153,20130222,1643,"Innovation Keeps Footwear Sector Strong - Research Report on Wolverine World Wide, Inc., Skechers USA Inc., Brown Shoe Company, Inc., Nike, Inc., and Deckers Outdoor Corp.",PR Newswire (U.S.),392,0
54,NKE,154,20130227,1806,Nike Suspends Contract with Oscar Pistorius,Dow Jones Top News & Commentary,292,0
55,NKE,155,20130227,1552,Nike (NKE) Mkt On Close Buy Imbalance: Shrs 120000,Dow Jones News Service,1347,0
56,NKE,156,20130226,1147,MARKET TALK: UBS Sees Loftier Sales Potential for Foot Locker,Dow Jones News Service,879,0
57,NKE,157,20130226,855,MARKET TALK: UBS Sees Loftier Sales Potential for Foot Locker,Dow Jones News Service,6,0
58,NKE,158,20130225,NA,MARKET TALK: Citi Sees More Balance to Nike's Stride,Dow Jones News Service,783,0
59,NKE,159,20130225,1545,MARKET TALK: Citi Sees More Balance to Nike's Stride,Dow Jones News Service,9,0
60,NKE,160,20130222,1655,Nike suspend Pistorius as bail hearing goes into a fourth day as he awaits trial for murder of girlfriend after lead detective is 'dropped'...,Mail Online,381,0
61,NKE,161,20130222,1643,Nike suspends contract with Pistorius,CNN Wire,380,0
62,NKE,162,20130222,1600,URGENT - Pistorius Nike Contract,CNN Wire,1284,0
63,NKE,163,20130221,2249,Oracle Moving Manufacturing Jobs to U.S. From Mexico,Dow Jones Top News & Commentary,1353,0
64,NKE,164,20130221,2233,Oracle Is Moving Manufacturing Jobs to US From Mexico,Dow Jones Institutional News,1348,0
65,NKE,165,20130222,1544,DJ Oracle Is Moving Manufacturing Jobs to US From Mexico,Dow Jones Institutional News,6726,0
66,NKE,166,20130222,1548,"Foot Locker Lifts Dividend By 11%, Issues New Buyback Program",Dow Jones Global News Select,12,0
67,NKE,167,20130222,814,Nike (NKE) Mkt On Close Buy Imbalance: Shrs 119000,Dow Jones News Service,380,0
68,NKE,168,20130221,729,DJ Caxton Associates LP 4Q 13F: Hldgs As Of Dec 31,Dow Jones Institutional News,8,0
69,NKE,169,20130221,NA,Nike (NKE) Mkt On Close Buy Imbalance: Shrs 87100,Dow Jones News Service,4165,0
70,NKE,170,20130221,NA,Nike Makes No Plans for Pistorius in Future Ads,The Wall Street Journal Online,452,0
71,NKE,171,20130221,NA,Nike's bullet ad with Pistorius backfires,CNN Wire,4135,0
72,NKE,172,20130221,802,Nike has no plans to use Pistorius in future ads,Reuters News,947,0
73,NKE,173,20130221,1011,DJ The Vanguard Grp 4Q 13F: Hldgs As Of Dec 31,Dow Jones Institutional News,64,0
74,NKE,174,20130221,1545,DJ Fidelity Mgmt & Research Co. 4Q 13F: Hldgs As Of Dec 31,Dow Jones Institutional News,9,0
75,NKE,175,20130221,1427,DJ D. E. Shaw & Co 4Q 13F: Hldgs As Of Dec 31,Dow Jones Institutional News,1370,0
76,NKE,176,20130221,1427,DJ Two Sigma Investments 4Q 13F: Hldgs As Of Dec 31,Dow Jones Institutional News,125,0
77,NKE,177,20130221,2405,DJ Highbridge Capital Mgmt 4Q 13F: Hldgs As Of Dec 31,Dow Jones Institutional News,1422,0
78,NKE,178,20130221,2405,DJ Citadel Advisors 4Q 13F: Hldgs As Of Dec 31,Dow Jones Institutional News,147,0
79,NKE,179,20130221,2424,DJ Zweig-DiMenna Associates 4Q 13F: Hldgs As Of Dec 31,Dow Jones Institutional News,1394,0
80,NKE,180,20130221,1102,DJ Citadel Advisors 4Q 13F: Hldgs As Of Dec 31,Dow Jones Institutional News,1435,0
81,NKE,181,20130221,709,DJ Two Sigma Investments 4Q 13F: Hldgs As Of Dec 31,Dow Jones Institutional News,1370,0
82,NKE,182,20130221,545,DJ S.A.C. Capital Advisors LP 4Q 13F: Hldgs As Of Dec 31,Dow Jones Institutional News,1510,0
83,NKE,183,20130221,534,DJ Citadel Advisors 4Q 13F: Hldgs As Of Dec 31,Dow Jones Institutional News,1496,0
84,NKE,184,20130221,512,"After Oscar Pistorius, Rethink for Nike Marketing?",WSJ Live: Markets Hub,1383,1
85,NKE,185,20130221,748,DJ Pistorius to Face Murder Charges Friday,Dow Jones Chinese Financial Wire,418,0
86,NKE,186,20130221,501,The Big Business of Fairy Tales; Nike Takes Fire Again Over One of Its Athletes,The Wall Street Journal Online,38,0
87,NKE,187,20130220,1756,South African Runner Pistorius to Face Murder Charges Friday,Dow Jones Top Global Market Stories,387,0
88,NKE,188,20130220,1756,Pistorius Charged With One Count of Murder,Dow Jones Global Equities News,439,0
89,NKE,189,20130220,1821,World News: Club Reflects Rise of Brazilians,The Wall Street Journal (Europe Edition),354,0
90,NKE,190,20130220,1811,DJ The Vanguard Grp 4Q 13F: Hldgs As Of Dec 31,Dow Jones Institutional News,356,0
91,NKE,191,20130220,1811,Nike Inc Declares $0.21 Quarterly Dividend,Reuters Significant Developments,365,0
92,NKE,192,20130220,1835,Pistorius to Face Murder Charges Friday,Dow Jones Top News & Commentary,370,0
93,NKE,193,20130220,1835,WSJ BLOG: Corporate Sponsors Beware: How to Handle the Next Pistorius,Dow Jones News Service,361,0
94,NKE,194,20130220,1756,Corporate Sponsors Beware: How to Handle the Next Pistorius,WSJ Blogs,452,1
95,NKE,195,20130220,1720,Adidas' New Shoe to Challenge Nike's Flyknit,Dow Jones Global News Select,371,0
96,NKE,196,20130220,1705,UPDATE: Adidas' New Shoe to Challenge Nike's Flyknit,Dow Jones News Service,356,0
97,NKE,197,20130220,1705,Nike (NKE) Mkt On Close Buy Imbalance: Shrs 101600,Dow Jones News Service,371,0
98,NKE,198,20130220,1705,Under Armour Debuts Activity-Monitoring Device,Dow Jones Global News Select,381,0
99,NKE,199,20130220,1720,Nike Started at Neutral by Wedbush,Dow Jones Global Equities News,380,0
100,NKE,200,20130220,1545,Under Armour Unveils Activity-Monitoring Device,Dow Jones News Service,9,0
