,Ticker,Index,Date,Time,Headline,Source,NumWords,missing
1,NKE,1,20070628,NA,Business Brief:  Nike Inc.,The Wall Street Journal Asia,133,0
2,NKE,2,20070628,354,US Stocks To Watch Thursday,Dow Jones Chinese Financial Wire,121,0
3,NKE,3,20070627,752,DJ US Hot Stocks To Watch: NKE NUVO BAY SPEC TOPP -2-,Dow Jones Commodities Service,387,0
4,NKE,4,20070627,NA,Nike gets boost from growth in European sales,The Wall Street Journal Europe,221,0
5,NKE,5,20070627,NA,"Earnings Digest -- Apparel: Nike's Six Subsidiaries Power 32% Profit Jump --- Converse, Bauer Hockey And Golf Unit Are Hot; Big Gains in China",The Wall Street Journal,481,0
6,NKE,6,20070627,1856,"UPDATE:  Nike Shares Surge On Positive U.S., European Outlook",Dow Jones Business News,707,0
7,NKE,7,20070627,900,MARKET SNAPSHOT: U.S. Stocks To Open Lower Ahead Of FOMC,Dow Jones Business News,845,0
8,NKE,8,20070627,1245,STOCKS TO WATCH: Stocks In Focus For Wednesday,Dow Jones Business News,870,0
9,NKE,9,20070627,1428,DJ Hot Stocks: NKE,Dow Jones Chinese Financial Wire,29,0
10,NKE,10,20070627,2414,DJ Hot Stocks: NKE,Dow Jones Chinese Financial Wire,29,0
11,NKE,11,20070627,802,DJ Hot Stocks to Watch: NKE,Dow Jones Chinese Financial Wire,31,0
12,NKE,12,20070627,1744,"NYSE Issues, 4 pm Net Change Percentage Gainers & Losers",Dow Jones News Service,216,0
13,NKE,13,20070627,1143,"Nike Shares Surge On Positive U.S., European Outlook",Dow Jones News Service,702,0
14,NKE,14,20070626,1615,"NIKE, Inc. Reports Fiscal 2007 Earnings Per Share of $2.93; Revenue up 9 percent for the fiscal year and fourth quarter; Fourth quarter ea...",PR Newswire (U.S.),3076,0
15,NKE,15,20070626,931,"Seven Summits Research Releases Alerts on MCD, RIG, NKE, KR, and LEN",PR Newswire (U.S.),478,0
16,NKE,16,20070626,1758,"Nike still sees U.S. marketplace as ""growth engine""",Reuters News,95,0
17,NKE,17,20070626,1741,Nike sees fiscal '08 revenue at top end of target,Reuters News,87,0
18,NKE,18,20070626,1626,After the Bell- Nike shares rise after posting results,Reuters News,56,0
19,NKE,19,20070626,1759,"UPDATE 3- Nike beats Street, U.S. still ""growth engine""",Reuters News,682,0
20,NKE,20,20070626,NA,Today's Agenda / A preview of newsworthy events,The Wall Street Journal,135,0
21,NKE,21,20070626,NA,Financial Times Deutschland: Adidas to launch major advertising campaign in US (Adidas nutzt Fusball zum Angriff auf Rivalen  Nike).,Financial Times Deutschland,183,0
22,NKE,22,20070626,1745,"NIKE, Inc. Reports Fiscal 2007 Earnings Per Share of US$2.93",PR Newswire Europe,3179,0
23,NKE,23,20070626,1730,DJ UPDATE: LATE TRADING:  Nike Shares Up As 4Q Earnings Rise 32%,Dow Jones Commodities Service,643,0
24,NKE,24,20070626,1720,DJ LATE TRADING:  Nike Shares Up 4% As 4Q Earnings Rise 32%,Dow Jones Commodities Service,482,0
25,NKE,25,20070626,1730,"UPDATE:  Nike Profit Surges 32% On Gains In U.S., Europe",Dow Jones Business News,478,0
26,NKE,26,20070626,1916,=DJ Nike CFO: 2008 Rev Growth Near Top End Of Forecast >NKE,Dow Jones Chinese Financial Wire,521,0
27,NKE,27,20070626,1637,DJ Nike Inc. 4Q EPS 86c Vs EPS 64c >NKE,Dow Jones Chinese Financial Wire,120,0
28,NKE,28,20070626,1840,WSJ UPDATE:  Nike Gets Strong Support From Subsidiaries In 4Q,Dow Jones News Service,438,0
29,NKE,29,20070626,1736,Nike CFO: Sees '08 Rev Growth Near Top End Of Forecast,Dow Jones News Service,523,0
30,NKE,30,20070626,1640,"UPDATE:  Nike 4Q Net Up 32% On Domestic, European Growth",Dow Jones News Service,507,0
31,NKE,31,20070626,1616,Nike Inc. 4Q Gross Margin 43.8% Vs 43.8%,Dow Jones News Service,10,0
32,NKE,32,20070626,1615,"NIKE, Inc. Reports Fiscal 2007 EPS Of $2.93",Dow Jones News Service,112,0
33,NKE,33,20070626,2449,DOJ:29 Accused Of Smuggling $700M In Counterfeit Merchandise,Dow Jones News Service,220,0
34,NKE,34,20070623,NA,Earnings Digest Brief -- Yue Yuen Industrial: Profit Rises Slightly As Profit Margins Slip,The Wall Street Journal,207,0
35,NKE,35,20070622,NA,Founder of Oakley shows a fine eye for innovation.,Financial Times,518,0
36,NKE,36,20070622,417,2nd UPDATE: HK Yue Yuen Down On 1H Net Profit;Margin Concern,Dow Jones International News,554,0
37,NKE,37,20070622,1241,UPDATE:HK Yue Yuen Dn On Disappointing 1H Net;Margin Concern,Dow Jones International News,557,0
38,NKE,38,20070622,105,=DJ UPDATE:HK Yue Yuen Dn On Disappointing 1H Net;Margin Concern,Dow Jones Chinese Financial Wire,164,0
39,NKE,39,20070621,2107,DJ HK  Yue Yuen Industrial 1H Net Profit US$169.6M Vs US$168.3M,Dow Jones Chinese Financial Wire,247,0
40,NKE,40,20070621,NA,FT.com site : Oakley founder shows fine eye for innovation.,Financial Times (FT.Com),567,0
41,NKE,41,20070621,1943,HK  Yue Yuen Industrial 1H Net Profit US$169.6 Mln,Dow Jones International News,246,0
42,NKE,42,20070620,NA,HUMANE SOCIETY ASKS NIKE TO DROP VICK,The New York Times Abstracts,29,0
43,NKE,43,20070619,2307,CORRECTED - Canon tops list of climate-friendly companies,Reuters News,521,0
44,NKE,44,20070619,1356,Canon tops list of climate-friendly companies,Reuters News,511,0
45,NKE,45,20070619,1326,Reuters Summit-Callaway CEO not happy with low golf rates,Reuters News,391,0
46,NKE,46,20070619,NA,Tarnished brands make a clean break.,Financial Times,200,0
47,NKE,47,20070612,1302,William D. Perez of  Wm. Wrigley Jr. Company Appointed to Johnson & Johnson Board of Directors,PR Newswire (U.S.),330,0
48,NKE,48,20070611,NA,"Nike, Adidas tip off in NBA ad finals --- LeBron James gets big-star treatment; other stresses team",The Wall Street Journal Europe,788,0
49,NKE,49,20070610,2016,HK Yue Yuen May Operating Revenue US$366.5 Mln; Up 9%,Dow Jones International News,152,0
50,NKE,50,20070610,2039,DJ HK Yue Yuen May Operating Revenue US$366.5 Mln; Up 9%,Dow Jones Chinese Financial Wire,150,0
51,NKE,51,20070608,1047,"Seven Summits Research Releases Comments on ORCL, AMD, NYX, NKE, and CELG",PR Newswire (U.S.),456,0
52,NKE,52,20070608,902,"UPDATE 1-RESEARCH ALERT-BofA cuts  Nike,  Foot Locker to neutral",Reuters News,172,0
53,NKE,53,20070608,1622,THE RATINGS GAME:  Nike Shares Cut To Neutral On U.S. Demand Concern,Dow Jones Business News,399,0
54,NKE,54,20070608,2455,DJ Hot Stocks: NKE FL,Dow Jones Chinese Financial Wire,108,0
55,NKE,55,20070608,1124,DJ Hot Stocks: NKE,Dow Jones Chinese Financial Wire,107,0
56,NKE,56,20070606,1131,Revised:  Nike Reminds Fans 'We Are All Witnesses'; Introduces New Campaign Celebrating LeBron James' First Championship Series,PR Newswire (U.S.),643,0
57,NKE,57,20070606,NA,Looking Beyond  L. L. Bean,The New York Times,1117,0
58,NKE,58,20070605,1719,Nike Reminds Fans 'We Are All Witnesses'; Introduces New Campaign Celebrating LeBron James' First Championship Series,PR Newswire (U.S.),635,0
59,NKE,59,20070605,1544,Nike Golf and Golf Digest Team to Launch 'Tee It Up With Tiger Woods'; Finding The Right  Nike ONE Ball Can Lead to An Experience of a Lifetime,PR Newswire (U.S.),735,0
60,NKE,60,20070601,NA,"Nike Cites Efforts to Promote Labor, Environmental Issues",The Wall Street Journal,274,0
61,NKE,61,20070601,900,"NIKE, Inc. to Webcast Earnings and Conference Call",PR Newswire (U.S.),296,0
62,NKE,62,20070601,1849,NYSE Most Actives- Composite Trades,Dow Jones News Service,151,0
63,NKE,63,20070531,NA,Nike to strengthen efforts to combat worker abuse.,Financial Times,484,0
64,NKE,64,20070531,NA,Background.,Financial Times,79,0
65,NKE,65,20070531,1056,UPDATE:  Nike Vows To Change Labor Practices And Cut Waste,Dow Jones Business News,332,0
66,NKE,66,20070531,NA,"FRONT ROW: FROM NIKE, BEAT-UP CHIC",The New York Times Abstracts,45,0
67,NKE,67,20070531,1935,DIARY - Malaysia,Reuters News,1479,0
68,NKE,68,20070531,727,Nike to eliminate excess overtime for workers by 2011,Reuters News,135,0
69,NKE,69,20070531,700,Nike Sets Business Targets To Achieve Ambitious Corporate Responsibility Goals,PR Newswire Europe,784,0
70,NKE,70,20070531,700,Nike Sets Business Targets To Achieve Ambitious Corporate Responsibility Goals; Company more deeply integrates corporate responsibility ...,PR Newswire (U.S.),778,0
71,NKE,71,20070531,301,"Nike Sets Workers' Rights, Environmental Goals In Report",Dow Jones International News,378,0
72,NKE,72,20070530,NA,FT.com site : Nike to promote workers' rights.,Financial Times (FT.Com),476,0
73,NKE,73,20070530,1944,DIARY - Malaysia,Reuters News,1476,0
74,NKE,74,20070529,NA,Nike Tries to Catch Up to Trend,The Wall Street Journal,819,0
75,NKE,75,20070528,134,"India Gokaldas Exec:See Net, Rev Up At Least 16% This FY",Dow Jones International News,369,0
76,NKE,76,20070526,NA,Nike to resume football production in Pakistan.,Financial Times,413,0
77,NKE,77,20070525,NA,FT.com site : Nike to resume football production in Pakistan.,Financial Times (FT.Com),562,0
78,NKE,78,20070524,900,Nike Resumes Soccer Ball Production in Pakistan; Goal is to set new standards for workers' rights,PR Newswire (U.S.),928,0
79,NKE,79,20070524,900,Nike Resumes Soccer Ball Production in Pakistan,PR Newswire Europe,932,0
80,NKE,80,20070524,901,Nike Resumes Soccer Ball Production In Pakistan,Dow Jones News Service,173,0
81,NKE,81,20070524,NA,Foot Locker and  Nike form a team,The Wall Street Journal Asia,498,0
82,NKE,82,20070524,920,Nike says to resume soccer ball production in Pakistan,Reuters News,165,0
83,NKE,83,20070523,NA,Business Brief:  Nike Inc.,The Wall Street Journal Europe,116,0
84,NKE,84,20070523,NA,Nike in basketball stores rollout.,Financial Times,345,0
85,NKE,85,20070523,2416,=DJ  Nike Expands 'Hoops' Stores To Focus On Consumer,Dow Jones Chinese Financial Wire,513,0
86,NKE,86,20070523,NA,"Nike, Inc. and  Foot Locker, Inc. to Launch New Basketball Retail Experience",Reuters Significant Developments,90,0
87,NKE,87,20070523,NA,"Foot Locker, Inc. and  Nike, Inc. to Launch New Basketball Retail Experience",Reuters Significant Developments,90,0
88,NKE,88,20070523,NA,Foot Locker and Nike Form Their Own Team to Sell Shoes,The Wall Street Journal,596,0
89,NKE,89,20070522,944,Nike and Foot Locker team up on basketball stores,Reuters News,137,0
90,NKE,90,20070522,1318,UPDATE:  Nike Expands 'Hoops' Stores To Focus On Consumer,Dow Jones News Service,551,0
91,NKE,91,20070522,930,Nike and Foot Locker to Launch New Basketball Retail Experience,PR Newswire (U.S.),731,0
92,NKE,92,20070522,930,Nike And Foot Locker To Launch New Basketball Retail Experience,Dow Jones News Service,83,0
93,NKE,93,20070518,1523,Nike Revving Up Low-Profile Shoe Performance,Dow Jones News Service,859,0
94,NKE,94,20070514,NA,"Nike, Inc. Declares Quarterly Dividend",Reuters Significant Developments,65,0
95,NKE,95,20070514,905,NIKE Inc. news release,Reuters News,34,0
96,NKE,96,20070514,900,"NIKE, Inc. Declares Dividend",PR Newswire (U.S.),256,0
97,NKE,97,20070511,NA,Financial Times Deutschland: Adidas angered at plans of  Nike (Adidas-Chef wettert gegen Rivalen  Nike).,Financial Times Deutschland,134,0
98,NKE,98,20070510,2022,HK Yue Yuen April Operating Revenue Up 4.4% To US$347.3 Mln,Dow Jones International News,171,0
99,NKE,99,20070510,2125,DJ HK Yue Yuen April Operating Revenue Up 4.4% To US$347.3 Mln,Dow Jones Chinese Financial Wire,169,0
100,NKE,100,20070509,1115,"Seven Summits Research Releases Comments on TXN, DE, NKE, BHP, and AGN",PR Newswire (U.S.),456,0
