,Ticker,Index,Date,Time,Headline,Source,NumWords,missing
1,NKE,1,20130628,735,"MARKET PULSE-BlackBerry, Molycorp, Accenture, Calamp, Pfizer, Nike",Reuters News,693,0
2,NKE,2,20130628,NA,Corporate News: Strong Demand Lifts Nike's Profit --- Quarterly Earnings Climb 22% on Higher Sales of Shoes and Apparel; Future Orders Are Up 8%,The Wall Street Journal,733,0
3,NKE,3,20130627,1731,DJ US HOT STOCKS TO WATCH: NKE,Dow Jones Chinese Newswires English Content,753,0
4,NKE,4,20130627,1704,Nike in technology dash to reduce labour costs; PERSONAL GOODS,Financial Times,741,0
5,NKE,5,20130627,1704,"DJ MARKET TALK: With Nike Shares Pricey, Outlook Weighs a Little",Dow Jones Newswires,741,0
6,NKE,6,20130627,1922,"DJ MARKET TALK: With Nike Shares Pricey, Outlook Weighs a Little",Dow Jones Newswires,777,0
7,NKE,7,20130627,1725,"MARKET TALK: With Nike Shares Pricey, Outlook Weighs a Little",Dow Jones News Service,740,0
8,NKE,8,20130627,1922,"UPDATE 1-Nike profit rises, North American orders jump",Reuters News,786,0
9,NKE,9,20130627,1929,Ahead of the Tape,The Wall Street Journal,784,0
10,NKE,10,20130627,1907,"New blue! In a summer of change, Everton reveal 150g, recycled Nike kit",Mail Online,787,0
11,NKE,11,20130627,1725,Strong US sales boost Nike growth,Financial Times (FT.Com),749,0
12,NKE,12,20130627,1907,"DJ Nike 4th-Quarter Profit Up 22% Amid Stronger Sales, Margins",Dow Jones Chinese Newswires English Content,777,0
13,NKE,13,20130628,643,DJ Nike FY 2014 Earnings Expected to Rise by Double-Digit Rate,Dow Jones Chinese Newswires English Content,46,0
14,NKE,14,20130628,643,DJ Nike Projects China Sales to Stabilize in Second Half FY 2014,Dow Jones Chinese Newswires English Content,47,0
15,NKE,15,20130628,NA,DJ Nike Sees Lower China Revenue in First Half of New Fiscal Year,Dow Jones Chinese Newswires English Content,417,0
16,NKE,16,20130628,814,DJ Nike 4Q Rev $6.7B >NKE,Dow Jones Chinese Newswires English Content,711,0
17,NKE,17,20130628,814,DJ  Nike Sees Lower China Revenue in First Half of New Fiscal Year,Dow Jones Nachrichten auf Deutsch,702,0
18,NKE,18,20130628,814,DJ Nike 4Q Worldwide Futures Orders Up 8% >NKE,Dow Jones Nachrichten auf Deutsch,140,0
19,NKE,19,20130628,814,"Nike, Coach, Crocs, Deckers Outdoor, and Iconix Brand Under AAAResearchReports.com Microscope",PR Newswire (U.S.),131,0
20,NKE,20,20130627,1634,Nike Inc Issues FY 2014 EPS Guidance In Line With Analysts' Estiamtes-Conference Call,Reuters Significant Developments,402,0
21,NKE,21,20130627,NA,UPDATE: Nike 4th-Quarter Profit Up 22% as Sales Jump,Dow Jones Global News Select,414,0
22,NKE,22,20130626,2209,DJ MARKET TALK: Athletic Sector Sees Unusual COO Shuffle in Past Week,Dow Jones Newswires,413,0
23,NKE,23,20130626,1957,Barron's Blog:Emerging Markets Evening Roundup: Brazil's Millionaire Tax; Nike's Earnings,Dow Jones Institutional News,409,0
24,NKE,24,20130626,1758,DJ MARKET TALK: Nike's Order Growth Healthy Even as China Lags,Dow Jones Newswires,430,0
25,NKE,25,20130626,1813,DJ MARKET TALK: Athletic Sector Sees Unusual COO Shuffle in Past Week,Dow Jones Newswires,430,0
26,NKE,26,20130627,702,DJ Nike Files 8K - Operations And Financial Condition >NKE,Dow Jones Institutional News,458,0
27,NKE,27,20130627,NA,Barron's Blog:Nike Q4 Edges Out Street's View; Shares Gain 2% After Hours,Dow Jones Newswires,250,0
28,NKE,28,20130627,1908,DJ MARKET TALK: Gross Margin Expansion Bolsters Nike's F4Q,Dow Jones Newswires,406,0
29,NKE,29,20130627,1742,*DJ Nike 4Q Worldwide Futures Orders Up 8% >NKE,Dow Jones Newswires,406,0
30,NKE,30,20130627,1701,DJ Analyst Estimates for U.S. Earnings Thursday,Dow Jones Newswires,392,0
31,NKE,31,20130627,1701,MARKET TALK: Athletic Sector Sees Unusual COO Shuffle in Past Week,Dow Jones News Service,401,0
32,NKE,32,20130627,1646,MARKET TALK: Nike's Order Growth Healthy Even as China Lags,Dow Jones News Service,402,0
33,NKE,33,20130627,1742,MARKET TALK: Gross Margin Expansion Bolsters Nike's F4Q,Dow Jones News Service,407,0
34,NKE,34,20130627,1646,Analyst Estimates for U.S. Earnings Thursday,Dow Jones News Service,392,0
35,NKE,35,20130627,1743,"DJ MARKET TALK: Deutsche Touts Nike; Sidelines Lulu, Under Armour",Dow Jones Newswires,37,0
36,NKE,36,20130627,1743,"DJ MARKET TALK: Deutsche Touts Nike; Sidelines Lulu, Under Armour",Dow Jones Newswires,37,0
37,NKE,37,20130627,1742,"MARKET TALK: Deutsche Touts Nike; Sidelines Lulu, Under Armour",Dow Jones News Service,39,0
38,NKE,38,20130627,1742,DJ Nike Started at Buy by Deutsche Bank >NKE,Dow Jones Chinese Newswires English Content,39,0
39,NKE,39,20130627,1741,Adidas Brings Blades to Runners With Newest Shoe,Dow Jones Global News Select,37,0
40,NKE,40,20130627,1741,Barron's Blog:Analysts Weigh Nike's Prospects Ahead Of Earnings,Dow Jones Newswires,37,0
41,NKE,41,20130627,1741,DJ  Nike Brand Executive Denson to Retire in January,Dow Jones Chinese Newswires English Content,38,0
42,NKE,42,20130627,1741,DJ Nike Files 8K - Changes To Articles >NKE,Dow Jones Institutional News,38,0
43,NKE,43,20130627,1615,DJ Nike Files 8K - Changes Exec Mgmt >NKE,Dow Jones Institutional News,37,0
44,NKE,44,20130627,1615,DJ  Nike: Eric Sprunk to Become Operating Chief,Dow Jones Chinese Newswires English Content,37,0
45,NKE,45,20130627,1738,Nike Courts App Developers,The Wall Street Journal Digits,72,1
46,NKE,46,20130627,1615,"Business Technology: Nike Takes a Page From Apple's Playbook --- After Some Missteps in Electronics, Sportswear Giant Courts App Makers for Its FuelBand Digital Bracelet",The Wall Street Journal,137,0
47,NKE,47,20130627,1309,Nike Brand Executive Denson to Retire in January,Dow Jones Top North American Equities Stories,1074,0
48,NKE,48,20130627,NA,PRESS RELEASE: NIKE Announces Strategic Leadership Changes,Dow Jones Newswires,66,0
49,NKE,49,20130627,1732,DJ MARKET TALK: Higher Prices Again Help US Sports-Footwear Rev,Dow Jones Newswires,539,0
50,NKE,50,20130627,1732,DJ MARKET TALK: Higher Prices Again Help US Sports-Footwear Rev,Dow Jones Newswires,548,0
51,NKE,51,20130627,1717,MARKET TALK: Higher Prices Again Help US Sports-Footwear Rev,Dow Jones News Service,549,0
52,NKE,52,20130627,1646,UPDATE 2-Adidas sets new soccer sales goal in World Cup year,Reuters News,505,0
53,NKE,53,20130627,1717,Case study: Brand building requires innovation; Li-Ning lost out to foreign rivals in China,Financial Times,539,0
54,NKE,54,20130627,1659,Nike Air Max make a comeback: Trainers see huge growth in sales thanks to celebrity wearers and return of sportswear,Mail Online,135,0
55,NKE,55,20130627,1639,"PRESS RELEASE: NIKE, Inc. Announces Fourth Quarter Fiscal 2013 Earnings and Conference Call",Dow Jones Newswires,313,0
56,NKE,56,20130627,1639,Nike and Adidas adopt 3D printing,Financial Times,304,0
57,NKE,57,20130627,1630,New stamping ground for Nike and Adidas as 3D shoes kick off,Financial Times,137,0
58,NKE,58,20130627,1659,"PRESS RELEASE: Critical Alerts For Nike, Gilead Sciences, HollyFrontier, Brown-Forman, and IMAX Released By InvestorsObserver",Dow Jones Newswires,1432,0
59,NKE,59,20130627,1630,"UPDATE 2-Not just Bangladesh, garment makers pressured in Cambodia as well",Reuters News,1431,0
60,NKE,60,20130627,1623,"Critical Alerts For Nike, Gilead Sciences, HollyFrontier, Brown-Forman, and IMAX Released By InvestorsObserver",PR Newswire (U.S.),1426,0
61,NKE,61,20130627,1659,Under Armour Sees Annual Sales Doubling to $4 Billion by 2016,Dow Jones Global News Select,1423,0
62,NKE,62,20130627,1630,Under Armour Arrives on Global Stage,The Wall Street Journal Online,1422,0
63,NKE,63,20130627,1623,DJ Under Armour Arrives On Global Stage,Dow Jones Newswires,1417,0
64,NKE,64,20130627,1625,Fans likely to get shirty as Nike release three new England kits in less than a year,Mail Online,160,0
65,NKE,65,20130627,1623,Corporate News -- The Week Ahead: Under Armour Arrives on Global Stage,The Wall Street Journal,281,0
66,NKE,66,20130627,1623,Corporate Bonds Bite Back,The Wall Street Journal Asia,272,0
67,NKE,67,20130627,1623,"The Zacks Analyst Blog Highlights:Guess, Iconix Brand Group, Nike, Hanesbrands and Joes Jeans",PR Newswire (U.S.),119,0
68,NKE,68,20130627,1615,NIKE CHOOSES TO SEVER ITS TIES WITH LIVESTRONG,The New York Times Abstracts,4197,0
69,NKE,69,20130627,555,U.S. News: Nike Pares Livestrong Support,The Wall Street Journal,210,0
70,NKE,70,20130627,1659,Home From Vacation Hell; Newborn Rescued From Sewer Pipe; Oregon School Bomb Plot; You Can Lead A Pony To Liquor; Glass Ceiling Lifting?; Bieber's Need For Speed; Pacers Cool Off Heat; Nike Cuts Ties With Livestrong; Soda Shaq; Boston Strong At Fenway; Wrong Beauty Queen Crowned,CNN: Starting Point with Soledad O'Brien,126,0
71,NKE,71,20130627,1630,Apple's Cook Hints at Wearable Devices,Dow Jones Top North American Equities Stories,128,0
72,NKE,72,20130627,1623,Nike Chooses to Sever Its Ties With Livestrong,NYTimes.com Feed,110,0
73,NKE,73,20130627,555,Sport: Heard on the Pitch,The Wall Street Journal Europe,201,0
74,NKE,74,20130625,1331,DJ Apple's Cook Hints At Wearable Devices,Dow Jones Newswires,1382,0
75,NKE,75,20130625,1331,CAMBODIA: PROTEST AT FACTORY FOR NIKE,The New York Times Abstracts,1373,0
76,NKE,76,20130625,1331,UPDATE 4-Nike drops partnership with Lance Armstrong-founded charity,Reuters News,144,0
77,NKE,77,20130625,1331,Lance Armstrong-founded charity says Nike drops sponsorship,Reuters News,135,0
78,NKE,78,20130625,822,Cambodia: Protest at Factory for Nike,NYTimes.com Feed,19,0
79,NKE,79,20130624,1314,Nike Inc Pulls Plug on Livestrong Line-WSJ,Reuters Significant Developments,542,0
80,NKE,80,20130624,2410,Nike Cuts Back Ties To Livestrong Charity,The Wall Street Journal Online,481,0
81,NKE,81,20130624,2410,Nike Severs Ties with Armstrong's Livestrong Foundation,Dow Jones Top North American Equities Stories,472,0
82,NKE,82,20130620,2028,Livestrong Foundation: Nike Ends Partnership with Charity,Dow Jones Global News Select,368,0
83,NKE,83,20130620,2028,DJ UPDATE: Nike Severs Ties with Armstrong's Livestrong Foundation,Dow Jones Institutional News,369,0
84,NKE,84,20130620,1726,Livestrong Foundation: Nike Ends Partnership with Charity,Dow Jones Newswires,354,0
85,NKE,85,20130620,1751,Nike cuts ties from Lance Armstrong's Livestrong charity in latest blowback from his doping revelations,Mail Online,458,0
86,NKE,86,20130620,1736,POLICE BEAT STRIKING NIKE WORKERS WITH CATTLE PRODS,Daily Mail,459,0
87,NKE,87,20130620,1711,Pregnant worker at Nike factory in Cambodia loses her baby after police stunned her with CATTLE PRODS during protest against low pay,Mail Online,364,0
88,NKE,88,20130620,1726,DJ Foot Locker First-Quarter Net Up 7.8% on Same-Store Sales Growth,Dow Jones Newswires,363,0
89,NKE,89,20130620,1711,Rooney ready to take on Ireland at Wembley in new Nike strip even if it is 'just a shirt',Mail Online,352,0
90,NKE,90,20130620,1711,GoPro Signs On As Official Camera Of The 2013 SLS Nike SB World Tour,PR Newswire (U.S.),354,0
91,NKE,91,20130621,601,"DJ Nike Inc Cl B, Inst Holders, 1Q 2013 (NKE)",Dow Jones Newswires,368,0
92,NKE,92,20130621,601,Sky blue thinking: Manchester City officially launch £72m Nike deal with new kit,Mail Online,158,0
93,NKE,93,20130620,1634,Retailers Shun Deal on Card Fees,The Wall Street Journal Online,39,0
94,NKE,94,20130620,1633,DJ  BLOG: Inflation Deflated? Evaluating the 'Alibaba Index',Dow Jones Chinese Newswires English Content,44,0
95,NKE,95,20130620,1632,DJ Preston Agree Nike Deal,Dow Jones Newswires,42,0
96,NKE,96,20130620,1632,City ready to unveil new kit after starting £72m six-year deal with Nike in New York,Mail Online,37,0
97,NKE,97,20130620,NA,Drei Lions on the shirt! New England kit revealed but is Nike's first strip too German?,Mail Online,766,0
98,NKE,98,20130620,NA,NIKE bizarrely chose to launch [...]; SPORTS AGENDA ALWAYS OUT IN FRONT,Irish Daily Mail,948,0
99,NKE,99,20130619,2053,'Drei' Lions on the shirt! New England kit revealed by Wilshere on Twitter but is Nike's first strip too German?,Mail Online,926,0
100,NKE,100,20130619,1941,New England kit revealed! Wilshere is the first to show off new Nike strip on Twitter,Mail Online,965,0
