,Ticker,Index,Date,Time,Headline,Source,NumWords,missing
1,NKE,101,20131007,1230,DJ Trade Talks Run Long,Dow Jones Chinese Financial Wire,645,0
2,NKE,102,20131007,1230,"Nike, New Balance Showdown Highlights Trans-Pacific Trade Issues",Dow Jones Top North American Equities Stories,644,0
3,NKE,103,20131007,NA,Gunman shoots three people queuing to buy Nike trainers – and others stay in line waiting for store to open ,Mail Online,643,0
4,NKE,104,20131007,637,"DJ VP SLUSHER Registers 15,600 Of NIKE INC >NKE",Dow Jones Newswires,1063,0
5,NKE,105,20131007,1047,"DJ Nike, New Balance Showdown Highlights Trans-Pacific Trade Issues",Dow Jones Newswires,1063,0
6,NKE,106,20131004,2414,Retailers' Group Publishes List of Bangladeshi Factories; Publication Reflects Belief That Safety Problems Can Only Be Fixed Through Group...,The Wall Street Journal Online,1076,0
7,NKE,107,20131004,1611,"Consumer Goods Sector Announced Earnings Results, Partnerships, Anniversary Celebrations and Prestigious Awards - Research Report on Nike, Deckers, Steven Madden, Coty, and Crocs",PR Newswire (U.S.),1205,0
8,NKE,108,20131007,549,"DJ Dir SMITH Sells 36,000 Of NIKE INC >NKE",Dow Jones Newswires,308,0
9,NKE,109,20131004,2230,"JPMorgan Upgrades Under Armour, Says Run With Nike -- Barron's Blog",Dow Jones News Service,127,0
10,NKE,110,20131001,2227,Under Armour Shows Off its Basketball Moves; Shares Hit New High after Athletic Gear Maker Signs NBA Star in Push To Challenge Nike,The Wall Street Journal Online,128,0
11,NKE,111,20131004,1611,"Press Release: NIKE, Inc. to Host Investor Day on October 9, 2013",Dow Jones Newswires,1233,0
12,NKE,112,20131003,1103,"DJ JPMorgan Cheers On Nike, Under Armour -- Market Talk",Dow Jones Newswires,996,0
13,NKE,113,20131002,801,"DJ JPMorgan Cheers on Nike, Under Armour -- Market Talk",Dow Jones Newswires,1358,0
14,NKE,114,20131001,802,"DJ CFO BLAIR Sells 66,000 Of NIKE INC >NKE",Dow Jones Institutional News,1490,0
15,NKE,115,20131002,1900,"JPMorgan Cheers On Nike, Under Armour -- Market Talk",Dow Jones News Service,173,0
