,Ticker,Index,Date,Time,Headline,Source,NumWords,missing
1,NKE,1,20021231,NA,"Computer Associates International, Inc. (CA) Joint Venture and Nike Inc. Announce License and Viewer Distribution Agreement",Reuters Significant Developments,76,0
2,NKE,2,20021227,954,Delta Galil sees 2003 orders up from top customers.,Reuters News,155,0
3,NKE,3,20021226,NA,"Nike, Inc. Introduces A Line Of Sneakers For Racecar Drivers And Their Pit Crews",Reuters Significant Developments,103,0
4,NKE,4,20021226,NA,"Nike, Inc. And Fogdog Sports Enter Into A Strategic Relationship",Reuters Significant Developments,68,0
5,NKE,5,20021226,NA,"Nike, Inc. Introduces NIKEiD",Reuters Significant Developments,64,0
6,NKE,6,20021226,NA,"Nike, Inc. and Marchon Eyewear, Inc. Announce That They Have Entered Into An Agreement To Develop And Distribute Nike Sport Eyewear",Reuters Significant Developments,75,0
7,NKE,7,20021226,NA,"Nike, Inc. And Finish Line, Inc. Announce A Partnership",Reuters Significant Developments,79,0
8,NKE,8,20021226,NA,"Nike, Inc. Announces A New High-Tech Sports Gear Division",Reuters Significant Developments,31,0
9,NKE,9,20021224,NA,"Wal-Mart, Citigroup Decline, But Yahoo Deal Boosts Techs",The Wall Street Journal,808,0
10,NKE,10,20021223,NA,Briefs,The Asian Wall Street Journal,373,0
11,NKE,11,20021223,NA,Share Prices Rise On Key Overhaul Of Stock Research,The Asian Wall Street Journal,339,0
12,NKE,12,20021223,NA,Americans Are Warier of Stock-Market Investing,The Wall Street Journal,1448,0
13,NKE,13,20021220,1042,Foot Locker Shares Slide as Nike Trims Dependence,Dow Jones Business News,316,0
14,NKE,14,20021220,1651,U.S. stocks rally - bargain hunters buy after slide.,Reuters News,804,0
15,NKE,15,20021220,1535,U.S. stocks rise after recent slide.,Reuters News,576,0
16,NKE,16,20021220,1513,"UPDATE 1-Nike limits distribution deal,Foot Locker shrs off.",Reuters News,577,0
17,NKE,17,20021220,1412,"U.S. stocks rally as war fears ease, banks settle.",Reuters News,646,0
18,NKE,18,20021220,1350,U.S. hot stocks highlights - Dec. 20 (afternoon).,Reuters News,299,0
19,NKE,19,20021220,2428,Foot Locker shares down after Nike pullback in U.S.,Reuters News,280,0
20,NKE,20,20021220,2413,"U.S. stocks advance as GDP data, Greenspan help.",Reuters News,783,0
21,NKE,21,20021220,1142,"U.S. stocks advance - GDP data, Greenspan aid mood.",Reuters News,661,0
22,NKE,22,20021220,1140,"DTelekom, Daimler lift volatile German DAX.",Reuters News,708,0
23,NKE,23,20021220,1115,"U.S. stocks gain on economic data, Greenspan helps.",Reuters News,761,0
24,NKE,24,20021220,1021,U.S. stocks gain - Greenspan comments help mood.,Reuters News,683,0
25,NKE,25,20021220,1013,U.S. hot stocks highlights - Dec. 20 (morning).,Reuters News,449,0
26,NKE,26,20021220,926,"UPDATE 2-Before the Bell-Halliburton falls, Instinet gains.",Reuters News,295,0
27,NKE,27,20021220,910,"U.S. stocks set to rise at open, Greenspan helps.",Reuters News,678,0
28,NKE,28,20021220,908,"German shares up as ThyssenKrupp, BASF gain.",Reuters News,578,0
29,NKE,29,20021220,847,LME base metals deteriorate at mid-session.,Reuters News,446,0
30,NKE,30,20021220,803,U.S. stocks seen opening flat to higher.,Reuters News,604,0
31,NKE,31,20021220,716,HEADLINE STOCKS - U.S. stocks to watch on Dec. 20.,Reuters News,275,0
32,NKE,32,20021220,657,Wall St seen firmer - Nike to rise.,Reuters News,523,0
33,NKE,33,20021220,557,"RESEARCH ALERT-CSFB cuts Foot Locker to ""neutral"".",Reuters News,68,0
34,NKE,34,20021220,556,Germany's DAX gains as ThyssenKrupp jumps.,Reuters News,512,0
35,NKE,35,20021220,402,German DAX flat but triple-witching volatility high.,Reuters News,285,0
36,NKE,36,20021220,253,"German DAX seen up as SAP, Adidas gain.",Reuters News,464,0
37,NKE,37,20021220,211,European stocks - Factors to watch on December 20.,Reuters News,932,0
38,NKE,38,20021219,2009,UPDATE 2-Nike earnings jump 18 pct on global sales.,Reuters News,469,0
39,NKE,39,20021220,NA,Nike Net Jumps 19% on Foreign Sales,The Wall Street Journal,474,0
40,NKE,40,20021220,NA,"Nike, Inc. Confirms FY 2003 Guidance; Comments On Q3 and Q4 Guidance-DJ",Reuters Significant Developments,137,0
41,NKE,41,20021219,NA,PERSONAL COMPUTING: MP3 Devices Provide `Cool' With Your Music,The Wall Street Journal Europe,839,0
42,NKE,42,20021219,1802,Nike reports second quarter earnings per share up 19 percent - worldwide futures orders increase 2.4 percent.,PR Newswire Europe,1550,0
43,NKE,43,20021219,1725,Nike's 2nd-Quarter Net Rose 18% on 7.6% Revenue Increase,Dow Jones Business News,317,0
44,NKE,44,20021219,1735,NEWS WRAP: Nike 2Q Net Rose 18% on 7.6% Revenue Increase,Dow Jones News Service,311,0
45,NKE,45,20021219,1714,Nike: No Longer To Use Foot Locker For Elite Sneakers,Dow Jones News Service,2346,0
46,NKE,46,20021219,1617,Nike 2Q EPS 57c,Dow Jones News Service,415,0
47,NKE,47,20021219,1544,Nike Wants Shot At Reversal Of Commercial Speech Ruling,Dow Jones News Service,935,0
48,NKE,48,20021219,NA,"Anti-U.S. Views Unsettle Korea --- Trade Groups Aim to Quell Protests, Fearing Impact On Investment and Exports",The Asian Wall Street Journal,817,0
49,NKE,49,20021219,1857,"Nike backs FY profit view, sees Q3 shr flat.",Reuters News,118,0
50,NKE,50,20021219,1831,UPDATE 1-After the Bell-Nike gains as its earnings rise.,Reuters News,405,0
51,NKE,51,20021219,1703,UPDATE 1-Nike earnings jump 18 pct on global sales.,Reuters News,326,0
52,NKE,52,20021219,1629,Nike 2nd-qtr earnings rise on international sales.,Reuters News,132,0
53,NKE,53,20021219,711,DIARY-Today in U.S. Equities - Dec. 19.,Reuters News,538,0
54,NKE,54,20021219,109,"Japan Hot Stocks-Tokyo Electric Power, Trend Micro, Nippon Steel.",Reuters News,999,0
55,NKE,55,20021218,818,"Russia's Aeroflot To Change Image, Raise Ticket Prices",Dow Jones International News,327,0
56,NKE,56,20021218,1746,DIARY-U.S. Corporate earnings calendar Dec 19.,Reuters News,233,0
57,NKE,57,20021217,1346,UPDATE 1-Nike shares fall as Foot Locker cuts purchases.,Reuters News,322,0
58,NKE,58,20021217,1304,Nike shares fall as Foot Locker says to cut purchases.,Reuters News,221,0
59,NKE,59,20021212,1741,Nike Elevates 3 Apparel and Footwear General Managers to Vice Presidents,PR Newswire,487,0
60,NKE,60,20021212,107,Taiwan stocks end down - investment trusts dump techs.,Reuters News,434,0
61,NKE,61,20021211,1617,"NIKE, Inc. to Webcast Earnings Conference Call",PR Newswire,233,0
62,NKE,62,20021211,NA,It's Hard to Land Pair of Air Force 1s --- Nike Is Doling Out Retro-Chic Sneakers With Cult-Rap Following,The Asian Wall Street Journal,766,0
63,NKE,63,20021210,NA,WHEN NIKE SPEAKS,New York Times Abstracts,71,0
64,NKE,64,20021210,1815,Adidas strives to be strong No. 2 in U.S.,Reuters News,592,0
65,NKE,65,20021210,NA,"Why This Season's Hot Sneaker Is Nowhere to Be Found --- As Nelly Raps About Air Force I And Customers Clamor to Buy It, Nike Rations the...",The Wall Street Journal,1255,0
66,NKE,66,20021209,NA,LEADER - Protect free speech - A California court ruling threatens a vital principle.,Financial Times,515,0
67,NKE,67,20021207,NA,WORLD NEWS - Nike fights for the freedom to make mistakes.,Financial Times,765,0
68,NKE,68,20021206,1804,Sina/Nike -2: To Co-Develop Chinese Sports Channel,Dow Jones News Service,170,0
69,NKE,69,20021206,NA,Nike fights for the freedom to make mistakes.,Financial Times (FT.Com),733,0
70,NKE,70,20021204,1500,TIP SHEET: Saddle Rock Has A Lock On Retail Stocks,Dow Jones News Service,1112,0
71,NKE,71,20021203,NA,CREATIVE BUSINESS - Design's great leap forward Nike's big thing was inspired marketing.,Financial Times,1267,0
72,NKE,72,20021203,1014,GovernanceMetrics Debuts New Corporate Governance Ratings,Dow Jones News Service,1270,0
73,NKE,73,20021201,NA,A SNEAKER WITH 'OM',New York Times Abstracts,28,0
74,NKE,74,20021127,1456,UPDATE 1-New York police break up fake brand-name ring.,Reuters News,421,0
75,NKE,75,20021127,929,Undercover NY police break up fake brand name ring.,Reuters News,246,0
76,NKE,76,20021126,NA,Nike Lifts Quarterly Dividend 17%,The Wall Street Journal,73,0
77,NKE,77,20021126,1319,Nike Golf Gives Kids a Healthy Holiday Alternative,PR Newswire,724,0
78,NKE,78,20021125,1411,"CORRECT: FedEx, Not Nike, CFO Alan Graf To Join Nike Bd",Dow Jones News Service,44,0
79,NKE,79,20021125,901,Nike Increases Qtrly Div By 17 %,Dow Jones News Service,178,0
80,NKE,80,20021125,NA,NEW KIND OF CELEBRITY PROMOTER SAYS THE WORDS AND HAS HER SAY,New York Times Abstracts,120,0
81,NKE,81,20021125,914,TABLE-Nike raises dividend 17 percent.,Reuters News,47,0
82,NKE,82,20021125,900,Nike Increases Quarterly Dividend By 17 Percent,PR Newswire,479,0
83,NKE,83,20021122,1700,Many Cos Share Enron Trait: Related-Party Transactions,Dow Jones News Service,1334,0
84,NKE,84,20021121,1034,Foot Locker Sees Its Nike Sales Dn First 4-5 Mos Of 2003,Dow Jones News Service,612,0
85,NKE,85,20021121,NA,"Shush, Swoosh!",The Wall Street Journal,469,0
86,NKE,86,20021118,NA,E-COMMERCE REPORT,New York Times Abstracts,62,0
87,NKE,87,20021118,2400,Nike Golf and Earl Woods Host 'Kids Go Far' Rare Clinic for 100 L.A. Youth,PR Newswire,366,0
88,NKE,88,20021115,500,"More Than 40 Media Outlets, Corporations and Associations Join Nike, Inc. In Urging the U.S. Supreme Court to Reaffirm First Amendment...",PR Newswire,1027,0
89,NKE,89,20021114,1706,Holiday Bliss Ships From Nike Golf Next Week,PR Newswire,481,0
90,NKE,90,20021114,NA,Footstar Has Accounting Irregularity --- Accounts Payable at Unit Have Been Understated By as Much as $35 Million,The Wall Street Journal,677,0
91,NKE,91,20021114,2448,W. Buffett Reports New 3.2M Share Stake In Amer Standard,Dow Jones Corporate Filings Alert,1082,0
92,NKE,92,20021113,NA,K-Swiss's Plain Sneakers Gain As Gimmicks Lose Their Appeal,The Wall Street Journal,681,0
93,NKE,93,20021108,1400,TALES OF THE TAPE: K-Swiss CEO Rides The Retro Tide,Dow Jones News Service,1345,0
94,NKE,94,20021108,642,UPDATE 2-HK investors get wider choice as Esprit joins HSI.,Reuters News,664,0
95,NKE,95,20021108,NA,On Sports: The NBA's Shoeless Joes,The Wall Street Journal,834,0
96,NKE,96,20021107,700,THE SKEPTIC: Is Adidas-Salomon Running Into A Headwind?,Dow Jones International News,479,0
97,NKE,97,20021107,1402,UPDATE 4-Adidas headed for goal after solid third quarter.,Reuters News,685,0
98,NKE,98,20021107,200,HK Hot Stocks-Yue Yuen up on HSI inclusion hopes.,Reuters News,250,0
99,NKE,99,20021106,1631,LEGO Company and Nike Launch BIONICLE(TM) Shoe Partnership,PR Newswire,830,0
100,NKE,100,20021106,445,Tiger Woods and Nike Golf Have Something to Offer Every Golfer in the Family This Holiday,PR Newswire,999,0
